{
"type": "FeatureCollection",
"name": "land4528",
"crs": { "type": "name", "properties": { "name": "urn:ogc:def:crs:EPSG::4528" } },
"features": [
{ "type": "Feature", "properties": { "OBJECTID": 84, "DKBH": "ZC-CZ-B03-18", "YDDM": "R2", "DKMJ": 56466.9, "YDJRX": "A、B、S、G", "RJL": "≤2.5", "JZMD": "≤30%", "LDL": "≥30%", "JDCW": "0.6个/100㎡", "DTSTZB": " ", "CSSJZB": " ", "REMARK": " ", "PLANNAME": "江阴市中心城区主城控制性详细规划", "PLANDATE": "2014-05-10T00:00:00Z", "PLANUNIT": "江阴市城乡规划设计院", "PASSDATE": "2014-05-25T00:00:00Z", "STARTTIME": "2014-08-15T12:00:00Z", "FGUID": "a18fd65b-aa88-4e53-acbd-c387dd392335", "CADNAME": "01R2二类居住用地", "DXKJKF": " ", "YDXZ": "二类居住用地", "FTZMC": "ZC-CZ-B03-01-28.dwg", "JZGD": "/", "JC": "主城城中分区控规", "SHAPE_Length": 931.3023440434016, "SHAPE_Area": 56467.944882707969 }, "geometry": { "type": "MultiPolygon", "coordinates": [ [ [ [ 40522893.100000001490116, 3531664.837600000202656 ], [ 40522797.025799997150898, 3531637.090399999637157 ], [ 40522768.303400002419949, 3531653.71809999877587 ], [ 40522754.868600003421307, 3531708.595099999103695 ], [ 40522746.713200002908707, 3531727.189399999100715 ], [ 40522724.478200003504753, 3531818.012499999720603 ], [ 40522733.43, 3531833.573699999134988 ], [ 40522979.817900002002716, 3531906.194599999114871 ], [ 40522986.724399998784065, 3531902.18900000071153 ], [ 40523031.3799, 3531714.011199998669326 ], [ 40523022.338100001215935, 3531698.52 ], [ 40522932.5009, 3531672.574000000488013 ], [ 40522893.100000001490116, 3531664.837600000202656 ] ] ] ] } },
{ "type": "Feature", "properties": { "OBJECTID": 85, "DKBH": "ZC-CZ-B05-02", "YDDM": "R2", "DKMJ": 92724.9, "YDJRX": "A、B、S、G", "RJL": "≤3.0", "JZMD": "≤30%", "LDL": "≥30%", "JDCW": "0.8个/100㎡", "DTSTZB": " ", "CSSJZB": " ", "REMARK": " ", "PLANNAME": "江阴市中心城区主城控制性详细规划", "PLANDATE": "2014-05-10T00:00:00Z", "PLANUNIT": "江阴市城乡规划设计院", "PASSDATE": "2014-05-25T00:00:00Z", "STARTTIME": "2014-08-15T12:00:00Z", "FGUID": "d33a0660-c111-402e-a071-caed51166f95", "CADNAME": "01R2二类居住用地", "DXKJKF": " ", "YDXZ": "二类居住用地", "FTZMC": "ZC-CZ-B05-01-18.dwg", "JZGD": "/", "JC": "主城城中分区控规", "SHAPE_Length": 1230.5619120903891, "SHAPE_Area": 92726.585439602844 }, "geometry": { "type": "MultiPolygon", "coordinates": [ [ [ [ 40522974.036700002849102, 3531622.117299999110401 ], [ 40522989.098800003528595, 3531574.423599999397993 ], [ 40523065.981600001454353, 3531596.628200000151992 ], [ 40523138.018200002610683, 3531368.524099999573082 ], [ 40523131.313100002706051, 3531355.921500000171363 ], [ 40522916.456799998879433, 3531292.509999999310821 ], [ 40522886.6928, 3531287.374699998646975 ], [ 40522829.14639999717474, 3531270.390699999872595 ], [ 40522806.1268, 3531286.002399999648333 ], [ 40522800.69030000269413, 3531344.978900000918657 ], [ 40522793.293799996376038, 3531425.217799998819828 ], [ 40522793.107299998402596, 3531465.370599999558181 ], [ 40522783.9278, 3531564.949200000148267 ], [ 40522800.449199996888638, 3531589.157800000160933 ], [ 40522858.0938, 3531605.805999999400228 ], [ 40522876.337499998509884, 3531614.7182 ], [ 40522968.0119, 3531641.194799998775125 ], [ 40522974.036700002849102, 3531622.117299999110401 ] ] ] ] } },
{ "type": "Feature", "properties": { "OBJECTID": 86, "DKBH": "ZC-CZ-B05-04", "YDDM": "R2", "DKMJ": 50078.7, "YDJRX": "A、B、S、G", "RJL": "≤2.5", "JZMD": "≤30%", "LDL": "≥30%", "JDCW": "0.6个/100㎡", "DTSTZB": " ", "CSSJZB": " ", "REMARK": " ", "PLANNAME": "江阴市中心城区主城控制性详细规划", "PLANDATE": "2014-05-10T00:00:00Z", "PLANUNIT": "江阴市城乡规划设计院", "PASSDATE": "2014-05-25T00:00:00Z", "STARTTIME": "2014-08-15T12:00:00Z", "FGUID": "24c4ad8a-ab30-4e2b-8c7c-6ee81f0783c2", "CADNAME": "01R2二类居住用地", "DXKJKF": " ", "YDXZ": "二类居住用地", "FTZMC": "ZC-CZ-B05-01-18.dwg", "JZGD": "/", "JC": "主城城中分区控规", "SHAPE_Length": 893.33289246818993, "SHAPE_Area": 50079.598126003417 }, "geometry": { "type": "MultiPolygon", "coordinates": [ [ [ [ 40523319.556599996984005, 3531411.478899999056011 ], [ 40523165.847099997103214, 3531366.113899998832494 ], [ 40523153.4806, 3531372.693399999290705 ], [ 40523098.108400002121925, 3531548.0296 ], [ 40523332.746100001037121, 3531615.916299998760223 ], [ 40523360.4573, 3531623.933999999426305 ], [ 40523373.4001, 3531563.832 ], [ 40523376.294100001454353, 3531533.767099998425692 ], [ 40523393.135899998247623, 3531455.559100000653416 ], [ 40523379.661200001835823, 3531432.867200000211596 ], [ 40523337.747900001704693, 3531420.497099999338388 ], [ 40523319.556599996984005, 3531411.478899999056011 ] ] ] ] } },
{ "type": "Feature", "properties": { "OBJECTID": 345, "DKBH": "ZC-CZ-C06-07", "YDDM": "R2", "DKMJ": 2061.1, "YDJRX": "A、B、S、G", "RJL": "1.2-3.0", "JZMD": "≤30%", "LDL": "≥30%", "JDCW": "0.8个/100㎡", "DTSTZB": " ", "CSSJZB": " ", "REMARK": " ", "PLANNAME": "江阴市中心城区主城控制性详细规划", "PLANDATE": "2014-05-10T00:00:00Z", "PLANUNIT": "江阴市城乡规划设计院", "PASSDATE": "2014-05-25T00:00:00Z", "STARTTIME": "2014-08-15T12:00:00Z", "FGUID": "6d61505c-d1dc-4829-927c-c36d4bbafae7", "CADNAME": "01R2二类居住用地", "DXKJKF": " ", "YDXZ": "二类居住用地", "FTZMC": "ZC-CZ-C06-04-16.dwg", "JZGD": "/", "JC": "主城城中分区控规", "SHAPE_Length": 188.74830634596691, "SHAPE_Area": 2061.136772247688 }, "geometry": { "type": "MultiPolygon", "coordinates": [ [ [ [ 40524347.3596, 3531543.597199999727309 ], [ 40524299.3358, 3531533.91109999967739 ], [ 40524290.539700001478195, 3531568.069299998693168 ], [ 40524317.4481, 3531574.712999999523163 ], [ 40524320.401, 3531584.267699999734759 ], [ 40524342.6382, 3531586.526300000492483 ], [ 40524347.269599996507168, 3531549.793 ], [ 40524346.0321, 3531549.589999999850988 ], [ 40524347.3596, 3531543.597199999727309 ] ] ] ] } },
{ "type": "Feature", "properties": { "OBJECTID": 346, "DKBH": "ZC-CZ-C06-03", "YDDM": "R2", "DKMJ": 22687.5, "YDJRX": "A、B、S、G", "RJL": "≤1.5", "JZMD": "≤30%", "LDL": "≥30%", "JDCW": "0.5个/100㎡", "DTSTZB": " ", "CSSJZB": " ", "REMARK": " ", "PLANNAME": "江阴市中心城区主城控制性详细规划", "PLANDATE": "2014-05-10T00:00:00Z", "PLANUNIT": "江阴市城乡规划设计院", "PASSDATE": "2014-05-25T00:00:00Z", "STARTTIME": "2014-08-15T12:00:00Z", "FGUID": "1da5b85e-2938-46ad-9e55-e4a6270728b6", "CADNAME": "01R2二类居住用地", "DXKJKF": " ", "YDXZ": "二类居住用地", "FTZMC": "ZC-CZ-C06-01-03.dwg", "JZGD": "/", "JC": "主城城中分区控规", "SHAPE_Length": 691.03389813071294, "SHAPE_Area": 22685.449605038186 }, "geometry": { "type": "MultiPolygon", "coordinates": [ [ [ [ 40524219.2364, 3531671.3827 ], [ 40524220.326399996876717, 3531667.932499999646097 ], [ 40524232.940700002014637, 3531671.225599999073893 ], [ 40524275.98030000180006, 3531503.916199999861419 ], [ 40524280.706500001251698, 3531485.121299999766052 ], [ 40524284.678000003099442, 3531466.152499998919666 ], [ 40524285.0748, 3531445.549199999775738 ], [ 40524257.8376, 3531440.793899999465793 ], [ 40524262.31360000371933, 3531422.884799999650568 ], [ 40524251.6409, 3531420.500899999868125 ], [ 40524231.907499998807907, 3531421.5175 ], [ 40524229.055600002408028, 3531434.2144 ], [ 40524204.199199996888638, 3531433.134199999272823 ], [ 40524202.910800002515316, 3531447.985299999825656 ], [ 40524176.973399996757507, 3531446.947899999562651 ], [ 40524173.479000002145767, 3531492.397499999497086 ], [ 40524159.9705, 3531588.265299999155104 ], [ 40524146.149899996817112, 3531654.145399999339134 ], [ 40524186.3262, 3531663.501000000163913 ], [ 40524185.980099998414516, 3531664.627400000113994 ], [ 40524203.4863, 3531668.74239999987185 ], [ 40524203.616099998354912, 3531668.142600000835955 ], [ 40524219.2364, 3531671.3827 ] ] ] ] } },
{ "type": "Feature", "properties": { "OBJECTID": 371, "DKBH": "ZC-CZ-A05-72", "YDDM": "R2", "DKMJ": 180244.9, "YDJRX": "A、B、S、G", "RJL": "≤3.0", "JZMD": "≤30%", "LDL": "≥30%", "JDCW": "0.6个/100㎡", "DTSTZB": " ", "CSSJZB": " ", "REMARK": " ", "PLANNAME": "江阴市中心城区主城控制性详细规划", "PLANDATE": "2014-05-10T00:00:00Z", "PLANUNIT": "江阴市城乡规划设计院", "PASSDATE": "2014-05-25T00:00:00Z", "STARTTIME": "2014-08-15T12:00:00Z", "FGUID": "83f8339a-493a-40c1-b294-4b9426aaa9b1", "CADNAME": "01R2二类居住用地", "DXKJKF": " ", "YDXZ": "二类居住用地", "FTZMC": "ZC-CZ-A05-46-74.dwg", "JZGD": "/", "JC": "主城城中分区控规", "SHAPE_Length": 1735.8604660480728, "SHAPE_Area": 180253.83314396991 }, "geometry": { "type": "MultiPolygon", "coordinates": [ [ [ [ 40521238.038199998438358, 3529315.386599999386817 ], [ 40521278.1122, 3529312.866099998820573 ], [ 40521378.707099996507168, 3529315.3273 ], [ 40521388.6074, 3529305.963100000284612 ], [ 40521395.896300002932549, 3529175.130399999208748 ], [ 40521395.8288, 3529170.276999999769032 ], [ 40521395.090400002896786, 3529165.479599999729544 ], [ 40521393.695299997925758, 3529160.830499999690801 ], [ 40521391.670699998736382, 3529156.419200000818819 ], [ 40521389.055100001394749, 3529152.330299999099225 ], [ 40521356.544699996709824, 3529108.526200000196695 ], [ 40521350.286300003528595, 3529099.509599999524653 ], [ 40521344.612400002777576, 3529090.114299999084324 ], [ 40521339.545500002801418, 3529080.378099999856204 ], [ 40521335.106200002133846, 3529070.340199999511242 ], [ 40521331.312399998307228, 3529060.041000000201166 ], [ 40521328.179200001060963, 3529049.521999999880791 ], [ 40521325.719499997794628, 3529038.825400000903755 ], [ 40521323.943000003695488, 3529027.994399998802692 ], [ 40521322.856799997389317, 3529017.072499999310821 ], [ 40521322.465400002896786, 3529006.103799998760223 ], [ 40521322.7703, 3528995.132299999706447 ], [ 40521322.7883, 3528994.7829 ], [ 40521323.6012, 3528980.151200000196695 ], [ 40520840.9533, 3528964.607599999755621 ], [ 40520826.218500003218651, 3529305.310799999628216 ], [ 40521238.038199998438358, 3529315.386599999386817 ] ] ] ] } },
{ "type": "Feature", "properties": { "OBJECTID": 373, "DKBH": "ZC-CZ-B05-63", "YDDM": "R2", "DKMJ": 36594.0, "YDJRX": "A、B、S、G", "RJL": "1.2-3.0", "JZMD": "≤30%", "LDL": "≥30%", "JDCW": "0.5个/100㎡", "DTSTZB": " ", "CSSJZB": " ", "REMARK": " ", "PLANNAME": "江阴市中心城区主城控制性详细规划", "PLANDATE": "2014-05-10T00:00:00Z", "PLANUNIT": "江阴市城乡规划设计院", "PASSDATE": "2014-05-25T00:00:00Z", "STARTTIME": "2014-08-15T12:00:00Z", "FGUID": "b667b434-5248-405a-a91f-031dccd4ae7d", "CADNAME": "01R2二类居住用地", "DXKJKF": " ", "YDXZ": "二类居住用地", "FTZMC": "ZC-CZ-B05-53-73.dwg", "JZGD": "/", "JC": "主城城中分区控规", "SHAPE_Length": 737.75622036754748, "SHAPE_Area": 36594.662870895678 }, "geometry": { "type": "MultiPolygon", "coordinates": [ [ [ [ 40523727.453199997544289, 3530285.237299999687821 ], [ 40523560.10980000346899, 3530260.808799998834729 ], [ 40523536.0968, 3530282.4616 ], [ 40523538.5968, 3530342.410000000149012 ], [ 40523535.93299999833107, 3530362.5387 ], [ 40523539.008000001311302, 3530436.277000000700355 ], [ 40523549.530599996447563, 3530448.100599999539554 ], [ 40523577.945600003004074, 3530452.627499999012798 ], [ 40523597.146200001239777, 3530459.230699999723583 ], [ 40523712.6131, 3530477.62599999923259 ], [ 40523718.9324000030756, 3530472.905399999581277 ], [ 40523734.4041, 3530354.21360000083223 ], [ 40523734.164899997413158, 3530328.970799999777228 ], [ 40523738.04280000180006, 3530299.222199999261647 ], [ 40523727.453199997544289, 3530285.237299999687821 ] ] ] ] } },
{ "type": "Feature", "properties": { "OBJECTID": 377, "DKBH": "ZC-CZ-A05-32", "YDDM": "R2", "DKMJ": 18395.4, "YDJRX": "A、B、S、G", "RJL": "1.5-3.5", "JZMD": "≤30%", "LDL": "≥25%", "JDCW": "0.8个/100㎡", "DTSTZB": " ", "CSSJZB": " ", "REMARK": " ", "PLANNAME": "江阴市中心城区主城控制性详细规划", "PLANDATE": "2014-05-10T00:00:00Z", "PLANUNIT": "江阴市城乡规划设计院", "PASSDATE": "2014-05-25T00:00:00Z", "STARTTIME": "2014-08-15T12:00:00Z", "FGUID": "498141f8-d78e-4b63-81fa-c8251accc975", "CADNAME": "01R2二类居住用地", "DXKJKF": " ", "YDXZ": "二类居住用地", "FTZMC": "ZC-CZ-A05-25-45.dwg", "JZGD": "/", "JC": "主城城中分区控规", "SHAPE_Length": 544.28967432958734, "SHAPE_Area": 18395.71272042975 }, "geometry": { "type": "MultiPolygon", "coordinates": [ [ [ [ 40520491.898000001907349, 3530004.825599999632686 ], [ 40520512.441299997270107, 3529985.508399999234825 ], [ 40520514.1216000020504, 3529924.931100000161678 ], [ 40520518.166199997067451, 3529905.3443 ], [ 40520518.514899998903275, 3529892.774199998937547 ], [ 40520347.199199996888638, 3529888.02240000013262 ], [ 40520347.199100002646446, 3529900.144899998791516 ], [ 40520350.6989, 3529930.14519999967888 ], [ 40520350.698299996554852, 3529993.647599999792874 ], [ 40520360.602399997413158, 3530003.891999999526888 ], [ 40520385.218599997460842, 3530004.723600000608712 ], [ 40520415.319899998605251, 3530002.238599998876452 ], [ 40520491.898000001907349, 3530004.825599999632686 ] ] ] ] } },
{ "type": "Feature", "properties": { "OBJECTID": 378, "DKBH": "ZC-CZ-A05-28", "YDDM": "R2", "DKMJ": 19050.4, "YDJRX": "A、B、S、G", "RJL": "1.2-2.5", "JZMD": "≤30%", "LDL": "≥25%", "JDCW": "0.8个/100㎡", "DTSTZB": " ", "CSSJZB": " ", "REMARK": " ", "PLANNAME": "江阴市中心城区主城控制性详细规划", "PLANDATE": "2014-05-10T00:00:00Z", "PLANUNIT": "江阴市城乡规划设计院", "PASSDATE": "2014-05-25T00:00:00Z", "STARTTIME": "2014-08-15T12:00:00Z", "FGUID": "3beff22a-1004-41c6-9301-e49a13acf5d8", "CADNAME": "01R2二类居住用地", "DXKJKF": " ", "YDXZ": "二类居住用地", "FTZMC": "ZC-CZ-A05-25-45.dwg", "JZGD": "/", "JC": "主城城中分区控规", "SHAPE_Length": 669.19043139939981, "SHAPE_Area": 19059.005788679311 }, "geometry": { "type": "MultiPolygon", "coordinates": [ [ [ [ 40519999.959200002253056, 3529658.295300000812858 ], [ 40519996.058399997651577, 3529658.74519999884069 ], [ 40519986.340999998152256, 3529660.133600000292063 ], [ 40519976.684600003063679, 3529661.896099998615682 ], [ 40519955.2637, 3529666.535000000149012 ], [ 40519933.7637, 3529670.793299999088049 ], [ 40519904.9863, 3529675.876899998635054 ], [ 40519876.096699997782707, 3529680.278999998699874 ], [ 40519847.111199997365475, 3529683.996899999212474 ], [ 40519839.0779, 3529684.935399999376386 ], [ 40519838.091899998486042, 3529739.419499999843538 ], [ 40519849.823700003325939, 3529751.633899999316782 ], [ 40519894.813100002706051, 3529752.632699998561293 ], [ 40519919.729500003159046, 3529756.6869 ], [ 40520123.196099996566772, 3529761.204400000628084 ], [ 40520114.266099996864796, 3529753.6214 ], [ 40520104.910300001502037, 3529746.570299999322742 ], [ 40520082.9446, 3529731.201400000136346 ], [ 40520068.213299997150898, 3529720.117999999318272 ], [ 40520053.82490000128746, 3529708.593100000172853 ], [ 40520039.792599998414516, 3529696.636999999638647 ], [ 40520026.129100002348423, 3529684.261099999304861 ], [ 40520012.8473, 3529671.476600000169128 ], [ 40519999.959200002253056, 3529658.295300000812858 ] ] ] ] } },
{ "type": "Feature", "properties": { "OBJECTID": 382, "DKBH": "ZC-CZ-C06-06", "YDDM": "R2", "DKMJ": 11207.9, "YDJRX": "A、B、S、G", "RJL": "1.2-5.5", "JZMD": "≤35%", "LDL": "≥30%", "JDCW": "0.6个/100㎡", "DTSTZB": " ", "CSSJZB": " ", "REMARK": " ", "PLANNAME": "江阴市中心城区主城控制性详细规划", "PLANDATE": "2014-05-10T00:00:00Z", "PLANUNIT": "江阴市城乡规划设计院", "PASSDATE": "2014-05-25T00:00:00Z", "STARTTIME": "2014-08-15T12:00:00Z", "FGUID": "8b7e7b2f-8a74-4a81-810d-ab6b1b78e520", "CADNAME": "01R2二类居住用地", "DXKJKF": " ", "YDXZ": "二类居住用地", "FTZMC": "ZC-CZ-C06-04-16.dwg", "JZGD": "/", "JC": "主城城中分区控规", "SHAPE_Length": 522.17602580373773, "SHAPE_Area": 11208.050831418554 }, "geometry": { "type": "MultiPolygon", "coordinates": [ [ [ [ 40524464.256399996578693, 3531752.840800000354648 ], [ 40524260.00450000166893, 3531700.483100000303239 ], [ 40524249.736100003123283, 3531740.356599999126047 ], [ 40524258.377499997615814, 3531754.973600000143051 ], [ 40524382.700400002300739, 3531786.842499998863786 ], [ 40524412.505999997258186, 3531791.385799999814481 ], [ 40524451.374899998307228, 3531801.349199999589473 ], [ 40524463.394500002264977, 3531792.335400000214577 ], [ 40524464.551399998366833, 3531757.254499998874962 ], [ 40524464.256399996578693, 3531752.840800000354648 ] ] ] ] } },
{ "type": "Feature", "properties": { "OBJECTID": 419, "DKBH": "ZC-CZ-A05-67", "YDDM": "R2", "DKMJ": 59212.0, "YDJRX": "A、B、S、G", "RJL": "1.5-3.5", "JZMD": "≤30%", "LDL": "≥30%", "JDCW": "0.6个/100㎡", "DTSTZB": " ", "CSSJZB": " ", "REMARK": " ", "PLANNAME": "江阴市中心城区主城控制性详细规划", "PLANDATE": "2014-05-10T00:00:00Z", "PLANUNIT": "江阴市城乡规划设计院", "PASSDATE": "2014-05-25T00:00:00Z", "STARTTIME": "2014-08-15T12:00:00Z", "FGUID": "bf9cc29c-fa80-4d8a-be65-280b1ac9c004", "CADNAME": "01R2二类居住用地", "DXKJKF": " ", "YDXZ": "二类居住用地", "FTZMC": "ZC-CZ-A05-46-74.dwg", "JZGD": "/", "JC": "主城城中分区控规", "SHAPE_Length": 1191.7785809835423, "SHAPE_Area": 59213.118132555661 }, "geometry": { "type": "MultiPolygon", "coordinates": [ [ [ [ 40520763.798, 3529288.779200000222772 ], [ 40520770.518399998545647, 3528947.328599999193102 ], [ 40520603.410899996757507, 3528941.946899999864399 ], [ 40520588.418399997055531, 3528941.46390000032261 ], [ 40520587.717799998819828, 3528966.720799999777228 ], [ 40520653.244400002062321, 3528968.53830000013113 ], [ 40520651.0253000035882, 3529048.538199999835342 ], [ 40520585.506899997591972, 3529046.428300000261515 ], [ 40520583.169, 3529130.719999999273568 ], [ 40520585.5585, 3529170.802000000607222 ], [ 40520582.785899996757507, 3529270.764499998651445 ], [ 40520607.1651, 3529296.4504 ], [ 40520660.639799997210503, 3529297.758799999486655 ], [ 40520680.548299998044968, 3529301.746799999848008 ], [ 40520763.502899996936321, 3529303.776499999221414 ], [ 40520763.798, 3529288.779200000222772 ] ] ] ] } },
{ "type": "Feature", "properties": { "OBJECTID": 421, "DKBH": "ZC-CZ-A05-43", "YDDM": "R2", "DKMJ": 139983.3, "YDJRX": "A、B、S、G", "RJL": "1.2-2.8", "JZMD": "≤30%", "LDL": "≥30%", "JDCW": "0.6个/100㎡", "DTSTZB": " ", "CSSJZB": " ", "REMARK": " ", "PLANNAME": "江阴市中心城区主城控制性详细规划", "PLANDATE": "2014-05-10T00:00:00Z", "PLANUNIT": "江阴市城乡规划设计院", "PASSDATE": "2014-05-25T00:00:00Z", "STARTTIME": "2014-08-15T12:00:00Z", "FGUID": "034f1ab5-607b-4301-b8f3-6bd6ba9502b7", "CADNAME": "01R2二类居住用地", "DXKJKF": " ", "YDXZ": "二类居住用地", "FTZMC": "ZC-CZ-A05-25-45.dwg", "JZGD": "/", "JC": "主城城中分区控规", "SHAPE_Length": 2614.3449718041161, "SHAPE_Area": 139985.85462085684 }, "geometry": { "type": "MultiPolygon", "coordinates": [ [ [ [ 40520541.5115, 3529189.905299999285489 ], [ 40520547.021799996495247, 3528991.249699999578297 ], [ 40520548.365199998021126, 3528942.813799999188632 ], [ 40520545.80120000243187, 3528940.0916 ], [ 40520533.445699997246265, 3528939.693700000178069 ], [ 40519850.177100002765656, 3528917.688599999528378 ], [ 40519848.6677, 3528968.572300000116229 ], [ 40519844.919699996709824, 3529171.410499999765307 ], [ 40519847.8649, 3529201.470199999865144 ], [ 40519846.821000002324581, 3529257.9611 ], [ 40519866.328599996864796, 3529278.324899999890476 ], [ 40519926.3112, 3529279.792399999685585 ], [ 40519946.219700001180172, 3529283.780599999707192 ], [ 40520050.5312, 3529286.332599999848753 ], [ 40520057.158699996769428, 3529015.45219999877736 ], [ 40520462.6237, 3529025.007499999832362 ], [ 40520456.072899997234344, 3529292.753699999768287 ], [ 40520510.1925999969244, 3529294.0778 ], [ 40520535.7949, 3529269.778199999127537 ], [ 40520537.458400003612041, 3529209.800800000317395 ], [ 40520541.5115, 3529189.905299999285489 ] ] ] ] } },
{ "type": "Feature", "properties": { "OBJECTID": 422, "DKBH": "ZC-CZ-A05-23", "YDDM": "R2", "DKMJ": 87612.8, "YDJRX": "A、B、S、G", "RJL": "1.5-3.5", "JZMD": "≤30%", "LDL": "≥30%", "JDCW": "0.6个/100㎡", "DTSTZB": " ", "CSSJZB": " ", "REMARK": " ", "PLANNAME": "江阴市中心城区主城控制性详细规划", "PLANDATE": "2014-05-10T00:00:00Z", "PLANUNIT": "江阴市城乡规划设计院", "PASSDATE": "2014-05-25T00:00:00Z", "STARTTIME": "2014-08-15T12:00:00Z", "FGUID": "36b02366-685d-435d-9f71-b69f97eea803", "CADNAME": "01R2二类居住用地", "DXKJKF": " ", "YDXZ": "二类居住用地", "FTZMC": "ZC-CZ-A05-01-24.dwg", "JZGD": "/", "JC": "主城城中分区控规", "SHAPE_Length": 1137.9329620414173, "SHAPE_Area": 87614.408096365398 }, "geometry": { "type": "MultiPolygon", "coordinates": [ [ [ [ 40519685.294100001454353, 3529277.396599999628961 ], [ 40519715.371, 3529274.631399999838322 ], [ 40519795.347800001502037, 3529276.58809999935329 ], [ 40519815.833700001239777, 3529256.963499999605119 ], [ 40519816.600699998438358, 3529215.470299999695271 ], [ 40519820.469499997794628, 3529195.5381 ], [ 40519822.666000001132488, 3529076.6692999987863 ], [ 40519819.6283999979496, 3529051.6086 ], [ 40519820.67230000346899, 3528995.11809999961406 ], [ 40519809.060400001704693, 3528982.90250000031665 ], [ 40519764.083400003612041, 3528981.454099999275059 ], [ 40519739.208800002932549, 3528977.1511 ], [ 40519634.604500003159046, 3528973.7824 ], [ 40519604.507200002670288, 3528976.315000000409782 ], [ 40519544.537699997425079, 3528974.3835 ], [ 40519526.9934, 3528991.048099999781698 ], [ 40519525.907300002872944, 3529047.537799999117851 ], [ 40519522.023500002920628, 3529067.467199999839067 ], [ 40519520.6681, 3529137.962000000290573 ], [ 40519523.590899996459484, 3529168.024099999573082 ], [ 40519522.053099997341633, 3529248.009999999310821 ], [ 40519543.511100001633167, 3529270.42659999942407 ], [ 40519599.994800001382828, 3529271.808700000401586 ], [ 40519619.903399996459484, 3529275.796699998900294 ], [ 40519685.294100001454353, 3529277.396599999628961 ] ] ] ] } },
{ "type": "Feature", "properties": { "OBJECTID": 425, "DKBH": "ZC-CZ-B05-16", "YDDM": "R2", "DKMJ": 15314.0, "YDJRX": "A、B、S、G", "RJL": "≤2.5", "JZMD": "≤30%", "LDL": "≥30%", "JDCW": "0.8个/100㎡", "DTSTZB": " ", "CSSJZB": " ", "REMARK": " ", "PLANNAME": "江阴市中心城区主城控制性详细规划", "PLANDATE": "2014-05-10T00:00:00Z", "PLANUNIT": "江阴市城乡规划设计院", "PASSDATE": "2014-05-25T00:00:00Z", "STARTTIME": "2014-08-15T12:00:00Z", "FGUID": "e0e60e9c-66a0-43ce-ad20-ddeab3dd3180", "CADNAME": "01R2二类居住用地", "DXKJKF": " ", "YDXZ": "二类居住用地", "FTZMC": "ZC-CZ-B05-01-18.dwg", "JZGD": "/", "JC": "主城城中分区控规", "SHAPE_Length": 491.26956842391678, "SHAPE_Area": 15314.250440068394 }, "geometry": { "type": "MultiPolygon", "coordinates": [ [ [ [ 40523342.241099998354912, 3530644.156 ], [ 40523224.534999996423721, 3530598.623799999710172 ], [ 40523208.886200003325939, 3530609.27280000038445 ], [ 40523208.0233, 3530738.632800000254065 ], [ 40523297.165, 3530760.685099999886006 ], [ 40523342.241099998354912, 3530644.156 ] ] ] ] } },
{ "type": "Feature", "properties": { "OBJECTID": 426, "DKBH": "ZC-CZ-A04-48", "YDDM": "R2", "DKMJ": 27227.1, "YDJRX": "A、B、S、G", "RJL": "1.5-3.5", "JZMD": "≤30%", "LDL": "≥30%", "JDCW": "0.8个/100㎡", "DTSTZB": " ", "CSSJZB": " ", "REMARK": " ", "PLANNAME": "江阴市中心城区主城控制性详细规划", "PLANDATE": "2014-05-10T00:00:00Z", "PLANUNIT": "江阴市城乡规划设计院", "PASSDATE": "2014-05-25T00:00:00Z", "STARTTIME": "2014-08-15T12:00:00Z", "FGUID": "6cc0318d-c1c0-4c9f-a47b-bd2a76fda10e", "CADNAME": "01R2二类居住用地", "DXKJKF": " ", "YDXZ": "二类居住用地", "FTZMC": "ZC-CZ-A04-37-70.dwg", "JZGD": "/", "JC": "主城城中分区控规", "SHAPE_Length": 657.66092493797532, "SHAPE_Area": 27227.62945026482 }, "geometry": { "type": "MultiPolygon", "coordinates": [ [ [ [ 40521136.346600003540516, 3530767.621600000187755 ], [ 40520978.4106, 3530756.493899999652058 ], [ 40520965.264399997889996, 3530923.059299999848008 ], [ 40521131.9212, 3530931.203299999237061 ], [ 40521140.5238, 3530772.353899999521673 ], [ 40521136.346600003540516, 3530767.621600000187755 ] ] ] ] } },
{ "type": "Feature", "properties": { "OBJECTID": 429, "DKBH": "ZC-CZ-A05-46", "YDDM": "R2", "DKMJ": 82760.3, "YDJRX": "A、B、S、G", "RJL": "1.2-3.0", "JZMD": "≤30%", "LDL": "≥30%", "JDCW": "0.8个/100㎡", "DTSTZB": " ", "CSSJZB": " ", "REMARK": " ", "PLANNAME": "江阴市中心城区主城控制性详细规划", "PLANDATE": "2014-05-10T00:00:00Z", "PLANUNIT": "江阴市城乡规划设计院", "PASSDATE": "2014-05-25T00:00:00Z", "STARTTIME": "2014-08-15T12:00:00Z", "FGUID": "0e62e817-987b-4e90-a369-2716fb5d6bbe", "CADNAME": "01R2二类居住用地", "DXKJKF": " ", "YDXZ": "二类居住用地", "FTZMC": "ZC-CZ-A05-46-74.dwg", "JZGD": "/", "JC": "主城城中分区控规", "SHAPE_Length": 1158.2100614327446, "SHAPE_Area": 82761.833245612797 }, "geometry": { "type": "MultiPolygon", "coordinates": [ [ [ [ 40520933.575099997222424, 3530019.745499999262393 ], [ 40520951.662, 3530002.634699999820441 ], [ 40520952.5612, 3529961.14409999968484 ], [ 40520956.4938, 3529941.224600000306964 ], [ 40520959.086900003254414, 3529821.564500000327826 ], [ 40520945.124899998307228, 3529806.960599999409169 ], [ 40520897.9181, 3529805.912399999331683 ], [ 40520878.000500001013279, 3529801.969399999361485 ], [ 40520674.587899997830391, 3529797.45299999974668 ], [ 40520644.5172, 3529800.286299998871982 ], [ 40520588.1409, 3529799.034499999601394 ], [ 40520567.5912000015378, 3529818.583099999465048 ], [ 40520566.898900002241135, 3529843.540300000458956 ], [ 40520569.29280000180006, 3529883.468899999279529 ], [ 40520566.412, 3529987.330699999816716 ], [ 40520585.8464, 3530007.998399999458343 ], [ 40520636.709299996495247, 3530009.716799999587238 ], [ 40520656.579800002276897, 3530013.889999999199063 ], [ 40520823.518700003623962, 3530019.529599998611957 ], [ 40520853.619999997317791, 3530017.044399999082088 ], [ 40520933.575099997222424, 3530019.745499999262393 ] ] ] ] } },
{ "type": "Feature", "properties": { "OBJECTID": 430, "DKBH": "ZC-CZ-A05-34", "YDDM": "R2", "DKMJ": 16208.7, "YDJRX": "A、B、S、G", "RJL": "1.2-3.0", "JZMD": "≤30%", "LDL": "≥25%", "JDCW": "0.8个/100㎡", "DTSTZB": " ", "CSSJZB": " ", "REMARK": " ", "PLANNAME": "江阴市中心城区主城控制性详细规划", "PLANDATE": "2014-05-10T00:00:00Z", "PLANUNIT": "江阴市城乡规划设计院", "PASSDATE": "2014-05-25T00:00:00Z", "STARTTIME": "2014-08-15T12:00:00Z", "FGUID": "1dfee7ea-2ae2-4ff2-9bca-4dd9b4ad649d", "CADNAME": "01R2二类居住用地", "DXKJKF": " ", "YDXZ": "二类居住用地", "FTZMC": "ZC-CZ-A05-25-45.dwg", "JZGD": "/", "JC": "主城城中分区控规", "SHAPE_Length": 532.03362084292417, "SHAPE_Area": 16210.890530323475 }, "geometry": { "type": "MultiPolygon", "coordinates": [ [ [ [ 40520412.074299998581409, 3529767.618399999570101 ], [ 40520442.145000003278255, 3529764.785199999809265 ], [ 40520502.130800001323223, 3529766.116899999324232 ], [ 40520522.567100003361702, 3529746.676300000399351 ], [ 40520524.1338, 3529690.197599999140948 ], [ 40520528.186999998986721, 3529670.301999999210238 ], [ 40520528.3728, 3529663.5992999994196 ], [ 40520432.8341, 3529674.402899999637157 ], [ 40520378.1519, 3529678.94770000083372 ], [ 40520362.675700001418591, 3529679.277400000952184 ], [ 40520347.200800001621246, 3529678.889600000344217 ], [ 40520347.200199998915195, 3529759.086999999824911 ], [ 40520354.2892, 3529766.3353 ], [ 40520412.074299998581409, 3529767.618399999570101 ] ] ] ] } },
{ "type": "Feature", "properties": { "OBJECTID": 431, "DKBH": "ZC-CZ-A05-51", "YDDM": "R2", "DKMJ": 50498.8, "YDJRX": "A、B、S、G", "RJL": "1.2-2.8", "JZMD": "≤30%", "LDL": "≥30%", "JDCW": "0.8个/100㎡", "DTSTZB": " ", "CSSJZB": " ", "REMARK": " ", "PLANNAME": "江阴市中心城区主城控制性详细规划", "PLANDATE": "2014-05-10T00:00:00Z", "PLANUNIT": "江阴市城乡规划设计院", "PASSDATE": "2014-05-25T00:00:00Z", "STARTTIME": "2014-08-15T12:00:00Z", "FGUID": "c32b9034-4d83-42d9-beff-1a6f38f08d16", "CADNAME": "01R2二类居住用地", "DXKJKF": " ", "YDXZ": "二类居住用地", "FTZMC": "ZC-CZ-A05-46-74.dwg", "JZGD": "/", "JC": "主城城中分区控规", "SHAPE_Length": 1030.2928519573661, "SHAPE_Area": 50499.787858009535 }, "geometry": { "type": "MultiPolygon", "coordinates": [ [ [ [ 40520862.507, 3529777.6193 ], [ 40520887.578900001943111, 3529774.675099999178201 ], [ 40520941.572499997913837, 3529775.873899999074638 ], [ 40520956.894000001251698, 3529761.210099999327213 ], [ 40520957.774099998176098, 3529720.6053 ], [ 40520961.700099997222424, 3529700.994400000199676 ], [ 40520963.482, 3529618.782999999821186 ], [ 40520871.605700001120567, 3529630.700199999380857 ], [ 40520822.58330000191927, 3529641.661299999337643 ], [ 40520782.6841000020504, 3529649.184299998451024 ], [ 40520743.4467, 3529650.484099999535829 ], [ 40520683.191799998283386, 3529651.877899999730289 ], [ 40520570.9551, 3529658.210399999748915 ], [ 40520571.781000003218651, 3529667.528300000354648 ], [ 40520569.5629, 3529747.498499998822808 ], [ 40520589.1114, 3529768.048199999611825 ], [ 40520630.601499997079372, 3529768.9693 ], [ 40520650.519100002944469, 3529772.912499999627471 ], [ 40520862.507, 3529777.6193 ] ] ] ] } },
{ "type": "Feature", "properties": { "OBJECTID": 449, "DKBH": "ZC-CZ-A05-44", "YDDM": "R2", "DKMJ": 109747.8, "YDJRX": "A、B、S、G", "RJL": "≤2.5", "JZMD": "≤30%", "LDL": "≥30%", "JDCW": "0.6个/100㎡", "DTSTZB": " ", "CSSJZB": " ", "REMARK": " ", "PLANNAME": "江阴市中心城区主城控制性详细规划", "PLANDATE": "2014-05-10T00:00:00Z", "PLANUNIT": "江阴市城乡规划设计院", "PASSDATE": "2014-05-25T00:00:00Z", "STARTTIME": "2014-08-15T12:00:00Z", "FGUID": "30661eb7-ee39-4b7e-9682-4ae128a9f467", "CADNAME": "01R2二类居住用地", "DXKJKF": " ", "YDXZ": "二类居住用地", "FTZMC": "ZC-CZ-A05-25-45.dwg", "JZGD": "/", "JC": "主城城中分区控规", "SHAPE_Length": 1350.0956359735799, "SHAPE_Area": 109749.79561879461 }, "geometry": { "type": "MultiPolygon", "coordinates": [ [ [ [ 40520373.137000001966953, 3529294.225699999835342 ], [ 40520413.211099997162819, 3529291.704999999608845 ], [ 40520456.072899997234344, 3529292.753699999768287 ], [ 40520462.6237, 3529025.007499999832362 ], [ 40520057.158699996769428, 3529015.45219999877736 ], [ 40520050.5312, 3529286.332599999848753 ], [ 40520373.137000001966953, 3529294.225699999835342 ] ] ] ] } },
{ "type": "Feature", "properties": { "OBJECTID": 450, "DKBH": "ZC-CZ-A04-43", "YDDM": "R2", "DKMJ": 33263.7, "YDJRX": "A、B、S、G", "RJL": "1.5-3.5", "JZMD": "≤30%", "LDL": "≥30%", "JDCW": "0.6个/100㎡", "DTSTZB": " ", "CSSJZB": " ", "REMARK": " ", "PLANNAME": "2022045 调整 夏港公园绿地.gdb_convert", "PLANDATE": "2022-07-01T00:00:00Z", "PLANUNIT": "江阴市城乡规划设计院", "PASSDATE": "2022-08-01T00:00:00Z", "STARTTIME": "2022-08-10T11:28:45Z", "FGUID": null, "CADNAME": "01R2二类居住用地", "DXKJKF": " ", "YDXZ": "二类居住用地", "FTZMC": "ZC-CZ-A04-37-70.dwg", "JZGD": "/", "JC": null, "SHAPE_Length": 720.17427050693595, "SHAPE_Area": 33263.695685021521 }, "geometry": { "type": "MultiPolygon", "coordinates": [ [ [ [ 40520726.473899997770786, 3530738.743300000205636 ], [ 40520554.3657, 3530726.617100001312792 ], [ 40520538.9547, 3530740.556299999821931 ], [ 40520535.070699997246265, 3530870.629899999126792 ], [ 40520534.134099997580051, 3530901.991899999789894 ], [ 40520724.982500001788139, 3530911.317699999082834 ], [ 40520730.655100002884865, 3530743.3841 ], [ 40520726.473899997770786, 3530738.743300000205636 ] ] ] ] } },
{ "type": "Feature", "properties": { "OBJECTID": 451, "DKBH": "ZC-CZ-A04-67", "YDDM": "RB", "DKMJ": 30228.2, "YDJRX": "A、B、S、U、G", "RJL": "1.5-4", "JZMD": "≤50%", "LDL": "≥15%", "JDCW": "0.7个/100㎡", "DTSTZB": " ", "CSSJZB": " ", "REMARK": " ", "PLANNAME": "2022045 调整 夏港公园绿地.gdb_convert", "PLANDATE": "2022-07-01T00:00:00Z", "PLANUNIT": "江阴市城乡规划设计院", "PASSDATE": "2022-08-01T00:00:00Z", "STARTTIME": "2022-08-10T11:28:45Z", "FGUID": null, "CADNAME": "01RB商住混合用地", "DXKJKF": " ", "YDXZ": "商住混合用地", "FTZMC": "ZC-CZ-A04-37-70.dwg", "JZGD": "/", "JC": null, "SHAPE_Length": 673.03134257862087, "SHAPE_Area": 30228.233325246256 }, "geometry": { "type": "MultiPolygon", "coordinates": [ [ [ [ 40520776.195100001990795, 3530548.520499998703599 ], [ 40520766.3891, 3530546.823299999814481 ], [ 40520752.9341000020504, 3530557.766900000628084 ], [ 40520747.4599, 3530719.835699999239296 ], [ 40520751.641099996864796, 3530724.476700000464916 ], [ 40520886.372699998319149, 3530733.969299999531358 ], [ 40520917.4265, 3530736.157499998807907 ], [ 40520930.7663, 3530724.671699998900294 ], [ 40520933.400700002908707, 3530691.292899999301881 ], [ 40520932.715499997138977, 3530672.969299999531358 ], [ 40520932.272100001573563, 3530661.110299999825656 ], [ 40520936.386100001633167, 3530608.986700000241399 ], [ 40520921.320500001311302, 3530585.955499999690801 ], [ 40520897.58389999717474, 3530578.09029999980703 ], [ 40520873.643299996852875, 3530570.8687 ], [ 40520849.516500003635883, 3530564.296699999831617 ], [ 40520825.221100002527237, 3530558.378299999516457 ], [ 40520800.7747, 3530553.118499999400228 ], [ 40520776.195100001990795, 3530548.520499998703599 ] ] ] ] } },
{ "type": "Feature", "properties": { "OBJECTID": 452, "DKBH": "ZC-CZ-A04-16", "YDDM": "R2", "DKMJ": 127714.7, "YDJRX": "A、B、S、G", "RJL": "≤2.5", "JZMD": "≤30%", "LDL": "≥30%", "JDCW": "0.6个/100㎡", "DTSTZB": " ", "CSSJZB": " ", "REMARK": " ", "PLANNAME": "江阴市中心城区主城控制性详细规划", "PLANDATE": "2014-05-10T00:00:00Z", "PLANUNIT": "江阴市城乡规划设计院", "PASSDATE": "2014-05-25T00:00:00Z", "STARTTIME": "2014-08-15T12:00:00Z", "FGUID": "61b0f577-f21b-4d5c-87b5-74acdd33bb28", "CADNAME": "01R2二类居住用地", "DXKJKF": " ", "YDXZ": "二类居住用地", "FTZMC": "ZC-CZ-A04-01-20.dwg", "JZGD": "/", "JC": "主城城中分区控规", "SHAPE_Length": 1518.665221257274, "SHAPE_Area": 127717.09816326965 }, "geometry": { "type": "MultiPolygon", "coordinates": [ [ [ [ 40521277.399499997496605, 3531668.992899999022484 ], [ 40521286.559500001370907, 3531502.217299999669194 ], [ 40521285.2584, 3531462.08530000038445 ], [ 40521290.7425, 3531362.234799999278039 ], [ 40521270.207900002598763, 3531338.101999999489635 ], [ 40521214.028399996459484, 3531332.130900000222027 ], [ 40521194.5101, 3531326.536499999463558 ], [ 40521046.5374, 3531310.808799997903407 ], [ 40521021.0026, 3531311.070600000675768 ], [ 40521001.4688, 3531562.083499998785555 ], [ 40520915.336000002920628, 3531555.647599999327213 ], [ 40520904.607299998402596, 3531691.5806 ], [ 40520947.73480000346899, 3531700.1044 ], [ 40520966.676700003445148, 3531707.416000000666827 ], [ 40521161.661399997770786, 3531745.953899999614805 ], [ 40521191.770900003612041, 3531748.337000000756234 ], [ 40521250.6329, 3531759.971 ], [ 40521269.711199998855591, 3531745.151800000108778 ], [ 40521272.807899996638298, 3531688.771099999547005 ], [ 40521277.399499997496605, 3531668.992899999022484 ] ] ] ] } },
{ "type": "Feature", "properties": { "OBJECTID": 453, "DKBH": "ZC-CZ-B05-19", "YDDM": "R2", "DKMJ": 48736.3, "YDJRX": "A、B、S、G", "RJL": "≤1.8", "JZMD": "≤35%", "LDL": "≥30%", "JDCW": "0.5个/100㎡", "DTSTZB": " ", "CSSJZB": " ", "REMARK": " ", "PLANNAME": "江阴市中心城区主城控制性详细规划", "PLANDATE": "2014-05-10T00:00:00Z", "PLANUNIT": "江阴市城乡规划设计院", "PASSDATE": "2014-05-25T00:00:00Z", "STARTTIME": "2014-08-15T12:00:00Z", "FGUID": "6e71bce7-c275-4f67-a1e4-654ba4d77a83", "CADNAME": "01R2二类居住用地", "DXKJKF": " ", "YDXZ": "二类居住用地", "FTZMC": "ZC-CZ-B05-19-52.dwg", "JZGD": "/", "JC": "主城城中分区控规", "SHAPE_Length": 915.26297918918135, "SHAPE_Area": 48737.244702386975 }, "geometry": { "type": "MultiPolygon", "coordinates": [ [ [ [ 40523716.088600002229214, 3531693.980100000742823 ], [ 40523419.388999998569489, 3531617.77240000013262 ], [ 40523404.351000003516674, 3531626.738599998410791 ], [ 40523402.250299997627735, 3531636.493499998468906 ], [ 40523378.339900001883507, 3531732.491999999154359 ], [ 40523394.778300002217293, 3531761.528399999253452 ], [ 40523448.810400001704693, 3531778.0301 ], [ 40523466.91610000282526, 3531787.219399999361485 ], [ 40523660.707999996840954, 3531846.404699998907745 ], [ 40523677.010300002992153, 3531837.790700000710785 ], [ 40523719.778800003230572, 3531700.599199999589473 ], [ 40523716.088600002229214, 3531693.980100000742823 ] ] ] ] } },
{ "type": "Feature", "properties": { "OBJECTID": 454, "DKBH": "ZC-CZ-B05-26", "YDDM": "R2", "DKMJ": 8425.8, "YDJRX": "A、B、S、G", "RJL": "1.2-3.5", "JZMD": "≤30%", "LDL": "≥30%", "JDCW": "0.5个/100㎡", "DTSTZB": " ", "CSSJZB": " ", "REMARK": " ", "PLANNAME": "江阴市中心城区主城控制性详细规划", "PLANDATE": "2014-05-10T00:00:00Z", "PLANUNIT": "江阴市城乡规划设计院", "PASSDATE": "2014-05-25T00:00:00Z", "STARTTIME": "2014-08-15T12:00:00Z", "FGUID": "ec423ad2-2b43-4dc6-868f-0dde7df1d2f8", "CADNAME": "01R2二类居住用地", "DXKJKF": " ", "YDXZ": "二类居住用地", "FTZMC": "ZC-CZ-B05-19-52.dwg", "JZGD": "/", "JC": "主城城中分区控规", "SHAPE_Length": 449.41423108589476, "SHAPE_Area": 8425.9694814557261 }, "geometry": { "type": "MultiPolygon", "coordinates": [ [ [ [ 40523623.383299998939037, 3531620.676699999254197 ], [ 40523655.5563, 3531503.855500000528991 ], [ 40523601.817199997603893, 3531489.5409 ], [ 40523579.732299998402596, 3531571.483699999283999 ], [ 40523530.5915, 3531561.7344 ], [ 40523530.420100003480911, 3531561.71559999929741 ], [ 40523530.248000003397465, 3531561.726499999407679 ], [ 40523530.080300003290176, 3531561.766799999866635 ], [ 40523529.9221, 3531561.83530000038445 ], [ 40523529.777900002896786, 3531561.929899998940527 ], [ 40523529.652199998497963, 3531562.047899998724461 ], [ 40523529.548600003123283, 3531562.1858 ], [ 40523529.470299996435642, 3531562.3394 ], [ 40523529.4195, 3531562.504200000315905 ], [ 40523522.693999998271465, 3531593.644999999087304 ], [ 40523623.383299998939037, 3531620.676699999254197 ] ] ] ] } },
{ "type": "Feature", "properties": { "OBJECTID": 455, "DKBH": "ZC-CZ-A05-48", "YDDM": "R2", "DKMJ": 38426.0, "YDJRX": "A、B、S、G", "RJL": "1.5-3.5", "JZMD": "≤30%", "LDL": "≥30%", "JDCW": "0.8个/100㎡", "DTSTZB": " ", "CSSJZB": " ", "REMARK": " ", "PLANNAME": "江阴市中心城区主城控制性详细规划", "PLANDATE": "2014-05-10T00:00:00Z", "PLANUNIT": "江阴市城乡规划设计院", "PASSDATE": "2014-05-25T00:00:00Z", "STARTTIME": "2014-08-15T12:00:00Z", "FGUID": "2b47ef81-21e8-4db5-8477-7874f69d4123", "CADNAME": "01R2二类居住用地", "DXKJKF": " ", "YDXZ": "二类居住用地", "FTZMC": "ZC-CZ-A05-46-74.dwg", "JZGD": "/", "JC": "主城城中分区控规", "SHAPE_Length": 775.06908430054716, "SHAPE_Area": 38426.732439068808 }, "geometry": { "type": "MultiPolygon", "coordinates": [ [ [ [ 40521185.4027, 3529818.79700000025332 ], [ 40521175.6496, 3529808.578099998645484 ], [ 40521086.950800001621246, 3529806.608699999283999 ], [ 40521061.879, 3529809.553000000771135 ], [ 40521009.383900001645088, 3529808.387299999594688 ], [ 40521004.768, 3530021.360699999611825 ], [ 40521005.540200002491474, 3530022.176700000185519 ], [ 40521062.008100003004074, 3530024.084399999585003 ], [ 40521081.878799997270107, 3530028.257799999322742 ], [ 40521167.204000003635883, 3530031.140299999155104 ], [ 40521180.514799997210503, 3530018.582899999339134 ], [ 40521185.4027, 3529818.79700000025332 ] ] ] ] } },
{ "type": "Feature", "properties": { "OBJECTID": 456, "DKBH": "ZC-CZ-A05-25", "YDDM": "R2", "DKMJ": 69286.9, "YDJRX": "A、B、S、G", "RJL": "1.2-2.5", "JZMD": "≤30%", "LDL": "≥30%", "JDCW": "0.6个/100㎡", "DTSTZB": " ", "CSSJZB": " ", "REMARK": " ", "PLANNAME": "江阴市中心城区主城控制性详细规划", "PLANDATE": "2014-05-10T00:00:00Z", "PLANUNIT": "江阴市城乡规划设计院", "PASSDATE": "2014-05-25T00:00:00Z", "STARTTIME": "2014-08-15T12:00:00Z", "FGUID": "5a9a7f80-a67a-4068-bee2-164ce361046a", "CADNAME": "01R2二类居住用地", "DXKJKF": " ", "YDXZ": "二类居住用地", "FTZMC": "ZC-CZ-A05-25-45.dwg", "JZGD": "/", "JC": "主城城中分区控规", "SHAPE_Length": 1035.059811869841, "SHAPE_Area": 69276.763771543556 }, "geometry": { "type": "MultiPolygon", "coordinates": [ [ [ [ 40520147.153899997472763, 3529785.742599999066442 ], [ 40519934.5282, 3529781.02170000039041 ], [ 40519909.4564, 3529783.965899999253452 ], [ 40519849.0986, 3529782.625799999572337 ], [ 40519837.058600001037121, 3529793.887600000482053 ], [ 40519846.729599997401237, 3529885.368299999739975 ], [ 40519853.42059999704361, 3529915.3687 ], [ 40519853.7738, 3529918.709099999628961 ], [ 40519855.2601, 3529935.341699999757111 ], [ 40519856.207000002264977, 3529952.013499999884516 ], [ 40519856.613399997353554, 3529968.707399999257177 ], [ 40519856.6824000030756, 3529969.044599999673665 ], [ 40519871.108800001442432, 3529983.853299998212606 ], [ 40519928.074699997901917, 3529985.777700000442564 ], [ 40519947.945500001311302, 3529989.951099999714643 ], [ 40520157.931100003421307, 3529997.04509999928996 ], [ 40520164.379299998283386, 3529992.15500000026077 ], [ 40520170.378200002014637, 3529986.723199999891222 ], [ 40520175.8825, 3529980.790699999779463 ], [ 40520180.850599996745586, 3529974.4023999995552 ], [ 40520185.2449000030756, 3529967.606699999421835 ], [ 40520189.032200001180172, 3529960.45490000071004 ], [ 40520192.183799996972084, 3529953.001099999062717 ], [ 40520194.676, 3529945.301699999254197 ], [ 40520196.489699997007847, 3529937.414800000842661 ], [ 40520197.61150000244379, 3529929.400299999397248 ], [ 40520198.0326, 3529921.318600000813603 ], [ 40520197.75, 3529913.2308 ], [ 40520196.7658, 3529905.198099998757243 ], [ 40520193.958700001239777, 3529890.698999999091029 ], [ 40520190.406400002539158, 3529876.364199999254197 ], [ 40520186.118500001728535, 3529862.231999999843538 ], [ 40520181.106299996376038, 3529848.3402 ], [ 40520175.383500002324581, 3529834.725699999835342 ], [ 40520168.96509999781847, 3529821.424999999348074 ], [ 40520161.868199996650219, 3529808.47359999967739 ], [ 40520154.111900001764297, 3529795.906000000424683 ], [ 40520147.153899997472763, 3529785.742599999066442 ] ] ] ] } },
{ "type": "Feature", "properties": { "OBJECTID": 462, "DKBH": "ZC-CZ-A04-45", "YDDM": "R2", "DKMJ": 30252.0, "YDJRX": "A、B、S、G", "RJL": "1.5-3.5", "JZMD": "≤30%", "LDL": "≥30%", "JDCW": "0.6个/100㎡", "DTSTZB": " ", "CSSJZB": " ", "REMARK": " ", "PLANNAME": "江阴市中心城区主城控制性详细规划", "PLANDATE": "2014-05-10T00:00:00Z", "PLANUNIT": "江阴市城乡规划设计院", "PASSDATE": "2014-05-25T00:00:00Z", "STARTTIME": "2014-08-15T12:00:00Z", "FGUID": "e53cc321-95a3-4242-86d6-40ddadb65dbb", "CADNAME": "01R2二类居住用地", "DXKJKF": " ", "YDXZ": "二类居住用地", "FTZMC": "ZC-CZ-A04-37-70.dwg", "JZGD": "/", "JC": "主城城中分区控规", "SHAPE_Length": 687.21687904282305, "SHAPE_Area": 30252.521331606662 }, "geometry": { "type": "MultiPolygon", "coordinates": [ [ [ [ 40520916.963299997150898, 3530752.164499999489635 ], [ 40520751.428900003433228, 3530740.501499999780208 ], [ 40520746.615199998021126, 3530744.838499999139458 ], [ 40520740.965400002896786, 3530912.098399998620152 ], [ 40520915.300899997353554, 3530920.617699999827892 ], [ 40520927.619499996304512, 3530764.5411 ], [ 40520916.963299997150898, 3530752.164499999489635 ] ] ] ] } },
{ "type": "Feature", "properties": { "OBJECTID": 463, "DKBH": "ZC-CZ-A04-81", "YDDM": "R2", "DKMJ": 58575.5, "YDJRX": "A、B、S、G", "RJL": "1.5-3.5", "JZMD": "≤30%", "LDL": "≥30%", "JDCW": "0.8个/100㎡", "DTSTZB": " ", "CSSJZB": " ", "REMARK": " ", "PLANNAME": "江阴市中心城区主城控制性详细规划", "PLANDATE": "2014-05-10T00:00:00Z", "PLANUNIT": "江阴市城乡规划设计院", "PASSDATE": "2014-05-25T00:00:00Z", "STARTTIME": "2014-08-15T12:00:00Z", "FGUID": "ef75ceec-7af8-4f6f-aea6-c673141cc97f", "CADNAME": "01R2二类居住用地", "DXKJKF": " ", "YDXZ": "二类居住用地", "FTZMC": "ZC-CZ-A04-71-88.dwg", "JZGD": "/", "JC": "主城城中分区控规", "SHAPE_Length": 978.37697761580807, "SHAPE_Area": 58576.566398344185 }, "geometry": { "type": "MultiPolygon", "coordinates": [ [ [ [ 40520856.3644, 3530050.656599999871105 ], [ 40520781.655699998140335, 3530048.132700000423938 ], [ 40520769.773900002241135, 3530059.238099998794496 ], [ 40520759.644199997186661, 3530359.121399999596179 ], [ 40520763.78320000320673, 3530363.7591 ], [ 40520933.813100002706051, 3530377.341999999247491 ], [ 40520947.305699996650219, 3530365.1524 ], [ 40520951.640100002288818, 3530165.173000000417233 ], [ 40520948.7909, 3530135.104099999647588 ], [ 40520950.0912000015378, 3530075.117499999236315 ], [ 40520932.703000001609325, 3530056.737599998246878 ], [ 40520876.234899997711182, 3530054.830000001005828 ], [ 40520856.3644, 3530050.656599999871105 ] ] ] ] } },
{ "type": "Feature", "properties": { "OBJECTID": 465, "DKBH": "ZC-CZ-A04-68", "YDDM": "S42", "DKMJ": 2746.3, "YDJRX": " ", "RJL": " ", "JZMD": " ", "LDL": " ", "JDCW": " ", "DTSTZB": " ", "CSSJZB": " ", "REMARK": " ", "PLANNAME": "2022045 调整 夏港公园绿地.gdb_convert", "PLANDATE": "2022-07-01T00:00:00Z", "PLANUNIT": "江阴市城乡规划设计院", "PASSDATE": "2022-08-01T00:00:00Z", "STARTTIME": "2022-08-10T11:28:45Z", "FGUID": null, "CADNAME": "06S42社会停车场用地", "DXKJKF": " ", "YDXZ": "社会停车场用地", "FTZMC": "ZC-CZ-A04-37-70.dwg", "JZGD": "/", "JC": null, "SHAPE_Length": 210.96275075270981, "SHAPE_Area": 2746.2408188322802 }, "geometry": { "type": "MultiPolygon", "coordinates": [ [ [ [ 40520733.484700001776218, 3530659.610299999825656 ], [ 40520689.639300003647804, 3530656.786499999463558 ], [ 40520688.2791, 3530720.012499999720603 ], [ 40520726.685900002717972, 3530722.718500000424683 ], [ 40520731.499499998986721, 3530718.381299999076873 ], [ 40520733.484700001776218, 3530659.610299999825656 ] ] ] ] } },
{ "type": "Feature", "properties": { "OBJECTID": 466, "DKBH": "ZC-CZ-A04-66", "YDDM": "G1", "DKMJ": 33270.6, "YDJRX": " ", "RJL": " ", "JZMD": " ", "LDL": "≥65%", "JDCW": " ", "DTSTZB": " ", "CSSJZB": " ", "REMARK": " ", "PLANNAME": "2022045 调整 夏港公园绿地.gdb_convert", "PLANDATE": "2022-07-01T00:00:00Z", "PLANUNIT": "江阴市城乡规划设计院", "PASSDATE": "2022-08-01T00:00:00Z", "STARTTIME": "2022-08-10T11:28:45Z", "FGUID": null, "CADNAME": "08G1公园绿地", "DXKJKF": " ", "YDXZ": "公园绿地", "FTZMC": "ZC-CZ-A04-37-70.dwg", "JZGD": "/", "JC": null, "SHAPE_Length": 738.4169051711184, "SHAPE_Area": 33270.605384697155 }, "geometry": { "type": "MultiPolygon", "coordinates": [ [ [ [ 40520688.2791, 3530720.012499999720603 ], [ 40520689.639300003647804, 3530656.786499999463558 ], [ 40520733.484700001776218, 3530659.610299999825656 ], [ 40520737.125500001013279, 3530551.828899999614805 ], [ 40520727.593099996447563, 3530540.108899999875575 ], [ 40520569.070500001311302, 3530512.672899999655783 ], [ 40520548.7663, 3530529.253299999516457 ], [ 40520546.7143, 3530597.9671 ], [ 40520542.618699997663498, 3530617.861100000329316 ], [ 40520540.328100003302097, 3530694.563299999106675 ], [ 40520554.8437, 3530710.61089999973774 ], [ 40520688.2791, 3530720.012499999720603 ] ] ] ] } },
{ "type": "Feature", "properties": { "OBJECTID": 467, "DKBH": "ZC-CZ-A04-33", "YDDM": "G2", "DKMJ": 871.8, "YDJRX": " ", "RJL": " ", "JZMD": " ", "LDL": "≥80%", "JDCW": " ", "DTSTZB": " ", "CSSJZB": " ", "REMARK": " ", "PLANNAME": "2022045 调整 夏港公园绿地.gdb_convert", "PLANDATE": "2022-07-01T00:00:00Z", "PLANUNIT": "江阴市城乡规划设计院", "PASSDATE": "2022-08-01T00:00:00Z", "STARTTIME": "2022-08-10T11:28:45Z", "FGUID": null, "CADNAME": "08G2防护绿地", "DXKJKF": " ", "YDXZ": "防护绿地", "FTZMC": "ZC-CZ-A04-21-36.dwg", "JZGD": "/", "JC": null, "SHAPE_Length": 362.85933651330816, "SHAPE_Area": 871.77199917792302 }, "geometry": { "type": "MultiPolygon", "coordinates": [ [ [ [ 40520722.373499996960163, 3530941.225899998564273 ], [ 40520543.225900001823902, 3530932.471700000576675 ], [ 40520548.07150000333786, 3530937.714499999769032 ], [ 40520717.2099, 3530945.979699999094009 ], [ 40520722.373499996960163, 3530941.225899998564273 ] ] ] ] } },
{ "type": "Feature", "properties": { "OBJECTID": 468, "DKBH": "ZC-CZ-B05-09", "YDDM": "R2", "DKMJ": 55927.1, "YDJRX": "A、B、S、G", "RJL": "≤3.0", "JZMD": "≤30%", "LDL": "≥30%", "JDCW": "0.6个/100㎡", "DTSTZB": " ", "CSSJZB": " ", "REMARK": " ", "PLANNAME": "江阴市中心城区主城控制性详细规划", "PLANDATE": "2014-05-10T00:00:00Z", "PLANUNIT": "江阴市城乡规划设计院", "PASSDATE": "2014-05-25T00:00:00Z", "STARTTIME": "2014-08-15T12:00:00Z", "FGUID": "df27a2f3-a1fb-4f44-a2d7-656b06a214bf", "CADNAME": "01R2二类居住用地", "DXKJKF": " ", "YDXZ": "二类居住用地", "FTZMC": "ZC-CZ-B05-01-18.dwg", "JZGD": "/", "JC": "主城城中分区控规", "SHAPE_Length": 1000.0441286437981, "SHAPE_Area": 55928.146950394577 }, "geometry": { "type": "MultiPolygon", "coordinates": [ [ [ [ 40523185.788999997079372, 3530780.725399998947978 ], [ 40522874.8099, 3530703.793800000566989 ], [ 40522858.742700003087521, 3530715.220199999865144 ], [ 40522846.307499997317791, 3530850.118700000923127 ], [ 40522856.002300001680851, 3530863.899299999233335 ], [ 40523180.142800003290176, 3530947.604899999685585 ], [ 40523188.2667, 3530941.447700000368059 ], [ 40523191.486199997365475, 3530788.1634999983944 ], [ 40523185.788999997079372, 3530780.725399998947978 ] ] ] ] } },
{ "type": "Feature", "properties": { "OBJECTID": 469, "DKBH": "ZC-CZ-A04-31", "YDDM": "G2", "DKMJ": 1910.6, "YDJRX": " ", "RJL": " ", "JZMD": " ", "LDL": "≥80%", "JDCW": " ", "DTSTZB": " ", "CSSJZB": " ", "REMARK": " ", "PLANNAME": "2022045 调整 夏港公园绿地.gdb_convert", "PLANDATE": "2022-07-01T00:00:00Z", "PLANUNIT": "江阴市城乡规划设计院", "PASSDATE": "2022-08-01T00:00:00Z", "STARTTIME": "2022-08-10T11:28:45Z", "FGUID": null, "CADNAME": "08G2防护绿地", "DXKJKF": " ", "YDXZ": "防护绿地", "FTZMC": "ZC-CZ-A04-21-36.dwg", "JZGD": "/", "JC": null, "SHAPE_Length": 402.1161790295883, "SHAPE_Area": 1910.5683621808062 }, "geometry": { "type": "MultiPolygon", "coordinates": [ [ [ [ 40520724.982500001788139, 3530911.317699999082834 ], [ 40520534.134099997580051, 3530901.991499999072403 ], [ 40520533.835500001907349, 3530911.988900000695139 ], [ 40520724.644900001585484, 3530921.313099999446422 ], [ 40520724.982500001788139, 3530911.317699999082834 ] ] ] ] } },
{ "type": "Feature", "properties": { "OBJECTID": 580, "DKBH": "ZC-CZ-C06-02", "YDDM": "G1", "DKMJ": 46316.0, "YDJRX": " ", "RJL": " ", "JZMD": " ", "LDL": "≥65%", "JDCW": " ", "DTSTZB": " ", "CSSJZB": " ", "REMARK": " ", "PLANNAME": "《江阴市中心城区主城控制性详细规划》（ZC-CZ-C06基本控制单元）更正", "PLANDATE": "2022-09-08T00:00:00Z", "PLANUNIT": "江阴市城乡规划设计院", "PASSDATE": "2022-10-08T00:00:00Z", "STARTTIME": "2022-10-12T15:53:12Z", "FGUID": null, "CADNAME": "08G1公园绿地", "DXKJKF": " ", "YDXZ": "公园绿地", "FTZMC": "ZC-CZ-C06-01-03.dwg", "JZGD": "/", "JC": null, "SHAPE_Length": 1750.2355788159421, "SHAPE_Area": 46091.272821026272 }, "geometry": { "type": "MultiPolygon", "coordinates": [ [ [ [ 40524093.022100001573563, 3531985.507099999580532 ], [ 40524110.295699998736382, 3531921.784499999601394 ], [ 40524165.586499996483326, 3531929.6231 ], [ 40524176.852899998426437, 3531921.406700000632554 ], [ 40524183.023100003600121, 3531876.192699999548495 ], [ 40524185.607900001108646, 3531857.252299999352545 ], [ 40524189.1783, 3531833.656499999109656 ], [ 40524193.4341000020504, 3531810.174499999266118 ], [ 40524198.371299996972084, 3531786.8265 ], [ 40524203.985699996352196, 3531763.631899999454618 ], [ 40524218.1519, 3531728.672299999278039 ], [ 40524228.360299997031689, 3531689.031499999575317 ], [ 40524232.940700002014637, 3531671.225700000766665 ], [ 40524220.326499998569489, 3531667.932499999646097 ], [ 40524219.23650000244379, 3531671.3827 ], [ 40524203.616099998354912, 3531668.142700000200421 ], [ 40524203.4863, 3531668.742499999236315 ], [ 40524185.980099998414516, 3531664.627500000409782 ], [ 40524186.326300002634525, 3531663.501099999528378 ], [ 40524146.149899996817112, 3531654.145499999634922 ], [ 40524159.9705, 3531588.265299999155104 ], [ 40524173.479099996387959, 3531492.397499999497086 ], [ 40524176.973499998450279, 3531446.947899999562651 ], [ 40524202.910899996757507, 3531447.985299999825656 ], [ 40524204.199299998581409, 3531433.1343 ], [ 40524229.055699996650219, 3531434.214499999303371 ], [ 40524231.907499998807907, 3531421.5175 ], [ 40524251.6409, 3531420.500899999868125 ], [ 40524262.313699997961521, 3531422.884900000412017 ], [ 40524257.837700001895428, 3531440.793899999000132 ], [ 40524285.07490000128746, 3531445.549300000537187 ], [ 40524287.04389999806881, 3531430.282499998807907 ], [ 40524288.524499997496605, 3531414.960699999239296 ], [ 40524289.515100002288818, 3531399.599499999545515 ], [ 40524276.999700002372265, 3531378.335699999704957 ], [ 40524163.868299998342991, 3531322.509100000374019 ], [ 40524162.324299998581409, 3531376.580499999690801 ], [ 40524157.683300003409386, 3531379.00349999871105 ], [ 40524157.835100002586842, 3531387.419299999717623 ], [ 40524159.8671, 3531387.382699998561293 ], [ 40524159.898100003600121, 3531394.994699999224395 ], [ 40524156.449500001966953, 3531397.198699999134988 ], [ 40524154.887699998915195, 3531444.142099999822676 ], [ 40524153.596500001847744, 3531468.760300000663847 ], [ 40524153.5863, 3531490.233499999158084 ], [ 40524149.855499997735023, 3531524.245299999602139 ], [ 40524140.259499996900558, 3531584.81290000025183 ], [ 40524137.931900002062321, 3531597.284900000784546 ], [ 40524136.1567, 3531606.465899999253452 ], [ 40524133.240500003099442, 3531616.8797 ], [ 40524129.043700002133846, 3531631.345099999103695 ], [ 40524125.234499998390675, 3531649.275099999736995 ], [ 40524116.012100003659725, 3531695.073699998669326 ], [ 40524115.2975, 3531702.570299999322742 ], [ 40524108.7319, 3531732.624900000169873 ], [ 40524102.785499997437, 3531763.948099999222904 ], [ 40524100.6545, 3531773.598699999041855 ], [ 40524068.3195, 3531852.85329999960959 ], [ 40524068.063500002026558, 3531855.2067 ], [ 40524067.3371, 3531857.4131 ], [ 40524063.48650000244379, 3531866.145299999509007 ], [ 40524055.3063, 3531886.626500000245869 ], [ 40524052.082500003278255, 3531896.057699999772012 ], [ 40524049.245700001716614, 3531906.906499998643994 ], [ 40524054.3975, 3531920.308500000275671 ], [ 40524059.929899998009205, 3531926.365299999248236 ], [ 40524067.444300003349781, 3531932.904499999713153 ], [ 40524072.7297, 3531937.608299999497831 ], [ 40524077.434299997985363, 3531941.810499999672174 ], [ 40524081.609700001776218, 3531947.866899999789894 ], [ 40524082.9687, 3531950.823699999600649 ], [ 40524088.1135, 3531981.50690000038594 ], [ 40524088.407499998807907, 3531984.088899998459965 ], [ 40524093.022100001573563, 3531985.507099999580532 ] ] ] ] } },
{ "type": "Feature", "properties": { "OBJECTID": 584, "DKBH": "ZC-CZ-C03-32", "YDDM": "G2", "DKMJ": 6715.8, "YDJRX": " ", "RJL": " ", "JZMD": " ", "LDL": "≥80%", "JDCW": " ", "DTSTZB": " ", "CSSJZB": " ", "REMARK": " ", "PLANNAME": "《江阴市中心城区主城控制性详细规划》（ZC-CZ-C06基本控制单元）更正", "PLANDATE": "2022-09-08T00:00:00Z", "PLANUNIT": "江阴市城乡规划设计院", "PASSDATE": "2022-10-08T00:00:00Z", "STARTTIME": "2022-10-12T15:53:12Z", "FGUID": null, "CADNAME": "08G2防护绿地", "DXKJKF": " ", "YDXZ": "防护绿地", "FTZMC": "ZC-CZ-C03-18-33.dwg", "JZGD": "/", "JC": null, "SHAPE_Length": 304.94808575378715, "SHAPE_Area": 6715.7460522712809 }, "geometry": { "type": "MultiPolygon", "coordinates": [ [ [ [ 40524224.5599, 3532055.225499998778105 ], [ 40524186.406900003552437, 3532043.500099999364465 ], [ 40524180.752899996936321, 3532077.506099999882281 ], [ 40524179.550700001418591, 3532086.829500000458211 ], [ 40524179.032499998807907, 3532096.215899998787791 ], [ 40524179.2011, 3532105.615100000984967 ], [ 40524180.0555, 3532114.97690000012517 ], [ 40524180.932899996638298, 3532119.4183 ], [ 40524182.3997, 3532123.701100000180304 ], [ 40524184.429499998688698, 3532127.747700000181794 ], [ 40524186.985299997031689, 3532131.484299998730421 ], [ 40524190.0207, 3532134.843100000172853 ], [ 40524193.480499997735023, 3532137.7629 ], [ 40524197.3015, 3532140.190700000617653 ], [ 40524203.082099996507168, 3532143.050299999769777 ], [ 40524209.068899996578693, 3532145.449099998921156 ], [ 40524215.2246999964118, 3532147.372100000269711 ], [ 40524219.978699997067451, 3532148.2939 ], [ 40524224.8158999979496, 3532148.522699999623001 ], [ 40524229.63570000231266, 3532148.053900000173599 ], [ 40524234.338100001215935, 3532146.897099999245256 ], [ 40524238.8253, 3532145.076100000180304 ], [ 40524243.004100002348423, 3532142.629300000146031 ], [ 40524246.787699997425079, 3532139.606900000479072 ], [ 40524251.331699997186661, 3532135.0049 ], [ 40524255.4375, 3532130.007899999152869 ], [ 40524259.0709, 3532124.657499999273568 ], [ 40524262.201700001955032, 3532118.998499999754131 ], [ 40524263.6391, 3532113.885700000450015 ], [ 40524264.432499997317791, 3532108.634499999694526 ], [ 40524264.570100001990795, 3532103.325300000142306 ], [ 40524264.049500003457069, 3532098.039899999275804 ], [ 40524262.878700003027916, 3532092.859700000379235 ], [ 40524261.0757, 3532087.864099999889731 ], [ 40524255.8561, 3532079.628499999642372 ], [ 40524250.1061, 3532071.753899999894202 ], [ 40524247.009499996900558, 3532068.255300000775605 ], [ 40524243.51070000231266, 3532065.158899999689311 ], [ 40524239.6615, 3532062.510700000450015 ], [ 40524235.5189, 3532060.349899999797344 ], [ 40524224.5599, 3532055.225499998778105 ] ] ] ] } },
{ "type": "Feature", "properties": { "OBJECTID": 600, "DKBH": "ZC-CZ-B02-19", "YDDM": "RB", "DKMJ": 86553.6, "YDJRX": "A、B、S、U、G", "RJL": "≤4.0", "JZMD": "≤40%", "LDL": "≥30%", "JDCW": "0.7个/100㎡", "DTSTZB": " ", "CSSJZB": " ", "REMARK": " ", "PLANNAME": "江阴市中心城区主城控制性详细规划", "PLANDATE": "2014-05-10T00:00:00Z", "PLANUNIT": "江阴市城乡规划设计院", "PASSDATE": "2014-05-25T00:00:00Z", "STARTTIME": "2014-08-15T12:00:00Z", "FGUID": "50fbc445-9f65-41fa-9b66-2c4b7181bc3f", "CADNAME": "01RB商住混合用地", "DXKJKF": " ", "YDXZ": "商住混合用地", "FTZMC": "ZC-CZ-B02-01-21.dwg", "JZGD": "/", "JC": "主城城中分区控规", "SHAPE_Length": 1152.1018127931682, "SHAPE_Area": 86555.156963972884 }, "geometry": { "type": "MultiPolygon", "coordinates": [ [ [ [ 40522195.401600003242493, 3531463.33460000064224 ], [ 40522099.327100001275539, 3531435.5872 ], [ 40522070.074699997901917, 3531455.246099999640137 ], [ 40522066.8944, 3531485.077399998903275 ], [ 40522059.173600003123283, 3531524.481299999170005 ], [ 40522040.735699996352196, 3531697.426300000865012 ], [ 40522051.442900002002716, 3531711.613700000103563 ], [ 40522347.4102, 3531762.897199999541044 ], [ 40522353.764700002968311, 3531758.438999999780208 ], [ 40522394.427500002086163, 3531529.278199998661876 ], [ 40522385.234300002455711, 3531514.517399999778718 ], [ 40522234.802299998700619, 3531471.070999999530613 ], [ 40522195.401600003242493, 3531463.33460000064224 ] ] ] ] } },
{ "type": "Feature", "properties": { "OBJECTID": 602, "DKBH": "ZC-CZ-A04-72", "YDDM": "RB", "DKMJ": 63663.7, "YDJRX": "A、B、S、U、G", "RJL": "1.2-3.0", "JZMD": "≤40%", "LDL": "≥20%", "JDCW": "0.7个/100㎡", "DTSTZB": " ", "CSSJZB": " ", "REMARK": " ", "PLANNAME": "江阴市中心城区主城控制性详细规划", "PLANDATE": "2014-05-10T00:00:00Z", "PLANUNIT": "江阴市城乡规划设计院", "PASSDATE": "2014-05-25T00:00:00Z", "STARTTIME": "2014-08-15T12:00:00Z", "FGUID": "2b071f4b-2b45-4a7a-a700-a56a43a1d8b7", "CADNAME": "01RB商住混合用地", "DXKJKF": " ", "YDXZ": "商住混合用地", "FTZMC": "ZC-CZ-A04-71-88.dwg", "JZGD": "/", "JC": "主城城中分区控规", "SHAPE_Length": 986.31305299839471, "SHAPE_Area": 63665.899246342829 }, "geometry": { "type": "MultiPolygon", "coordinates": [ [ [ [ 40520309.002700001001358, 3530399.2308 ], [ 40520310.1224, 3530359.29799999948591 ], [ 40520314.181599996984005, 3530339.403699999675155 ], [ 40520319.175499998033047, 3530161.317099998705089 ], [ 40520310.927500002086163, 3530152.58229999942705 ], [ 40520250.026, 3530150.799799999687821 ], [ 40520238.1113, 3530150.820899999234825 ], [ 40520226.22070000320673, 3530151.58100000070408 ], [ 40520214.4003000035882, 3530153.077200000174344 ], [ 40520202.6954, 3530155.303599999751896 ], [ 40520191.151199996471405, 3530158.251699999440461 ], [ 40520179.811899997293949, 3530161.910299999173731 ], [ 40520168.721500001847744, 3530166.264999999664724 ], [ 40520157.9225, 3530171.299299998674542 ], [ 40520145.452799998223782, 3530177.243599998764694 ], [ 40520132.729000002145767, 3530182.622899998910725 ], [ 40520119.7769, 3530187.426099998876452 ], [ 40520106.6224, 3530191.643899999558926 ], [ 40520093.292099997401237, 3530195.267399999778718 ], [ 40520079.812600001692772, 3530198.289699999149889 ], [ 40520066.211199998855591, 3530200.704400000628084 ], [ 40520052.515100002288818, 3530202.506899998988956 ], [ 40520047.1356, 3530203.449700001161546 ], [ 40520041.9239, 3530205.082599998917431 ], [ 40520036.968000002205372, 3530207.377899998333305 ], [ 40520032.351999998092651, 3530210.296799999196082 ], [ 40520028.153800003230572, 3530213.789999999571592 ], [ 40520024.444200001657009, 3530217.798499999567866 ], [ 40520021.286300003528595, 3530222.25459999917075 ], [ 40520018.733199998736382, 3530227.082599999383092 ], [ 40520016.8283, 3530232.201100000180304 ], [ 40520015.603500001132488, 3530237.5236 ], [ 40520015.079899996519089, 3530242.959899999666959 ], [ 40520015.2659, 3530248.418299999088049 ], [ 40520016.1587999984622, 3530253.806300000753254 ], [ 40520043.9445, 3530372.864 ], [ 40520055.2975, 3530381.7494 ], [ 40520073.993699997663498, 3530381.8446 ], [ 40520092.673600003123283, 3530382.630299999844283 ], [ 40520111.311700001358986, 3530384.105599999427795 ], [ 40520129.882600001990795, 3530386.268500000238419 ], [ 40520148.3609, 3530389.115799998864532 ], [ 40520291.157799996435642, 3530413.830199999269098 ], [ 40520309.002700001001358, 3530399.2308 ] ] ] ] } },
{ "type": "Feature", "properties": { "OBJECTID": 603, "DKBH": "ZC-CZ-A04-80", "YDDM": "RB", "DKMJ": 23251.2, "YDJRX": "A、B、S、U、G", "RJL": "1.5-4.5", "JZMD": "≤50%", "LDL": "≥15%", "JDCW": "0.7个/100㎡", "DTSTZB": " ", "CSSJZB": " ", "REMARK": " ", "PLANNAME": "江阴市中心城区主城控制性详细规划", "PLANDATE": "2014-05-10T00:00:00Z", "PLANUNIT": "江阴市城乡规划设计院", "PASSDATE": "2014-05-25T00:00:00Z", "STARTTIME": "2014-08-15T12:00:00Z", "FGUID": "13c0fb72-91dc-46fd-b693-ad73e214a17e", "CADNAME": "01RB商住混合用地", "DXKJKF": " ", "YDXZ": "商住混合用地", "FTZMC": "ZC-CZ-A04-71-88.dwg", "JZGD": "/", "JC": "主城城中分区控规", "SHAPE_Length": 600.9176732409868, "SHAPE_Area": 23259.248423885583 }, "geometry": { "type": "MultiPolygon", "coordinates": [ [ [ [ 40520935.854500003159046, 3530393.5562 ], [ 40520763.655100002884865, 3530379.800099999643862 ], [ 40520758.799199998378754, 3530384.133899998385459 ], [ 40520755.422200001776218, 3530484.111399999354035 ], [ 40520764.954499997198582, 3530495.831399999558926 ], [ 40520784.6439, 3530499.238899999763817 ], [ 40520810.3129, 3530504.03499999968335 ], [ 40520835.844300001859665, 3530509.51630000025034 ], [ 40520861.219899997115135, 3530515.67860000114888 ], [ 40520886.4216, 3530522.517799999099225 ], [ 40520911.431199997663498, 3530530.028800000902265 ], [ 40520940.685900002717972, 3530509.055700001306832 ], [ 40520941.402900002896786, 3530475.970199999865144 ], [ 40520945.335500001907349, 3530456.050399998668581 ], [ 40520946.436099998652935, 3530405.269000000320375 ], [ 40520935.854500003159046, 3530393.5562 ] ] ] ] } },
{ "type": "Feature", "properties": { "OBJECTID": 605, "DKBH": "ZC-CZ-B05-08", "YDDM": "RB", "DKMJ": 35772.7, "YDJRX": "A、B、S、U、G", "RJL": "≤3.5", "JZMD": "≤45%", "LDL": "≥25%", "JDCW": "0.7个/100㎡", "DTSTZB": " ", "CSSJZB": " ", "REMARK": " ", "PLANNAME": "江阴市中心城区主城控制性详细规划", "PLANDATE": "2014-05-10T00:00:00Z", "PLANUNIT": "江阴市城乡规划设计院", "PASSDATE": "2014-05-25T00:00:00Z", "STARTTIME": "2014-08-15T12:00:00Z", "FGUID": "6ebccae4-2a0f-4119-b4ff-6fbee62645f0", "CADNAME": "01RB商住混合用地", "DXKJKF": " ", "YDXZ": "商住混合用地", "FTZMC": "ZC-CZ-B05-01-18.dwg", "JZGD": "/", "JC": "主城城中分区控规", "SHAPE_Length": 888.07007262722584, "SHAPE_Area": 35773.353375219544 }, "geometry": { "type": "MultiPolygon", "coordinates": [ [ [ [ 40523182.106700003147125, 3530968.768299999181181 ], [ 40522858.225500002503395, 3530885.129699999466538 ], [ 40522842.0299, 3530896.523700000252575 ], [ 40522840.842200003564358, 3530909.406599999871105 ], [ 40522842.4916, 3530929.643599999602884 ], [ 40522838.9855, 3530967.678099999669939 ], [ 40522856.510899998247623, 3530992.152099999599159 ], [ 40523171.79280000180006, 3531067.970899999607354 ], [ 40523185.836800001561642, 3531057.140999999362975 ], [ 40523187.5423, 3530975.940400000661612 ], [ 40523182.106700003147125, 3530968.768299999181181 ] ] ] ] } },
{ "type": "Feature", "properties": { "OBJECTID": 607, "DKBH": "ZC-CZ-C06-08", "YDDM": "RB", "DKMJ": 47814.0, "YDJRX": "A、B、S、U、G", "RJL": "1.2-5.5", "JZMD": "≤60%", "LDL": "≥10%", "JDCW": "0.5个/100㎡", "DTSTZB": " ", "CSSJZB": " ", "REMARK": " ", "PLANNAME": "江阴市中心城区主城控制性详细规划", "PLANDATE": "2014-05-10T00:00:00Z", "PLANUNIT": "江阴市城乡规划设计院", "PASSDATE": "2014-05-25T00:00:00Z", "STARTTIME": "2014-08-15T12:00:00Z", "FGUID": "69d0bdb3-677c-4abc-9ff4-0ff023badad0", "CADNAME": "01RB商住混合用地", "DXKJKF": " ", "YDXZ": "商住混合用地", "FTZMC": "ZC-CZ-C06-04-16.dwg", "JZGD": "/", "JC": "主城城中分区控规", "SHAPE_Length": 1028.6303196824404, "SHAPE_Area": 47824.48532578614 }, "geometry": { "type": "MultiPolygon", "coordinates": [ [ [ [ 40524484.8869, 3531536.505599998869002 ], [ 40524486.132799997925758, 3531531.196599998977035 ], [ 40524491.110399998724461, 3531506.8668 ], [ 40524484.489500001072884, 3531494.923999999649823 ], [ 40524334.70610000193119, 3531439.132699999492615 ], [ 40524318.0321, 3531448.911700000520796 ], [ 40524315.51860000193119, 3531464.779199998825788 ], [ 40524312.511600002646446, 3531480.560700000263751 ], [ 40524309.013800002634525, 3531496.240600000135601 ], [ 40524305.028899997472763, 3531511.803899999242276 ], [ 40524299.3358, 3531533.91109999967739 ], [ 40524347.3596, 3531543.597199999727309 ], [ 40524346.0321, 3531549.589999999850988 ], [ 40524347.269599996507168, 3531549.793 ], [ 40524342.6382, 3531586.526300000492483 ], [ 40524320.401, 3531584.267699999734759 ], [ 40524317.4481, 3531574.712999999523163 ], [ 40524290.539700001478195, 3531568.069299998693168 ], [ 40524271.266099996864796, 3531642.913699999451637 ], [ 40524264.771700002253056, 3531681.970999999437481 ], [ 40524260.00450000166893, 3531700.483100000303239 ], [ 40524464.256399996578693, 3531752.840800000354648 ], [ 40524462.541599996387959, 3531727.1716 ], [ 40524463.200800001621246, 3531707.182199999224395 ], [ 40524467.6822, 3531662.305200000293553 ], [ 40524468.059299997985363, 3531650.871500000357628 ], [ 40524469.059199996292591, 3531631.591299999505281 ], [ 40524470.785400003194809, 3531612.362300000153482 ], [ 40524473.235200002789497, 3531593.212100000586361 ], [ 40524476.405199997127056, 3531574.167999998666346 ], [ 40524480.291000001132488, 3531555.256799999158829 ], [ 40524484.8869, 3531536.505599998869002 ] ] ] ] } },
{ "type": "Feature", "properties": { "OBJECTID": 1073, "DKBH": "ZC-CZ-A05-33", "YDDM": "A2", "DKMJ": 16497.0, "YDJRX": " ", "RJL": "≤2.5", "JZMD": "≤50", "LDL": "≥20%", "JDCW": "2.0/100㎡", "DTSTZB": " ", "CSSJZB": " ", "REMARK": " ", "PLANNAME": "江阴市中心城区主城控制性详细规划", "PLANDATE": "2014-05-10T00:00:00Z", "PLANUNIT": "江阴市城乡规划设计院", "PASSDATE": "2014-05-25T00:00:00Z", "STARTTIME": "2014-08-15T12:00:00Z", "FGUID": "eb5f433f-568b-44ce-8b3e-553e503e0f31", "CADNAME": "02A2文化设施用地", "DXKJKF": " ", "YDXZ": "文化设施用地", "FTZMC": "ZC-CZ-A05-25-45.dwg", "JZGD": "/", "JC": "主城城中分区控规", "SHAPE_Length": 522.54510537389478, "SHAPE_Area": 16497.292196026483 }, "geometry": { "type": "MultiPolygon", "coordinates": [ [ [ [ 40520439.642399996519089, 3529792.2366 ], [ 40520354.610799998044968, 3529790.348699999041855 ], [ 40520347.19990000128746, 3529797.596899999771267 ], [ 40520347.199199996888638, 3529888.02240000013262 ], [ 40520518.514899998903275, 3529892.774199998937547 ], [ 40520520.598499998450279, 3529817.650700000114739 ], [ 40520501.049900002777576, 3529797.100999999791384 ], [ 40520459.5599, 3529796.179599999450147 ], [ 40520439.642399996519089, 3529792.2366 ] ] ] ] } },
{ "type": "Feature", "properties": { "OBJECTID": 1074, "DKBH": "ZC-CZ-A05-40", "YDDM": "A2", "DKMJ": 4872.4, "YDJRX": " ", "RJL": "≤2.5", "JZMD": "≤50%", "LDL": "≥20%", "JDCW": "0.6/100㎡", "DTSTZB": " ", "CSSJZB": " ", "REMARK": " ", "PLANNAME": "江阴市中心城区主城控制性详细规划", "PLANDATE": "2014-05-10T00:00:00Z", "PLANUNIT": "江阴市城乡规划设计院", "PASSDATE": "2014-05-25T00:00:00Z", "STARTTIME": "2014-08-15T12:00:00Z", "FGUID": "3222ba7e-25f7-4bbc-830b-1cdbf6fcfebc", "CADNAME": "02A2文化设施用地", "DXKJKF": " ", "YDXZ": "文化设施用地", "FTZMC": "ZC-CZ-A05-25-45.dwg", "JZGD": "/", "JC": "主城城中分区控规", "SHAPE_Length": 276.33253664051847, "SHAPE_Area": 4872.4766599311133 }, "geometry": { "type": "MultiPolygon", "coordinates": [ [ [ [ 40520530.567900002002716, 3529458.223099999595433 ], [ 40520471.6858000010252, 3529457.647799998987466 ], [ 40520469.55290000140667, 3529540.676699999719858 ], [ 40520518.02589999884367, 3529538.200299999210984 ], [ 40520532.255000002682209, 3529523.6357 ], [ 40520532.819399997591972, 3529503.288100000470877 ], [ 40520530.429700002074242, 3529463.2061 ], [ 40520530.567900002002716, 3529458.223099999595433 ] ] ] ] } },
{ "type": "Feature", "properties": { "OBJECTID": 1089, "DKBH": "ZC-CZ-A04-27", "YDDM": "B1", "DKMJ": 17387.0, "YDJRX": "A、B、S、G", "RJL": "1.5-5.0", "JZMD": "≤55%", "LDL": "≥15%", "JDCW": "0.6个/100㎡", "DTSTZB": " ", "CSSJZB": " ", "REMARK": " ", "PLANNAME": "江阴市中心城区主城控制性详细规划", "PLANDATE": "2014-05-10T00:00:00Z", "PLANUNIT": "江阴市城乡规划设计院", "PASSDATE": "2014-05-25T00:00:00Z", "STARTTIME": "2014-08-15T12:00:00Z", "FGUID": "0d7b39ff-6228-4ad4-a79f-496e1c28c36d", "CADNAME": "03B1商业用地", "DXKJKF": " ", "YDXZ": "商业用地", "FTZMC": "ZC-CZ-A04-21-36.dwg", "JZGD": "/", "JC": "主城城中分区控规", "SHAPE_Length": 534.54850647751755, "SHAPE_Area": 17387.33181441409 }, "geometry": { "type": "MultiPolygon", "coordinates": [ [ [ [ 40520477.883199997246265, 3530954.30849999981001 ], [ 40520328.5445, 3530947.010799999814481 ], [ 40520320.9428, 3530954.0694 ], [ 40520318.557800002396107, 3531048.603299999143928 ], [ 40520489.713299997150898, 3531057.397399999666959 ], [ 40520492.145400002598763, 3530969.706799999810755 ], [ 40520477.883199997246265, 3530954.30849999981001 ] ] ] ] } },
{ "type": "Feature", "properties": { "OBJECTID": 1090, "DKBH": "ZC-CZ-A04-50", "YDDM": "B1", "DKMJ": 20089.9, "YDJRX": "A、B、S、G", "RJL": "2.0-5.5", "JZMD": "≤60%", "LDL": "≥15%", "JDCW": "0.6个/100㎡", "DTSTZB": " ", "CSSJZB": " ", "REMARK": " ", "PLANNAME": "江阴市中心城区主城控制性详细规划", "PLANDATE": "2014-05-10T00:00:00Z", "PLANUNIT": "江阴市城乡规划设计院", "PASSDATE": "2014-05-25T00:00:00Z", "STARTTIME": "2014-08-15T12:00:00Z", "FGUID": "9c461b45-6103-4f89-a541-2fa752d61937", "CADNAME": "03B1商业用地", "DXKJKF": " ", "YDXZ": "商业用地", "FTZMC": "ZC-CZ-A04-37-70.dwg", "JZGD": "/", "JC": "主城城中分区控规", "SHAPE_Length": 574.33979255306747, "SHAPE_Area": 20090.26298880883 }, "geometry": { "type": "MultiPolygon", "coordinates": [ [ [ [ 40521316.8783999979496, 3530828.699499999638647 ], [ 40521155.039700001478195, 3530800.19249999942258 ], [ 40521147.902400001883507, 3530931.9841 ], [ 40521302.71339999884367, 3530939.549399999435991 ], [ 40521314.1879, 3530940.110099998768419 ], [ 40521315.266599997878075, 3530920.714300001040101 ], [ 40521316.96509999781847, 3530890.1716 ], [ 40521315.691600002348423, 3530850.0384 ], [ 40521315.898599997162819, 3530846.315199999138713 ], [ 40521316.8783999979496, 3530828.699499999638647 ] ] ] ] } },
{ "type": "Feature", "properties": { "OBJECTID": 1091, "DKBH": "ZC-CZ-A05-42", "YDDM": "B1", "DKMJ": 12724.6, "YDJRX": "A、B、S、G", "RJL": "1.0-3.5", "JZMD": "≤55%", "LDL": "≥15%", "JDCW": "0.6个/100㎡", "DTSTZB": " ", "CSSJZB": " ", "REMARK": " ", "PLANNAME": "江阴市中心城区主城控制性详细规划", "PLANDATE": "2014-05-10T00:00:00Z", "PLANUNIT": "江阴市城乡规划设计院", "PASSDATE": "2014-05-25T00:00:00Z", "STARTTIME": "2014-08-15T12:00:00Z", "FGUID": "b0049d00-f5d0-4a25-98fc-7e1fb07f376a", "CADNAME": "03B1商业用地", "DXKJKF": " ", "YDXZ": "商业用地", "FTZMC": "ZC-CZ-A05-25-45.dwg", "JZGD": "/", "JC": "主城城中分区控规", "SHAPE_Length": 442.22850292252252, "SHAPE_Area": 12724.828848908628 }, "geometry": { "type": "MultiPolygon", "coordinates": [ [ [ [ 40520508.80799999833107, 3529341.058400000911206 ], [ 40520423.162299998104572, 3529338.96309999935329 ], [ 40520419.151299998164177, 3529457.134599999058992 ], [ 40520530.567900002002716, 3529458.223099999595433 ], [ 40520533.107699997723103, 3529366.660599999595433 ], [ 40520508.80799999833107, 3529341.058400000911206 ] ] ] ] } },
{ "type": "Feature", "properties": { "OBJECTID": 1092, "DKBH": "ZC-CZ-A03-76", "YDDM": "B1", "DKMJ": 19654.2, "YDJRX": "A、B、S、G", "RJL": "1.2-3.5", "JZMD": "≤60%", "LDL": "≥15%", "JDCW": "0.6个/100㎡", "DTSTZB": " ", "CSSJZB": " ", "REMARK": " ", "PLANNAME": "江阴市中心城区主城控制性详细规划", "PLANDATE": "2014-05-10T00:00:00Z", "PLANUNIT": "江阴市城乡规划设计院", "PASSDATE": "2014-05-25T00:00:00Z", "STARTTIME": "2014-08-15T12:00:00Z", "FGUID": "76e230ce-c0fb-478f-b6a3-3dfc9a497aaa", "CADNAME": "03B1商业用地", "DXKJKF": " ", "YDXZ": "商业用地", "FTZMC": "ZC-CZ-A03-61-76.dwg", "JZGD": "/", "JC": "主城城中分区控规", "SHAPE_Length": 708.66053886544967, "SHAPE_Area": 19656.148110437785 }, "geometry": { "type": "MultiPolygon", "coordinates": [ [ [ [ 40519941.8416, 3530095.293799999635667 ], [ 40519972.510499998927116, 3530091.698900000192225 ], [ 40520012.356200002133846, 3530092.2516 ], [ 40520025.928800001740456, 3530091.049499999266118 ], [ 40520061.229999996721745, 3530084.0351 ], [ 40520066.670199997723103, 3530082.5115 ], [ 40520069.276299998164177, 3530081.09029999980703 ], [ 40520088.9841, 3530069.140199999790639 ], [ 40520098.991700001060963, 3530060.826999999582767 ], [ 40520130.098300002515316, 3530026.122100000269711 ], [ 40519967.443800002336502, 3530020.6272 ], [ 40519937.5471, 3530023.119099999777973 ], [ 40519868.398500002920628, 3530020.783200000412762 ], [ 40519853.075400002300739, 3530033.930200000293553 ], [ 40519852.9974, 3530033.997 ], [ 40519851.000500001013279, 3530048.882399998605251 ], [ 40519848.5709, 3530063.703300000168383 ], [ 40519845.7104, 3530078.4471 ], [ 40519837.900200001895428, 3530097.657000000122935 ], [ 40519832.85980000346899, 3530120.361599999014288 ], [ 40519831.492299996316433, 3530126.7215 ], [ 40519881.682800002396107, 3530127.1025 ], [ 40519885.030599996447563, 3530122.539599999319762 ], [ 40519909.166599996387959, 3530107.079299998935312 ], [ 40519941.8416, 3530095.293799999635667 ] ] ] ] } },
{ "type": "Feature", "properties": { "OBJECTID": 1094, "DKBH": "ZC-CZ-A04-39", "YDDM": "B1", "DKMJ": 11561.9, "YDJRX": "A、B、S、G", "RJL": "1.2-4.5", "JZMD": "≤60%", "LDL": "≥15%", "JDCW": "0.6个/100㎡", "DTSTZB": " ", "CSSJZB": " ", "REMARK": " ", "PLANNAME": "江阴市中心城区主城控制性详细规划", "PLANDATE": "2014-05-10T00:00:00Z", "PLANUNIT": "江阴市城乡规划设计院", "PASSDATE": "2014-05-25T00:00:00Z", "STARTTIME": "2014-08-15T12:00:00Z", "FGUID": "d9770e43-9194-4ea5-a3c4-1b8c7172c4d4", "CADNAME": "03B1商业用地", "DXKJKF": " ", "YDXZ": "商业用地", "FTZMC": "ZC-CZ-A04-37-70.dwg", "JZGD": "/", "JC": "主城城中分区控规", "SHAPE_Length": 482.8709253386217, "SHAPE_Area": 11568.260229052763 }, "geometry": { "type": "MultiPolygon", "coordinates": [ [ [ [ 40520270.7034, 3530889.118200000375509 ], [ 40520275.36259999871254, 3530721.148099998477846 ], [ 40520272.441799998283386, 3530721.658900000154972 ], [ 40520221.0033999979496, 3530730.813399999868125 ], [ 40520205.95269999653101, 3530733.4137 ], [ 40520174.601000003516674, 3530738.3277000002563 ], [ 40520201.7095, 3530802.192300000693649 ], [ 40520205.1501, 3530812.320299999322742 ], [ 40520208.0273, 3530822.622600000351667 ], [ 40520210.332400001585484, 3530833.067800000309944 ], [ 40520212.0585, 3530843.624099999666214 ], [ 40520213.19990000128746, 3530854.25629999814555 ], [ 40520213.753899998962879, 3530864.935100000351667 ], [ 40520213.7187, 3530875.628200000151992 ], [ 40520213.094499997794628, 3530886.303199999500066 ], [ 40520270.7034, 3530889.118200000375509 ] ] ] ] } },
{ "type": "Feature", "properties": { "OBJECTID": 1095, "DKBH": "ZC-CZ-A03-52", "YDDM": "B1", "DKMJ": 15560.4, "YDJRX": "A、B、S、G", "RJL": "1.5-3.5", "JZMD": "≤55%", "LDL": "≥15%", "JDCW": "0.6个/100㎡", "DTSTZB": " ", "CSSJZB": " ", "REMARK": " ", "PLANNAME": "江阴市中心城区主城控制性详细规划", "PLANDATE": "2014-05-10T00:00:00Z", "PLANUNIT": "江阴市城乡规划设计院", "PASSDATE": "2014-05-25T00:00:00Z", "STARTTIME": "2014-08-15T12:00:00Z", "FGUID": "ed3e8320-9922-4af4-9444-805683f2ed64", "CADNAME": "03B1商业用地", "DXKJKF": " ", "YDXZ": "商业用地", "FTZMC": "ZC-CZ-A03-36-60.dwg", "JZGD": "/", "JC": "主城城中分区控规", "SHAPE_Length": 504.86765711608649, "SHAPE_Area": 15564.994900571886 }, "geometry": { "type": "MultiPolygon", "coordinates": [ [ [ [ 40520109.6827, 3530841.3339 ], [ 40520070.7535, 3530749.829699999187142 ], [ 40520036.984300002455711, 3530752.00870000012219 ], [ 40520003.174800001084805, 3530753.429399998858571 ], [ 40519969.341700002551079, 3530754.091199999209493 ], [ 40519976.691, 3530826.756900000851601 ], [ 40519974.330200001597404, 3530874.95249999826774 ], [ 40520115.582900002598763, 3530881.871900000143796 ], [ 40520115.627999998629093, 3530873.632799999322742 ], [ 40520115.055600002408028, 3530865.413399999495596 ], [ 40520113.868900001049042, 3530857.259999999310821 ], [ 40520112.074600003659725, 3530849.218399998731911 ], [ 40520109.6827, 3530841.3339 ] ] ] ] } },
{ "type": "Feature", "properties": { "OBJECTID": 1097, "DKBH": "ZC-CZ-A04-70", "YDDM": "B1", "DKMJ": 16887.5, "YDJRX": "A、B、S、G", "RJL": "2.0-5.5", "JZMD": "≤60%", "LDL": "≥15%", "JDCW": "0.6个/100㎡", "DTSTZB": " ", "CSSJZB": " ", "REMARK": " ", "PLANNAME": "江阴市中心城区主城控制性详细规划", "PLANDATE": "2014-05-10T00:00:00Z", "PLANUNIT": "江阴市城乡规划设计院", "PASSDATE": "2014-05-25T00:00:00Z", "STARTTIME": "2014-08-15T12:00:00Z", "FGUID": "ef43222e-a281-4f12-9795-d0d58403cd19", "CADNAME": "03B1商业用地", "DXKJKF": " ", "YDXZ": "商业用地", "FTZMC": "ZC-CZ-A04-37-70.dwg", "JZGD": "/", "JC": "主城城中分区控规", "SHAPE_Length": 526.75557734880567, "SHAPE_Area": 16887.77042403954 }, "geometry": { "type": "MultiPolygon", "coordinates": [ [ [ [ 40521134.058200001716614, 3530665.9485 ], [ 40520996.826700001955032, 3530614.107099999208003 ], [ 40520989.2702, 3530618.901899999007583 ], [ 40520980.562299996614456, 3530729.231999998912215 ], [ 40520979.669600002467632, 3530740.542899998836219 ], [ 40521137.066100001335144, 3530751.632499999832362 ], [ 40521141.875799998641014, 3530747.387100000400096 ], [ 40521145.348399996757507, 3530683.265700001269579 ], [ 40521134.058200001716614, 3530665.9485 ] ] ] ] } },
{ "type": "Feature", "properties": { "OBJECTID": 1221, "DKBH": "ZC-CZ-A04-83", "YDDM": "B1", "DKMJ": 29503.4, "YDJRX": "A、B、S、G", "RJL": "1.5-5", "JZMD": "≤55%", "LDL": "≥15%", "JDCW": "0.6个/100㎡", "DTSTZB": " ", "CSSJZB": " ", "REMARK": " ", "PLANNAME": "江阴市中心城区主城控制性详细规划", "PLANDATE": "2014-05-10T00:00:00Z", "PLANUNIT": "江阴市城乡规划设计院", "PASSDATE": "2014-05-25T00:00:00Z", "STARTTIME": "2014-08-15T12:00:00Z", "FGUID": "52456305-fe72-4ddd-aa6d-10f4d7d3e1f3", "CADNAME": "03B1商业用地", "DXKJKF": " ", "YDXZ": "商业用地", "FTZMC": "ZC-CZ-A04-71-88.dwg", "JZGD": "/", "JC": "主城城中分区控规", "SHAPE_Length": 684.30587760435117, "SHAPE_Area": 29503.867005557637 }, "geometry": { "type": "MultiPolygon", "coordinates": [ [ [ [ 40521155.695200003683567, 3530411.118100000545382 ], [ 40520996.59570000320673, 3530398.40849999897182 ], [ 40520993.22860000282526, 3530553.7637 ], [ 40520998.246399998664856, 3530561.19400000013411 ], [ 40521138.013999998569489, 3530613.993599999696016 ], [ 40521149.505400002002716, 3530606.501699999440461 ], [ 40521159.830399997532368, 3530415.847199999727309 ], [ 40521155.695200003683567, 3530411.118100000545382 ] ] ] ] } },
{ "type": "Feature", "properties": { "OBJECTID": 1224, "DKBH": "ZC-CZ-A04-55", "YDDM": "B1", "DKMJ": 6933.3, "YDJRX": "A、B、S、G", "RJL": "1.5-4.5", "JZMD": "≤60%", "LDL": "≥15%", "JDCW": "0.6个/100㎡", "DTSTZB": " ", "CSSJZB": " ", "REMARK": " ", "PLANNAME": "江阴市中心城区主城控制性详细规划", "PLANDATE": "2014-05-10T00:00:00Z", "PLANUNIT": "江阴市城乡规划设计院", "PASSDATE": "2014-05-25T00:00:00Z", "STARTTIME": "2014-08-15T12:00:00Z", "FGUID": "afae5908-55ac-4b73-ba3b-2b091d738021", "CADNAME": "03B1商业用地", "DXKJKF": " ", "YDXZ": "商业用地", "FTZMC": "ZC-CZ-A04-37-70.dwg", "JZGD": "/", "JC": "主城城中分区控规", "SHAPE_Length": 339.5222158643486, "SHAPE_Area": 6933.4086049927673 }, "geometry": { "type": "MultiPolygon", "coordinates": [ [ [ [ 40520278.648000001907349, 3530602.703899999149144 ], [ 40520217.286399997770786, 3530602.253799999598414 ], [ 40520212.781000003218651, 3530606.720999999437481 ], [ 40520212.6497, 3530710.671299999114126 ], [ 40520217.937299996614456, 3530715.107599999755621 ], [ 40520269.638099998235703, 3530705.906099999789149 ], [ 40520275.814800001680851, 3530704.846199999563396 ], [ 40520278.648000001907349, 3530602.703899999149144 ] ] ] ] } },
{ "type": "Feature", "properties": { "OBJECTID": 1225, "DKBH": "ZC-CZ-A04-54", "YDDM": "B1", "DKMJ": 6786.9, "YDJRX": "A、B、S、G", "RJL": "1.2-4.5", "JZMD": "≤60%", "LDL": "≥15%", "JDCW": "0.6个/100㎡", "DTSTZB": " ", "CSSJZB": " ", "REMARK": " ", "PLANNAME": "江阴市中心城区主城控制性详细规划", "PLANDATE": "2014-05-10T00:00:00Z", "PLANUNIT": "江阴市城乡规划设计院", "PASSDATE": "2014-05-25T00:00:00Z", "STARTTIME": "2014-08-15T12:00:00Z", "FGUID": "513983a5-ebd3-431b-8b4a-349994d2253a", "CADNAME": "03B1商业用地", "DXKJKF": " ", "YDXZ": "商业用地", "FTZMC": "ZC-CZ-A04-37-70.dwg", "JZGD": "/", "JC": "主城城中分区控规", "SHAPE_Length": 360.8937837716158, "SHAPE_Area": 6786.1317636188178 }, "geometry": { "type": "MultiPolygon", "coordinates": [ [ [ [ 40520192.28660000115633, 3530602.070600000675768 ], [ 40520111.215899996459484, 3530601.476099999155849 ], [ 40520118.242799997329712, 3530617.7207 ], [ 40520135.760499998927116, 3530652.424200000241399 ], [ 40520144.192199997603893, 3530669.937799999024719 ], [ 40520152.404200002551079, 3530687.555200001224875 ], [ 40520168.163400001823902, 3530723.091899998951703 ], [ 40520192.856299996376038, 3530719.346400000154972 ], [ 40520196.644100002944469, 3530714.908799999859184 ], [ 40520196.7808, 3530606.6036 ], [ 40520192.28660000115633, 3530602.070600000675768 ] ] ] ] } },
{ "type": "Feature", "properties": { "OBJECTID": 1226, "DKBH": "ZC-CZ-A03-74", "YDDM": "B1", "DKMJ": 13873.9, "YDJRX": "A、B、S、G", "RJL": "1.2-3.5", "JZMD": "≤60%", "LDL": "≥15%", "JDCW": "0.6个/100㎡", "DTSTZB": " ", "CSSJZB": " ", "REMARK": " ", "PLANNAME": "江阴市中心城区主城控制性详细规划", "PLANDATE": "2014-05-10T00:00:00Z", "PLANUNIT": "江阴市城乡规划设计院", "PASSDATE": "2014-05-25T00:00:00Z", "STARTTIME": "2014-08-15T12:00:00Z", "FGUID": "74d10a45-92e4-4a4e-a6ac-6461113fa56a", "CADNAME": "03B1商业用地", "DXKJKF": " ", "YDXZ": "商业用地", "FTZMC": "ZC-CZ-A03-61-76.dwg", "JZGD": "/", "JC": "主城城中分区控规", "SHAPE_Length": 524.73516467447325, "SHAPE_Area": 13875.758896391595 }, "geometry": { "type": "MultiPolygon", "coordinates": [ [ [ [ 40519867.1048, 3530207.477699998766184 ], [ 40519821.6532, 3530206.573299999348819 ], [ 40519821.364500001072884, 3530216.085399999748915 ], [ 40519819.600599996745586, 3530301.815799999516457 ], [ 40519822.4828, 3530331.881700000260025 ], [ 40519821.394100002944469, 3530384.796799998730421 ], [ 40519843.8724, 3530405.053700000513345 ], [ 40519918.743100002408028, 3530395.688599999528378 ], [ 40519867.1048, 3530207.477699998766184 ] ] ] ] } },
{ "type": "Feature", "properties": { "OBJECTID": 1227, "DKBH": "ZC-CZ-A05-18", "YDDM": "B1", "DKMJ": 13588.5, "YDJRX": "A、B、S、G", "RJL": "1.0-3.5", "JZMD": "≤55%", "LDL": "≥15%", "JDCW": "0.6个/100㎡", "DTSTZB": " ", "CSSJZB": " ", "REMARK": " ", "PLANNAME": "江阴市中心城区主城控制性详细规划", "PLANDATE": "2014-05-10T00:00:00Z", "PLANUNIT": "江阴市城乡规划设计院", "PASSDATE": "2014-05-25T00:00:00Z", "STARTTIME": "2014-08-15T12:00:00Z", "FGUID": "80622f11-49e4-445b-8588-de0a6117c916", "CADNAME": "03B1商业用地", "DXKJKF": " ", "YDXZ": "商业用地", "FTZMC": "ZC-CZ-A05-01-24.dwg", "JZGD": "/", "JC": "主城城中分区控规", "SHAPE_Length": 462.55916746920974, "SHAPE_Area": 13588.771260998168 }, "geometry": { "type": "MultiPolygon", "coordinates": [ [ [ [ 40519716.12950000166893, 3529318.163400000426918 ], [ 40519696.7725, 3529317.689899999182671 ], [ 40519694.615199998021126, 3529436.908999999053776 ], [ 40519816.021700002253056, 3529439.106000000145286 ], [ 40519816.159500002861023, 3529431.49349999986589 ], [ 40519813.20269999653101, 3529401.434799999464303 ], [ 40519814.243199996650219, 3529343.943699999712408 ], [ 40519794.735399998724461, 3529323.587699999567121 ], [ 40519736.0383, 3529322.151600000448525 ], [ 40519716.12950000166893, 3529318.163400000426918 ] ] ] ] } },
{ "type": "Feature", "properties": { "OBJECTID": 1229, "DKBH": "ZC-CZ-B05-54", "YDDM": "B1", "DKMJ": 16052.9, "YDJRX": "A、B、S、G", "RJL": "1.0-3.5", "JZMD": "≤50%", "LDL": "≥20%", "JDCW": "0.6个/100㎡", "DTSTZB": " ", "CSSJZB": " ", "REMARK": " ", "PLANNAME": "江阴市中心城区主城控制性详细规划", "PLANDATE": "2014-05-10T00:00:00Z", "PLANUNIT": "江阴市城乡规划设计院", "PASSDATE": "2014-05-25T00:00:00Z", "STARTTIME": "2014-08-15T12:00:00Z", "FGUID": "f6dd8627-528a-4840-a782-4151740cd718", "CADNAME": "03B1商业用地", "DXKJKF": " ", "YDXZ": "商业用地", "FTZMC": "ZC-CZ-B05-53-73.dwg", "JZGD": "/", "JC": "主城城中分区控规", "SHAPE_Length": 741.3154410462605, "SHAPE_Area": 16053.228549360134 }, "geometry": { "type": "MultiPolygon", "coordinates": [ [ [ [ 40523294.8961, 3530517.290600000414997 ], [ 40523159.002700001001358, 3530466.0131 ], [ 40523134.442100003361702, 3530531.606699999421835 ], [ 40523206.536399997770786, 3530559.494900000281632 ], [ 40523356.517700001597404, 3530617.512000001035631 ], [ 40523394.9437, 3530628.623499999754131 ], [ 40523416.806500002741814, 3530637.080699999351054 ], [ 40523429.065499998629093, 3530604.702699999790639 ], [ 40523282.928400002419949, 3530548.249399999156594 ], [ 40523294.8961, 3530517.290600000414997 ] ] ] ] } },
{ "type": "Feature", "properties": { "OBJECTID": 1309, "DKBH": "ZC-CZ-A04-61", "YDDM": "B1", "DKMJ": 8697.5, "YDJRX": "A、B、S、G", "RJL": "1.5-5.0", "JZMD": "≤60%", "LDL": "≥15%", "JDCW": "0.6个/100㎡", "DTSTZB": " ", "CSSJZB": " ", "REMARK": " ", "PLANNAME": "江阴市中心城区主城控制性详细规划", "PLANDATE": "2014-05-10T00:00:00Z", "PLANUNIT": "江阴市城乡规划设计院", "PASSDATE": "2014-05-25T00:00:00Z", "STARTTIME": "2014-08-15T12:00:00Z", "FGUID": "755aa8b1-eca2-4c36-90a8-57023e32f5d6", "CADNAME": "03B1商业用地", "DXKJKF": " ", "YDXZ": "商业用地", "FTZMC": "ZC-CZ-A04-37-70.dwg", "JZGD": "/", "JC": "主城城中分区控规", "SHAPE_Length": 383.39826537867123, "SHAPE_Area": 8697.6634666139998 }, "geometry": { "type": "MultiPolygon", "coordinates": [ [ [ [ 40520282.520999997854233, 3530463.078999999444932 ], [ 40520226.421499997377396, 3530453.3698 ], [ 40520212.960299998521805, 3530464.686999998986721 ], [ 40520212.812600001692772, 3530581.720300000160933 ], [ 40520217.3068, 3530586.253399999812245 ], [ 40520279.091700002551079, 3530586.706499999854714 ], [ 40520282.520999997854233, 3530463.078999999444932 ] ] ] ] } },
{ "type": "Feature", "properties": { "OBJECTID": 1324, "DKBH": "ZC-CZ-A03-49", "YDDM": "A7", "DKMJ": 2350.6, "YDJRX": " ", "RJL": " ", "JZMD": " ", "LDL": " ", "JDCW": "0.5个/100㎡", "DTSTZB": " ", "CSSJZB": " ", "REMARK": " ", "PLANNAME": "江阴市中心城区主城控制性详细规划", "PLANDATE": "2014-05-10T00:00:00Z", "PLANUNIT": "江阴市城乡规划设计院", "PASSDATE": "2014-05-25T00:00:00Z", "STARTTIME": "2014-08-15T12:00:00Z", "FGUID": "55f49b28-7a47-4e6b-b2fd-c00a2699acc1", "CADNAME": "02A7文物古迹用地", "DXKJKF": " ", "YDXZ": "文物古迹用地", "FTZMC": "ZC-CZ-A03-36-60.dwg", "JZGD": "/", "JC": "主城城中分区控规", "SHAPE_Length": 199.22951440679537, "SHAPE_Area": 2350.6478696468303 }, "geometry": { "type": "MultiPolygon", "coordinates": [ [ [ [ 40519865.107500001788139, 3530817.385499998927116 ], [ 40519866.655500002205372, 3530811.8287 ], [ 40519869.642899997532368, 3530812.6491 ], [ 40519873.51070000231266, 3530798.413200000301003 ], [ 40519873.012900002300739, 3530798.307399999815971 ], [ 40519877.1875, 3530776.343399998731911 ], [ 40519877.9485, 3530758.617899999022484 ], [ 40519878.195699997246265, 3530752.230999998282641 ], [ 40519842.758199997246265, 3530750.858700000215322 ], [ 40519832.614, 3530809.763599999714643 ], [ 40519865.107500001788139, 3530817.385499998927116 ] ] ] ] } },
{ "type": "Feature", "properties": { "OBJECTID": 1466, "DKBH": "ZC-CZ-B05-25", "YDDM": "A1", "DKMJ": 11629.3, "YDJRX": " ", "RJL": "0.7-2.5", "JZMD": "≤40%", "LDL": "≥15%", "JDCW": "0.75个/100㎡", "DTSTZB": " ", "CSSJZB": " ", "REMARK": " ", "PLANNAME": "江阴市中心城区主城控制性详细规划", "PLANDATE": "2014-05-10T00:00:00Z", "PLANUNIT": "江阴市城乡规划设计院", "PASSDATE": "2014-05-25T00:00:00Z", "STARTTIME": "2014-08-15T12:00:00Z", "FGUID": "6cd81cc4-b642-44ad-a125-57409db97b09", "CADNAME": "02A1行政办公用地", "DXKJKF": " ", "YDXZ": "行政办公用地", "FTZMC": "ZC-CZ-B05-19-52.dwg", "JZGD": "/", "JC": "主城城中分区控规", "SHAPE_Length": 500.3365884152322, "SHAPE_Area": 11629.558152095451 }, "geometry": { "type": "MultiPolygon", "coordinates": [ [ [ [ 40523530.5915, 3531561.7344 ], [ 40523579.732299998402596, 3531571.483699999283999 ], [ 40523601.817199997603893, 3531489.5409 ], [ 40523547.5308, 3531475.080699999351054 ], [ 40523517.640500001609325, 3531470.741 ], [ 40523505.9586, 3531467.629300000146031 ], [ 40523467.827299997210503, 3531613.694399999454618 ], [ 40523515.707900002598763, 3531625.992499998770654 ], [ 40523522.693999998271465, 3531593.644999999087304 ], [ 40523529.4195, 3531562.504200000315905 ], [ 40523529.470299996435642, 3531562.3394 ], [ 40523529.548600003123283, 3531562.1858 ], [ 40523529.652199998497963, 3531562.047899998724461 ], [ 40523529.777900002896786, 3531561.929899998940527 ], [ 40523529.9221, 3531561.83530000038445 ], [ 40523530.080300003290176, 3531561.766799999866635 ], [ 40523530.248000003397465, 3531561.726499999407679 ], [ 40523530.420100003480911, 3531561.71559999929741 ], [ 40523530.5915, 3531561.7344 ] ] ] ] } },
{ "type": "Feature", "properties": { "OBJECTID": 1467, "DKBH": "ZC-CZ-B05-55", "YDDM": "A1", "DKMJ": 2778.8, "YDJRX": " ", "RJL": "≤1.0", "JZMD": "≤40%", "LDL": "≥20%", "JDCW": "1.0个/100㎡", "DTSTZB": " ", "CSSJZB": " ", "REMARK": " ", "PLANNAME": "江阴市中心城区主城控制性详细规划", "PLANDATE": "2014-05-10T00:00:00Z", "PLANUNIT": "江阴市城乡规划设计院", "PASSDATE": "2014-05-25T00:00:00Z", "STARTTIME": "2014-08-15T12:00:00Z", "FGUID": "2db81cd9-7fa3-4e57-b23b-8225404595ff", "CADNAME": "02A1行政办公用地", "DXKJKF": " ", "YDXZ": "行政办公用地", "FTZMC": "ZC-CZ-B05-53-73.dwg", "JZGD": "/", "JC": "主城城中分区控规", "SHAPE_Length": 225.18096704501673, "SHAPE_Area": 2778.8876940724572 }, "geometry": { "type": "MultiPolygon", "coordinates": [ [ [ [ 40523500.135499998927116, 3530632.157299998681992 ], [ 40523429.065499998629093, 3530604.702699999790639 ], [ 40523416.806500002741814, 3530637.080699999351054 ], [ 40523486.7879, 3530664.151499998755753 ], [ 40523501.043700002133846, 3530653.937899999786168 ], [ 40523500.135499998927116, 3530632.157299998681992 ] ] ] ] } },
{ "type": "Feature", "properties": { "OBJECTID": 1468, "DKBH": "ZC-CZ-A04-14", "YDDM": "A1", "DKMJ": 3948.8, "YDJRX": " ", "RJL": "≤2.0", "JZMD": "≤40%", "LDL": "≥15%", "JDCW": "1.0个/100㎡", "DTSTZB": " ", "CSSJZB": " ", "REMARK": " ", "PLANNAME": "江阴市中心城区主城控制性详细规划", "PLANDATE": "2014-05-10T00:00:00Z", "PLANUNIT": "江阴市城乡规划设计院", "PASSDATE": "2014-05-25T00:00:00Z", "STARTTIME": "2014-08-15T12:00:00Z", "FGUID": "3422e68a-ad4a-450e-86c9-6b2bf43b64fb", "CADNAME": "02A1行政办公用地", "DXKJKF": " ", "YDXZ": "行政办公用地", "FTZMC": "ZC-CZ-A04-01-20.dwg", "JZGD": "/", "JC": "主城城中分区控规", "SHAPE_Length": 260.27821848739615, "SHAPE_Area": 3948.8402979691091 }, "geometry": { "type": "MultiPolygon", "coordinates": [ [ [ [ 40520869.9511, 3531495.201699999626726 ], [ 40520787.839199997484684, 3531490.218999999575317 ], [ 40520784.714599996805191, 3531537.585199999157339 ], [ 40520866.102700002491474, 3531543.958900000434369 ], [ 40520869.603699997067451, 3531499.602700000163168 ], [ 40520869.9511, 3531495.201699999626726 ] ] ] ] } },
{ "type": "Feature", "properties": { "OBJECTID": 1471, "DKBH": "ZC-CZ-A05-58", "YDDM": "S41", "DKMJ": 5908.5, "YDJRX": " ", "RJL": " ", "JZMD": " ", "LDL": " ", "JDCW": " ", "DTSTZB": " ", "CSSJZB": " ", "REMARK": " ", "PLANNAME": "江阴市中心城区主城控制性详细规划", "PLANDATE": "2014-05-10T00:00:00Z", "PLANUNIT": "江阴市城乡规划设计院", "PASSDATE": "2014-05-25T00:00:00Z", "STARTTIME": "2014-08-15T12:00:00Z", "FGUID": "fecde14b-51a8-4080-9ae5-dffb4b97c412", "CADNAME": "06S41公共交通场站用地", "DXKJKF": " ", "YDXZ": "公共交通场站用地", "FTZMC": "ZC-CZ-A05-46-74.dwg", "JZGD": "/", "JC": "主城城中分区控规", "SHAPE_Length": 301.62920250265665, "SHAPE_Area": 5908.6204531923995 }, "geometry": { "type": "MultiPolygon", "coordinates": [ [ [ [ 40520965.041299998760223, 3529439.816599999554455 ], [ 40520890.7482, 3529438.19139999942854 ], [ 40520888.975100003182888, 3529519.249099999666214 ], [ 40520954.116700001060963, 3529515.92100000102073 ], [ 40520965.9762, 3529503.708199999760836 ], [ 40520966.9291, 3529459.7412 ], [ 40520965.041299998760223, 3529439.816599999554455 ] ] ] ] } },
{ "type": "Feature", "properties": { "OBJECTID": 1472, "DKBH": "ZC-CZ-A05-62", "YDDM": "S41", "DKMJ": 31665.0, "YDJRX": " ", "RJL": " ", "JZMD": " ", "LDL": " ", "JDCW": " ", "DTSTZB": " ", "CSSJZB": " ", "REMARK": " ", "PLANNAME": "江阴市中心城区主城控制性详细规划", "PLANDATE": "2014-05-10T00:00:00Z", "PLANUNIT": "江阴市城乡规划设计院", "PASSDATE": "2014-05-25T00:00:00Z", "STARTTIME": "2014-08-15T12:00:00Z", "FGUID": "3f39cf3c-c99e-432f-8c56-2fefe4239d77", "CADNAME": "06S41公共交通场站用地", "DXKJKF": " ", "YDXZ": "公共交通场站用地", "FTZMC": "ZC-CZ-A05-46-74.dwg", "JZGD": "/", "JC": "主城城中分区控规", "SHAPE_Length": 691.31187551802282, "SHAPE_Area": 31665.597298561053 }, "geometry": { "type": "MultiPolygon", "coordinates": [ [ [ [ 40521196.459399998188019, 3529366.885599999222904 ], [ 40521184.268799997866154, 3529354.083499998785555 ], [ 40521130.345299996435642, 3529352.76410000026226 ], [ 40521100.268399998545647, 3529355.529500000644475 ], [ 40521020.29169999808073, 3529353.572599999606609 ], [ 40521002.367600001394749, 3529370.688399999868125 ], [ 40521001.468199998140335, 3529412.178999999072403 ], [ 40520997.5356, 3529432.09859999967739 ], [ 40520996.010799996554852, 3529502.451599999796599 ], [ 40521008.236199997365475, 3529515.254399999510497 ], [ 40521188.220299996435642, 3529519.658099999651313 ], [ 40521192.829000003635883, 3529515.2695 ], [ 40521196.459399998188019, 3529366.885599999222904 ] ] ] ] } },
{ "type": "Feature", "properties": { "OBJECTID": 1836, "DKBH": "ZC-CZ-B05-22", "YDDM": "B1", "DKMJ": 12686.9, "YDJRX": "A、B、S、G", "RJL": "≤4.0", "JZMD": "≤60%", "LDL": "≥20%", "JDCW": "0.5个/100㎡", "DTSTZB": " ", "CSSJZB": " ", "REMARK": " ", "PLANNAME": "江阴市中心城区主城控制性详细规划", "PLANDATE": "2014-05-10T00:00:00Z", "PLANUNIT": "江阴市城乡规划设计院", "PASSDATE": "2014-05-25T00:00:00Z", "STARTTIME": "2014-08-15T12:00:00Z", "FGUID": "81f4fdae-6e6f-4b52-9fae-725ec1049dfa", "CADNAME": "03B1商业用地", "DXKJKF": " ", "YDXZ": "商业用地", "FTZMC": "ZC-CZ-B05-19-52.dwg", "JZGD": "/", "JC": "主城城中分区控规", "SHAPE_Length": 467.06959805521046, "SHAPE_Area": 12687.143477403659 }, "geometry": { "type": "MultiPolygon", "coordinates": [ [ [ [ 40523870.00280000269413, 3531714.316700000315905 ], [ 40523742.678400002419949, 3531699.075199999846518 ], [ 40523735.5805, 3531703.672100000549108 ], [ 40523713.723499998450279, 3531773.784199999179691 ], [ 40523868.150200001895428, 3531811.358 ], [ 40523870.5806, 3531769.407599999569356 ], [ 40523867.055200003087521, 3531762.09250000026077 ], [ 40523870.00280000269413, 3531714.316700000315905 ] ] ] ] } },
{ "type": "Feature", "properties": { "OBJECTID": 1883, "DKBH": "ZC-CZ-A04-52", "YDDM": "A7", "DKMJ": 317.2, "YDJRX": " ", "RJL": " ", "JZMD": " ", "LDL": " ", "JDCW": "0.5个/100㎡", "DTSTZB": " ", "CSSJZB": " ", "REMARK": " ", "PLANNAME": "江阴市中心城区主城控制性详细规划", "PLANDATE": "2014-05-10T00:00:00Z", "PLANUNIT": "江阴市城乡规划设计院", "PASSDATE": "2014-05-25T00:00:00Z", "STARTTIME": "2014-08-15T12:00:00Z", "FGUID": "fcb4abbb-69a4-490b-a49c-393e13be92f1", "CADNAME": "02A7文物古迹用地", "DXKJKF": " ", "YDXZ": "文物古迹用地", "FTZMC": "ZC-CZ-A04-37-70.dwg", "JZGD": "/", "JC": "主城城中分区控规", "SHAPE_Length": 113.52332856918343, "SHAPE_Area": 317.1626332317831 }, "geometry": { "type": "MultiPolygon", "coordinates": [ [ [ [ 40520128.830799996852875, 3530703.5562 ], [ 40520125.822400003671646, 3530697.130099999718368 ], [ 40520077.799500003457069, 3530709.831600000616163 ], [ 40520079.0695, 3530715.309500000439584 ], [ 40520128.830799996852875, 3530703.5562 ] ] ] ] } },
{ "type": "Feature", "properties": { "OBJECTID": 2009, "DKBH": "ZC-CZ-B05-18", "YDDM": "B2", "DKMJ": 9670.5, "YDJRX": "A、B、S、G", "RJL": "≤3.5", "JZMD": "≤55%", "LDL": "≥15%", "JDCW": "0.6个/100㎡", "DTSTZB": " ", "CSSJZB": " ", "REMARK": " ", "PLANNAME": "江阴市中心城区主城控制性详细规划", "PLANDATE": "2014-05-10T00:00:00Z", "PLANUNIT": "江阴市城乡规划设计院", "PASSDATE": "2014-05-25T00:00:00Z", "STARTTIME": "2014-08-15T12:00:00Z", "FGUID": "c43338be-6dcc-4146-9227-26483b9abb18", "CADNAME": "03B2商务用地", "DXKJKF": " ", "YDXZ": "商务用地", "FTZMC": "ZC-CZ-B05-01-18.dwg", "JZGD": "/", "JC": "主城城中分区控规", "SHAPE_Length": 399.47727223837779, "SHAPE_Area": 9670.6573329136863 }, "geometry": { "type": "MultiPolygon", "coordinates": [ [ [ [ 40523422.305, 3530675.127100000157952 ], [ 40523402.6431, 3530667.521300000138581 ], [ 40523399.18469999730587, 3530785.923099999316037 ], [ 40523500.8055, 3530786.257599999196827 ], [ 40523502.293200001120567, 3530725.9695999994874 ], [ 40523487.76519999653101, 3530704.201899999752641 ], [ 40523439.695699997246265, 3530685.607099998276681 ], [ 40523422.305, 3530675.127100000157952 ] ] ] ] } },
{ "type": "Feature", "properties": { "OBJECTID": 2028, "DKBH": "ZC-CZ-A04-59", "YDDM": "A7", "DKMJ": 1507.4, "YDJRX": " ", "RJL": " ", "JZMD": " ", "LDL": " ", "JDCW": "0.5个/100㎡", "DTSTZB": " ", "CSSJZB": " ", "REMARK": " ", "PLANNAME": "江阴市中心城区主城控制性详细规划", "PLANDATE": "2014-05-10T00:00:00Z", "PLANUNIT": "江阴市城乡规划设计院", "PASSDATE": "2014-05-25T00:00:00Z", "STARTTIME": "2014-08-15T12:00:00Z", "FGUID": "294a6a9b-2536-426f-9ce5-40451fe12102", "CADNAME": "02A7文物古迹用地", "DXKJKF": " ", "YDXZ": "文物古迹用地", "FTZMC": "ZC-CZ-A04-37-70.dwg", "JZGD": "/", "JC": "主城城中分区控规", "SHAPE_Length": 173.25214222547424, "SHAPE_Area": 1507.3967194758927 }, "geometry": { "type": "MultiPolygon", "coordinates": [ [ [ [ 40520172.5872, 3530581.179 ], [ 40520172.7791, 3530547.524099999573082 ], [ 40520131.532899998128414, 3530547.188999999780208 ], [ 40520117.7465, 3530549.144700000528246 ], [ 40520120.5568, 3530568.709899999666959 ], [ 40520134.335600003600121, 3530566.677799999248236 ], [ 40520134.418499998748302, 3530569.197999999392778 ], [ 40520140.334799997508526, 3530569.239999999292195 ], [ 40520141.451499998569489, 3530579.275899999309331 ], [ 40520142.617700003087521, 3530580.070399999152869 ], [ 40520144.1747, 3530580.2804 ], [ 40520154.1756, 3530580.400399999693036 ], [ 40520154.164399996399879, 3530581.188699999824166 ], [ 40520172.5872, 3530581.179 ] ] ] ] } },
{ "type": "Feature", "properties": { "OBJECTID": 2051, "DKBH": "ZC-CZ-A04-60", "YDDM": "B1", "DKMJ": 18299.8, "YDJRX": "A、B、S、G", "RJL": "1.5-4.5", "JZMD": "≤60%", "LDL": "≥15%", "JDCW": "0.6个/100㎡", "DTSTZB": " ", "CSSJZB": " ", "REMARK": " ", "PLANNAME": "江阴市中心城区主城控制性详细规划", "PLANDATE": "2014-05-10T00:00:00Z", "PLANUNIT": "江阴市城乡规划设计院", "PASSDATE": "2014-05-25T00:00:00Z", "STARTTIME": "2014-08-15T12:00:00Z", "FGUID": "6dd52f2a-cf56-44db-999e-206a70ad9546", "CADNAME": "03B1商业用地", "DXKJKF": " ", "YDXZ": "商业用地", "FTZMC": "ZC-CZ-A04-37-70.dwg", "JZGD": "/", "JC": "主城城中分区控规", "SHAPE_Length": 705.96063053784189, "SHAPE_Area": 15289.393759053728 }, "geometry": { "type": "MultiPolygon", "coordinates": [ [ [ [ 40520172.5524, 3530585.925199999473989 ], [ 40520192.306900002062321, 3530586.070000000763685 ], [ 40520196.812399998307228, 3530581.602999998722225 ], [ 40520196.968599997460842, 3530457.9677 ], [ 40520187.4296, 3530446.621500000357628 ], [ 40520139.836999997496605, 3530438.384399999864399 ], [ 40520121.0827, 3530435.538899999577552 ], [ 40520102.226099997758865, 3530433.475999999325722 ], [ 40520083.3002, 3530432.198899998795241 ], [ 40520064.337399996817112, 3530431.710099999792874 ], [ 40520054.07150000333786, 3530431.7747 ], [ 40520061.0678, 3530446.705900000408292 ], [ 40520070.498499996960163, 3530468.293300000485033 ], [ 40520079.256099998950958, 3530490.16260000038892 ], [ 40520084.8838, 3530509.074199999682605 ], [ 40520089.797399997711182, 3530528.183899999130517 ], [ 40520093.989699997007847, 3530547.464700000360608 ], [ 40520097.372900001704693, 3530566.373699999880046 ], [ 40520100.0625, 3530585.39369999896735 ], [ 40520172.5524, 3530585.925199999473989 ] ], [ [ 40520134.418499998748302, 3530569.197999999392778 ], [ 40520134.335600003600121, 3530566.677799999248236 ], [ 40520120.5568, 3530568.709899999666959 ], [ 40520117.7465, 3530549.144700000528246 ], [ 40520131.532899998128414, 3530547.188999999780208 ], [ 40520172.7791, 3530547.524099999573082 ], [ 40520172.586800001561642, 3530581.178999999072403 ], [ 40520154.164399996399879, 3530581.188699999824166 ], [ 40520154.1756, 3530580.400399999693036 ], [ 40520144.1747, 3530580.2804 ], [ 40520142.617700003087521, 3530580.070399999152869 ], [ 40520141.451499998569489, 3530579.275899999309331 ], [ 40520140.334799997508526, 3530569.239999999292195 ], [ 40520134.418499998748302, 3530569.197999999392778 ] ] ] ] } },
{ "type": "Feature", "properties": { "OBJECTID": 2068, "DKBH": "ZC-CZ-A03-42", "YDDM": "A4", "DKMJ": 24693.3, "YDJRX": " ", "RJL": "≤2.0", "JZMD": "≤50%", "LDL": "≥30%", "JDCW": "2.0个/100座位", "DTSTZB": " ", "CSSJZB": " ", "REMARK": " ", "PLANNAME": "江阴市中心城区主城控制性详细规划", "PLANDATE": "2014-05-10T00:00:00Z", "PLANUNIT": "江阴市城乡规划设计院", "PASSDATE": "2014-05-25T00:00:00Z", "STARTTIME": "2014-08-15T12:00:00Z", "FGUID": "ac49bb1a-5d72-47da-9a63-96a4c5179dc7", "CADNAME": "02A4体育用地", "DXKJKF": " ", "YDXZ": "体育用地", "FTZMC": "ZC-CZ-A03-36-60.dwg", "JZGD": "/", "JC": "主城城中分区控规", "SHAPE_Length": 629.65605320830014, "SHAPE_Area": 24693.757804365432 }, "geometry": { "type": "MultiPolygon", "coordinates": [ [ [ [ 40519675.726800002157688, 3530887.363699999637902 ], [ 40519671.675899997353554, 3530887.246399999596179 ], [ 40519666.7751, 3531054.555100001394749 ], [ 40519813.611199997365475, 3531061.731199999339879 ], [ 40519820.3798, 3530895.541299999225885 ], [ 40519675.726800002157688, 3530887.363699999637902 ] ] ] ] } },
{ "type": "Feature", "properties": { "OBJECTID": 2277, "DKBH": "ZC-CZ-A03-73", "YDDM": "RB", "DKMJ": 13064.2, "YDJRX": "A、B、S、U、G", "RJL": "1.5-3.5", "JZMD": "≤50%", "LDL": "≥15%", "JDCW": "0.7个/100㎡", "DTSTZB": " ", "CSSJZB": " ", "REMARK": " ", "PLANNAME": "江阴市中心城区主城控制性详细规划", "PLANDATE": "2014-05-10T00:00:00Z", "PLANUNIT": "江阴市城乡规划设计院", "PASSDATE": "2014-05-25T00:00:00Z", "STARTTIME": "2014-08-15T12:00:00Z", "FGUID": "84889011-4f97-48a2-a017-13f7016ad67e", "CADNAME": "01RB商住混合用地", "DXKJKF": " ", "YDXZ": "商住混合用地", "FTZMC": "ZC-CZ-A03-61-76.dwg", "JZGD": "/", "JC": "主城城中分区控规", "SHAPE_Length": 456.86719153166217, "SHAPE_Area": 13064.345066760488 }, "geometry": { "type": "MultiPolygon", "coordinates": [ [ [ [ 40519740.094700001180172, 3530016.448499999474734 ], [ 40519720.832999996840954, 3530012.40309999929741 ], [ 40519717.974299997091293, 3530097.025300000794232 ], [ 40519715.993199996650219, 3530155.666799999307841 ], [ 40519791.146499998867512, 3530157.69319999916479 ], [ 40519803.3279, 3530147.53940000012517 ], [ 40519806.1184, 3530131.300599999260157 ], [ 40519809.43, 3530115.160000000149012 ], [ 40519810.422200001776218, 3530110.690899999812245 ], [ 40519813.278499998152256, 3530081.67490000044927 ], [ 40519814.114699997007847, 3530077.908099999651313 ], [ 40519817.008900001645088, 3530063.897000000812113 ], [ 40519819.487999998033047, 3530049.806499999016523 ], [ 40519821.55009999871254, 3530035.6491 ], [ 40519807.1827, 3530018.715099999681115 ], [ 40519740.094700001180172, 3530016.448499999474734 ] ] ] ] } },
{ "type": "Feature", "properties": { "OBJECTID": 2278, "DKBH": "ZC-CZ-A03-71", "YDDM": "RB", "DKMJ": 16953.8, "YDJRX": "A、B、S、U、G", "RJL": "1.5-3.5", "JZMD": "≤50%", "LDL": "≥15%", "JDCW": "0.7个/100㎡", "DTSTZB": " ", "CSSJZB": " ", "REMARK": " ", "PLANNAME": "江阴市中心城区主城控制性详细规划", "PLANDATE": "2014-05-10T00:00:00Z", "PLANUNIT": "江阴市城乡规划设计院", "PASSDATE": "2014-05-25T00:00:00Z", "STARTTIME": "2014-08-15T12:00:00Z", "FGUID": "bc038300-cbfd-4232-902d-ae8a2f7845f9", "CADNAME": "01RB商住混合用地", "DXKJKF": " ", "YDXZ": "商住混合用地", "FTZMC": "ZC-CZ-A03-61-76.dwg", "JZGD": "/", "JC": "主城城中分区控规", "SHAPE_Length": 516.63412694914189, "SHAPE_Area": 16955.091280043267 }, "geometry": { "type": "MultiPolygon", "coordinates": [ [ [ [ 40519787.154700003564358, 3530173.591500000562519 ], [ 40519698.303900003433228, 3530171.195599999744445 ], [ 40519693.655199997127056, 3530175.571999998763204 ], [ 40519688.5326, 3530328.9446 ], [ 40519692.8816, 3530333.534699998795986 ], [ 40519782.902000002563, 3530335.3868 ], [ 40519795.14639999717474, 3530323.636199999134988 ], [ 40519797.369499996304512, 3530215.591799998655915 ], [ 40519797.875799998641014, 3530201.043700001202524 ], [ 40519798.795500002801418, 3530186.515699999406934 ], [ 40519787.154700003564358, 3530173.591500000562519 ] ] ] ] } },
{ "type": "Feature", "properties": { "OBJECTID": 2534, "DKBH": "ZC-CZ-A04-26", "YDDM": "B3", "DKMJ": 25065.9, "YDJRX": "A、B、S、G", "RJL": "≤3.5", "JZMD": "≤55", "LDL": "≥15%", "JDCW": "0.6个/100㎡", "DTSTZB": " ", "CSSJZB": " ", "REMARK": " ", "PLANNAME": "江阴市中心城区主城控制性详细规划", "PLANDATE": "2014-05-10T00:00:00Z", "PLANUNIT": "江阴市城乡规划设计院", "PASSDATE": "2014-05-25T00:00:00Z", "STARTTIME": "2014-08-15T12:00:00Z", "FGUID": "7f2e31f7-957f-4d3a-a0d2-5f7e04f41995", "CADNAME": "03B3娱乐康体用地", "DXKJKF": " ", "YDXZ": "娱乐康体用地", "FTZMC": "ZC-CZ-A04-21-36.dwg", "JZGD": "/", "JC": "主城城中分区控规", "SHAPE_Length": 618.33182532061142, "SHAPE_Area": 25066.355519381486 }, "geometry": { "type": "MultiPolygon", "coordinates": [ [ [ [ 40520456.465000003576279, 3531207.115099999587983 ], [ 40520482.7328, 3531182.8405 ], [ 40520484.396300002932549, 3531122.863099999725819 ], [ 40520488.449299998581409, 3531102.967599999625236 ], [ 40520489.713299997150898, 3531057.397399999666959 ], [ 40520318.557800002396107, 3531048.603299999143928 ], [ 40520317.2958, 3531098.628200000151992 ], [ 40520320.038000002503395, 3531128.707300000358373 ], [ 40520318.5247, 3531188.688599999528378 ], [ 40520332.990900002419949, 3531204.30350000038743 ], [ 40520379.4569, 3531206.680499999318272 ], [ 40520399.609899997711182, 3531204.206600000150502 ], [ 40520456.465000003576279, 3531207.115099999587983 ] ] ] ] } },
{ "type": "Feature", "properties": { "OBJECTID": 2613, "DKBH": "ZC-CZ-A03-47", "YDDM": "A33a", "DKMJ": 18496.4, "YDJRX": " ", "RJL": "0.7-1.2", "JZMD": "≤30%", "LDL": "≥35%", "JDCW": "0.6个/100生", "DTSTZB": " ", "CSSJZB": " ", "REMARK": " ", "PLANNAME": "江阴市中心城区主城控制性详细规划", "PLANDATE": "2014-05-10T00:00:00Z", "PLANUNIT": "江阴市城乡规划设计院", "PASSDATE": "2014-05-25T00:00:00Z", "STARTTIME": "2014-08-15T12:00:00Z", "FGUID": "75723aba-f276-4036-a15a-274672fbbe3d", "CADNAME": "02A33a小学用地", "DXKJKF": " ", "YDXZ": "小学用地", "FTZMC": "ZC-CZ-A03-36-60.dwg", "JZGD": "/", "JC": "主城城中分区控规", "SHAPE_Length": 548.8871983295378, "SHAPE_Area": 18496.7443724941 }, "geometry": { "type": "MultiPolygon", "coordinates": [ [ [ [ 40519808.07769999653101, 3530749.5154 ], [ 40519680.442500002682209, 3530744.572200000286102 ], [ 40519675.725900001823902, 3530748.978599999565631 ], [ 40519672.4692, 3530860.165799998678267 ], [ 40519822.667499996721745, 3530867.523299999069422 ], [ 40519832.614, 3530809.763599999714643 ], [ 40519842.758199997246265, 3530750.858700000215322 ], [ 40519808.07769999653101, 3530749.5154 ] ] ] ] } },
{ "type": "Feature", "properties": { "OBJECTID": 2614, "DKBH": "ZC-CZ-B05-13", "YDDM": "A33a", "DKMJ": 47391.2, "YDJRX": " ", "RJL": "≤1.2", "JZMD": "≤30%", "LDL": "≥35%", "JDCW": "0.6个/100生", "DTSTZB": " ", "CSSJZB": " ", "REMARK": " ", "PLANNAME": "江阴市中心城区主城控制性详细规划", "PLANDATE": "2014-05-10T00:00:00Z", "PLANUNIT": "江阴市城乡规划设计院", "PASSDATE": "2014-05-25T00:00:00Z", "STARTTIME": "2014-08-15T12:00:00Z", "FGUID": "3218f080-4ec7-4ce0-ba08-9c4f898c97a4", "CADNAME": "02A33a小学用地", "DXKJKF": " ", "YDXZ": "小学用地", "FTZMC": "ZC-CZ-B05-01-18.dwg", "JZGD": "/", "JC": "主城城中分区控规", "SHAPE_Length": 868.33503483865275, "SHAPE_Area": 47392.115687641279 }, "geometry": { "type": "MultiPolygon", "coordinates": [ [ [ [ 40523000.27139999717474, 3530515.624999999534339 ], [ 40522907.005400002002716, 3530479.54700000025332 ], [ 40522882.5871, 3530494.682499999646097 ], [ 40522877.413599997758865, 3530550.806200000457466 ], [ 40522872.092600002884865, 3530570.400699999649078 ], [ 40522863.01349999755621, 3530668.889600000809878 ], [ 40522872.836900003254414, 3530682.7026 ], [ 40523097.887500002980232, 3530738.376699999440461 ], [ 40523105.3766999989748, 3530675.14780000038445 ], [ 40523109.104400001466274, 3530639.871500000823289 ], [ 40523127.4864, 3530561.082699998747557 ], [ 40523038.8407, 3530526.791899999603629 ], [ 40523000.27139999717474, 3530515.624999999534339 ] ] ] ] } },
{ "type": "Feature", "properties": { "OBJECTID": 2615, "DKBH": "ZC-CZ-B05-32", "YDDM": "A33a", "DKMJ": 7546.7, "YDJRX": " ", "RJL": "≤1.2", "JZMD": "≤35%", "LDL": "≥30%", "JDCW": "0.6个/100生", "DTSTZB": " ", "CSSJZB": " ", "REMARK": " ", "PLANNAME": "江阴市中心城区主城控制性详细规划", "PLANDATE": "2014-05-10T00:00:00Z", "PLANUNIT": "江阴市城乡规划设计院", "PASSDATE": "2014-05-25T00:00:00Z", "STARTTIME": "2014-08-15T12:00:00Z", "FGUID": "eafa5c16-846b-4ee2-97a8-51610c851128", "CADNAME": "02A33a小学用地", "DXKJKF": " ", "YDXZ": "小学用地", "FTZMC": "ZC-CZ-B05-19-52.dwg", "JZGD": "/", "JC": "主城城中分区控规", "SHAPE_Length": 349.86170735289119, "SHAPE_Area": 7546.8720063067476 }, "geometry": { "type": "MultiPolygon", "coordinates": [ [ [ [ 40523778.815800003707409, 3531339.076299998443574 ], [ 40523706.131099998950958, 3531317.222500000614673 ], [ 40523682.870399996638298, 3531403.540699999779463 ], [ 40523772.565399996936321, 3531429.02949999878183 ], [ 40523773.478200003504753, 3531429.2887 ], [ 40523778.815800003707409, 3531339.076299998443574 ] ] ] ] } },
{ "type": "Feature", "properties": { "OBJECTID": 2846, "DKBH": "ZC-CZ-A05-55", "YDDM": "A33a", "DKMJ": 33871.9, "YDJRX": " ", "RJL": "0.7-1.2", "JZMD": "≤30%", "LDL": "≥35%", "JDCW": "0.6个/100生", "DTSTZB": " ", "CSSJZB": " ", "REMARK": " ", "PLANNAME": "江阴市中心城区主城控制性详细规划", "PLANDATE": "2014-05-10T00:00:00Z", "PLANUNIT": "江阴市城乡规划设计院", "PASSDATE": "2014-05-25T00:00:00Z", "STARTTIME": "2014-08-15T12:00:00Z", "FGUID": "24dbef41-74cf-4748-b2ba-2838576bbcc1", "CADNAME": "02A33a小学用地", "DXKJKF": " ", "YDXZ": "小学用地", "FTZMC": "ZC-CZ-A05-46-74.dwg", "JZGD": "/", "JC": "主城城中分区控规", "SHAPE_Length": 719.24641690419799, "SHAPE_Area": 33872.474545360848 }, "geometry": { "type": "MultiPolygon", "coordinates": [ [ [ [ 40520756.616800002753735, 3529526.010899999178946 ], [ 40520764.4966000020504, 3529343.813100000377744 ], [ 40520742.754199996590614, 3529343.281300000380725 ], [ 40520702.680200003087521, 3529345.801799998618662 ], [ 40520605.6985, 3529343.429 ], [ 40520580.096500001847744, 3529367.728599999565631 ], [ 40520578.432800002396107, 3529427.706199999433011 ], [ 40520574.379600003361702, 3529447.601499999407679 ], [ 40520572.393200002610683, 3529519.221199999097735 ], [ 40520588.152800001204014, 3529534.6176 ], [ 40520756.616800002753735, 3529526.010899999178946 ] ] ] ] } },
{ "type": "Feature", "properties": { "OBJECTID": 2847, "DKBH": "ZC-CZ-A04-85", "YDDM": "A33a", "DKMJ": 55671.2, "YDJRX": " ", "RJL": "0.7-1.2", "JZMD": "≤30%", "LDL": "≥35%", "JDCW": "0.6个/100生", "DTSTZB": " ", "CSSJZB": " ", "REMARK": " ", "PLANNAME": "江阴市中心城区主城控制性详细规划", "PLANDATE": "2014-05-10T00:00:00Z", "PLANUNIT": "江阴市城乡规划设计院", "PASSDATE": "2014-05-25T00:00:00Z", "STARTTIME": "2014-08-15T12:00:00Z", "FGUID": "9d25ca00-bc8c-4db1-8725-49390d995894", "CADNAME": "02A33a小学用地", "DXKJKF": " ", "YDXZ": "小学用地", "FTZMC": "ZC-CZ-A04-71-88.dwg", "JZGD": "/", "JC": "主城城中分区控规", "SHAPE_Length": 986.0273634850289, "SHAPE_Area": 55672.238308943379 }, "geometry": { "type": "MultiPolygon", "coordinates": [ [ [ [ 40521178.2997, 3530074.804399998858571 ], [ 40521165.7575, 3530061.108699998818338 ], [ 40521115.218099996447563, 3530059.4013 ], [ 40521085.116800002753735, 3530061.886500000488013 ], [ 40521005.161700002849102, 3530059.185399998445064 ], [ 40521003.922399997711182, 3530060.357600000221282 ], [ 40520996.943000003695488, 3530382.384999999776483 ], [ 40521156.331, 3530395.117799999658018 ], [ 40521161.182800002396107, 3530390.875399999786168 ], [ 40521178.2997, 3530074.804399998858571 ] ] ] ] } },
{ "type": "Feature", "properties": { "OBJECTID": 2910, "DKBH": "ZC-CZ-A04-15", "YDDM": "G2", "DKMJ": 7052.0, "YDJRX": " ", "RJL": " ", "JZMD": " ", "LDL": "≥80%", "JDCW": " ", "DTSTZB": " ", "CSSJZB": " ", "REMARK": " ", "PLANNAME": "江阴市中心城区主城控制性详细规划", "PLANDATE": "2014-05-10T00:00:00Z", "PLANUNIT": "江阴市城乡规划设计院", "PASSDATE": "2014-05-25T00:00:00Z", "STARTTIME": "2014-08-15T12:00:00Z", "FGUID": "09b6cd40-9bd4-4ea2-9528-8dbe627b4e57", "CADNAME": "08G2防护绿地", "DXKJKF": " ", "YDXZ": "防护绿地", "FTZMC": "ZC-CZ-A04-01-20.dwg", "JZGD": "/", "JC": "主城城中分区控规", "SHAPE_Length": 791.99472006063195, "SHAPE_Area": 7052.1424759958481 }, "geometry": { "type": "MultiPolygon", "coordinates": [ [ [ [ 40520920.282799996435642, 3531492.973799999803305 ], [ 40520935.199600003659725, 3531303.977599999401718 ], [ 40520917.4872, 3531318.688200000673532 ], [ 40520914.615199998021126, 3531355.073900000192225 ], [ 40520909.5524, 3531374.736900000367314 ], [ 40520899.510899998247623, 3531501.963199999649078 ], [ 40520890.767399996519089, 3531612.744300000369549 ], [ 40520892.68299999833107, 3531632.957699999213219 ], [ 40520889.5357, 3531672.834099999628961 ], [ 40520903.588200002908707, 3531691.379099999554455 ], [ 40520904.607299998402596, 3531691.5806 ], [ 40520915.336000002920628, 3531555.647599999327213 ], [ 40520920.282799996435642, 3531492.973799999803305 ] ] ] ] } },
{ "type": "Feature", "properties": { "OBJECTID": 2911, "DKBH": "ZC-CZ-A04-29", "YDDM": "G2", "DKMJ": 5074.9, "YDJRX": " ", "RJL": " ", "JZMD": " ", "LDL": "≥80%", "JDCW": " ", "DTSTZB": " ", "CSSJZB": " ", "REMARK": " ", "PLANNAME": "江阴市中心城区主城控制性详细规划", "PLANDATE": "2014-05-10T00:00:00Z", "PLANUNIT": "江阴市城乡规划设计院", "PASSDATE": "2014-05-25T00:00:00Z", "STARTTIME": "2014-08-15T12:00:00Z", "FGUID": "8930d37a-f500-4488-b1bf-487d9a43c4d4", "CADNAME": "08G2防护绿地", "DXKJKF": " ", "YDXZ": "防护绿地", "FTZMC": "ZC-CZ-A04-21-36.dwg", "JZGD": "/", "JC": "主城城中分区控规", "SHAPE_Length": 574.71190814504348, "SHAPE_Area": 5074.9853370525452 }, "geometry": { "type": "MultiPolygon", "coordinates": [ [ [ [ 40520960.93469999730587, 3530977.913799999281764 ], [ 40520953.066399998962879, 3530977.529299999587238 ], [ 40520939.994999997317791, 3530989.030899999197572 ], [ 40520925.722800001502037, 3531169.857899999246001 ], [ 40520927.63849999755621, 3531190.071499998681247 ], [ 40520923.9797, 3531236.426300000399351 ], [ 40520939.094700001180172, 3531254.626000000629574 ], [ 40520960.93469999730587, 3530977.913799999281764 ] ] ] ] } },
{ "type": "Feature", "properties": { "OBJECTID": 2912, "DKBH": "ZC-CZ-A04-49", "YDDM": "G2", "DKMJ": 1664.8, "YDJRX": " ", "RJL": " ", "JZMD": " ", "LDL": "≥80%", "JDCW": " ", "DTSTZB": " ", "CSSJZB": " ", "REMARK": " ", "PLANNAME": "江阴市中心城区主城控制性详细规划", "PLANDATE": "2014-05-10T00:00:00Z", "PLANUNIT": "江阴市城乡规划设计院", "PASSDATE": "2014-05-25T00:00:00Z", "STARTTIME": "2014-08-15T12:00:00Z", "FGUID": "44e24f36-ec8d-42ad-84b6-a6f84a8a6c2e", "CADNAME": "08G2防护绿地", "DXKJKF": " ", "YDXZ": "防护绿地", "FTZMC": "ZC-CZ-A04-37-70.dwg", "JZGD": "/", "JC": "主城城中分区控规", "SHAPE_Length": 352.9538983289691, "SHAPE_Area": 1664.7876050816722 }, "geometry": { "type": "MultiPolygon", "coordinates": [ [ [ [ 40521302.71339999884367, 3530939.549399999435991 ], [ 40521147.902400001883507, 3530931.9841 ], [ 40521147.361699998378754, 3530941.969800000544637 ], [ 40521302.158699996769428, 3530949.534299999475479 ], [ 40521313.632600001990795, 3530950.09499999973923 ], [ 40521314.1879, 3530940.110099998768419 ], [ 40521302.71339999884367, 3530939.549399999435991 ] ] ] ] } },
{ "type": "Feature", "properties": { "OBJECTID": 3121, "DKBH": "ZC-CZ-A03-51", "YDDM": "U16", "DKMJ": 3337.5, "YDJRX": " ", "RJL": "≤1.0", "JZMD": "≤30%", "LDL": "≥15%", "JDCW": " ", "DTSTZB": " ", "CSSJZB": " ", "REMARK": " ", "PLANNAME": "江阴市中心城区主城控制性详细规划", "PLANDATE": "2014-05-10T00:00:00Z", "PLANUNIT": "江阴市城乡规划设计院", "PASSDATE": "2014-05-25T00:00:00Z", "STARTTIME": "2014-08-15T12:00:00Z", "FGUID": "0d4ba77d-58a9-4de5-9174-724b48d77622", "CADNAME": "07U16广播电视用地", "DXKJKF": " ", "YDXZ": "广播电视用地", "FTZMC": "ZC-CZ-A03-36-60.dwg", "JZGD": "/", "JC": "主城城中分区控规", "SHAPE_Length": 239.33661919030595, "SHAPE_Area": 3338.4406993377688 }, "geometry": { "type": "MultiPolygon", "coordinates": [ [ [ [ 40519976.691, 3530826.756900000851601 ], [ 40519969.341700002551079, 3530754.091199999209493 ], [ 40519949.573700003325939, 3530754.126499999780208 ], [ 40519929.8068, 3530753.902700000908226 ], [ 40519929.041000001132488, 3530773.395600000862032 ], [ 40519919.2901, 3530822.095199999865144 ], [ 40519976.691, 3530826.756900000851601 ] ] ] ] } },
{ "type": "Feature", "properties": { "OBJECTID": 3188, "DKBH": "ZC-CZ-A04-77", "YDDM": "R2", "DKMJ": 44477.6, "YDJRX": "A、B、S、G", "RJL": "1.5-3.5", "JZMD": "≤30%", "LDL": "≥30%", "JDCW": "0.8个/100㎡", "DTSTZB": " ", "CSSJZB": " ", "REMARK": " ", "PLANNAME": "江阴市中心城区主城控制性详细规划", "PLANDATE": "2014-05-10T00:00:00Z", "PLANUNIT": "江阴市城乡规划设计院", "PASSDATE": "2014-05-25T00:00:00Z", "STARTTIME": "2015-06-30T12:00:00Z", "FGUID": " ", "CADNAME": "01R2二类居住用地", "DXKJKF": " ", "YDXZ": "二类居住用地", "FTZMC": "ZC-CZ-A04-71-88.dwg", "JZGD": "/", "JC": " ", "SHAPE_Length": 832.69897553663554, "SHAPE_Area": 44365.96645288224 }, "geometry": { "type": "MultiPolygon", "coordinates": [ [ [ [ 40520688.9032, 3530127.00569999916479 ], [ 40520559.369000002741814, 3530122.630299999844283 ], [ 40520559.3358, 3530123.9375 ], [ 40520555.31700000166893, 3530144.184800000395626 ], [ 40520550.524099998176098, 3530331.6971 ], [ 40520565.093099996447563, 3530347.886800000444055 ], [ 40520738.836199998855591, 3530361.76630000025034 ], [ 40520743.6919, 3530357.432500000111759 ], [ 40520751.404200002551079, 3530129.116799999494106 ], [ 40520688.9032, 3530127.00569999916479 ] ] ] ] } },
{ "type": "Feature", "properties": { "OBJECTID": 3189, "DKBH": "ZC-CZ-A04-74", "YDDM": "R2", "DKMJ": 30685.1, "YDJRX": "A、B、S、G", "RJL": "1.5-3.5", "JZMD": "≤30%", "LDL": "≥30%", "JDCW": "0.8个/100㎡", "DTSTZB": " ", "CSSJZB": " ", "REMARK": " ", "PLANNAME": "江阴市中心城区主城控制性详细规划", "PLANDATE": "2014-05-10T00:00:00Z", "PLANUNIT": "江阴市城乡规划设计院", "PASSDATE": "2014-05-25T00:00:00Z", "STARTTIME": "2015-06-30T12:00:00Z", "FGUID": " ", "CADNAME": "01R2二类居住用地", "DXKJKF": " ", "YDXZ": "二类居住用地", "FTZMC": "ZC-CZ-A04-71-88.dwg", "JZGD": "/", "JC": " ", "SHAPE_Length": 679.30735968726697, "SHAPE_Area": 30789.222676618167 }, "geometry": { "type": "MultiPolygon", "coordinates": [ [ [ [ 40520499.947800002992153, 3530157.907900000456721 ], [ 40520350.651100002229214, 3530153.721500000916421 ], [ 40520343.200499996542931, 3530160.765499999281019 ], [ 40520341.202200002968311, 3530232.031899999827147 ], [ 40520338.654200002551079, 3530322.900499999057502 ], [ 40520345.324, 3530330.330699999816716 ], [ 40520495.256099998950958, 3530342.308199998456985 ], [ 40520510.592100001871586, 3530328.507199998479337 ], [ 40520514.558799996972084, 3530173.323599999770522 ], [ 40520499.947800002992153, 3530157.907900000456721 ] ] ] ] } },
{ "type": "Feature", "properties": { "OBJECTID": 3190, "DKBH": "ZC-CZ-A03-48", "YDDM": "A33a", "DKMJ": 7632.6, "YDJRX": " ", "RJL": "0.7-1.2", "JZMD": "≤30%", "LDL": "≥35%", "JDCW": "0.6个/100生", "DTSTZB": " ", "CSSJZB": " ", "REMARK": " ", "PLANNAME": "江阴市中心城区主城控制性详细规划", "PLANDATE": "2014-05-10T00:00:00Z", "PLANUNIT": "江阴市城乡规划设计院", "PASSDATE": "2014-05-25T00:00:00Z", "STARTTIME": "2014-08-15T12:00:00Z", "FGUID": "26c4106b-c20d-4cd7-9345-55d040d5c3df", "CADNAME": "02A33a小学用地", "DXKJKF": " ", "YDXZ": "小学用地", "FTZMC": "ZC-CZ-A03-36-60.dwg", "JZGD": "/", "JC": "主城城中分区控规", "SHAPE_Length": 404.23473783057858, "SHAPE_Area": 7632.7881328527455 }, "geometry": { "type": "MultiPolygon", "coordinates": [ [ [ [ 40519919.2901, 3530822.095199999865144 ], [ 40519865.164899997413158, 3530817.179699999745935 ], [ 40519865.107500001788139, 3530817.385499998927116 ], [ 40519832.614, 3530809.763599999714643 ], [ 40519822.667499996721745, 3530867.523299999069422 ], [ 40519974.330200001597404, 3530874.95249999826774 ], [ 40519976.691, 3530826.756900000851601 ], [ 40519919.2901, 3530822.095199999865144 ] ] ] ] } },
{ "type": "Feature", "properties": { "OBJECTID": 3191, "DKBH": "ZC-CZ-B05-30", "YDDM": "A33a", "DKMJ": 38656.9, "YDJRX": " ", "RJL": "≤1.2", "JZMD": "≤35%", "LDL": "≥30%", "JDCW": "0.6个/100生", "DTSTZB": " ", "CSSJZB": " ", "REMARK": " ", "PLANNAME": "江阴市中心城区主城控制性详细规划", "PLANDATE": "2014-05-10T00:00:00Z", "PLANUNIT": "江阴市城乡规划设计院", "PASSDATE": "2014-05-25T00:00:00Z", "STARTTIME": "2014-08-15T12:00:00Z", "FGUID": "89435a4d-673a-49ff-b4b7-059ea1316608", "CADNAME": "02A33a小学用地", "DXKJKF": " ", "YDXZ": "小学用地", "FTZMC": "ZC-CZ-B05-19-52.dwg", "JZGD": "/", "JC": "主城城中分区控规", "SHAPE_Length": 785.12864297360363, "SHAPE_Area": 38657.609460968932 }, "geometry": { "type": "MultiPolygon", "coordinates": [ [ [ [ 40523706.131099998950958, 3531317.222500000614673 ], [ 40523485.30179999768734, 3531250.8267 ], [ 40523480.7368, 3531272.025299999862909 ], [ 40523468.695, 3531327.9441 ], [ 40523452.590899996459484, 3531402.726499999407679 ], [ 40523466.195200003683567, 3531424.9564 ], [ 40523509.679499998688698, 3531436.539300000295043 ], [ 40523528.1048, 3531445.069299999624491 ], [ 40523661.8622, 3531480.698099999222904 ], [ 40523682.870399996638298, 3531403.540699999779463 ], [ 40523706.131099998950958, 3531317.222500000614673 ] ] ] ] } },
{ "type": "Feature", "properties": { "OBJECTID": 3196, "DKBH": "ZC-CZ-A04-41", "YDDM": "G2", "DKMJ": 1716.3, "YDJRX": " ", "RJL": " ", "JZMD": " ", "LDL": "≥80%", "JDCW": " ", "DTSTZB": " ", "CSSJZB": " ", "REMARK": " ", "PLANNAME": "江阴市中心城区主城控制性详细规划", "PLANDATE": "2014-05-10T00:00:00Z", "PLANUNIT": "江阴市城乡规划设计院", "PASSDATE": "2014-05-25T00:00:00Z", "STARTTIME": "2015-06-30T12:00:00Z", "FGUID": " ", "CADNAME": "08G2防护绿地", "DXKJKF": " ", "YDXZ": "防护绿地", "FTZMC": "ZC-CZ-A04-37-70.dwg", "JZGD": "/", "JC": " ", "SHAPE_Length": 363.44696289675062, "SHAPE_Area": 1717.2229743071309 }, "geometry": { "type": "MultiPolygon", "coordinates": [ [ [ [ 40520494.174199998378754, 3530900.03870000038296 ], [ 40520322.648900002241135, 3530891.656699999701232 ], [ 40520322.367200002074242, 3530901.654999999795109 ], [ 40520493.875500001013279, 3530910.035999999847263 ], [ 40520494.174199998378754, 3530900.03870000038296 ] ] ] ] } },
{ "type": "Feature", "properties": { "OBJECTID": 3206, "DKBH": "ZC-CZ-A05-27", "YDDM": "G1", "DKMJ": 13481.4, "YDJRX": " ", "RJL": " ", "JZMD": " ", "LDL": "≥65%", "JDCW": " ", "DTSTZB": " ", "CSSJZB": " ", "REMARK": " ", "PLANNAME": "江阴市中心城区主城控制性详细规划", "PLANDATE": "2014-05-10T00:00:00Z", "PLANUNIT": "江阴市城乡规划设计院", "PASSDATE": "2014-05-25T00:00:00Z", "STARTTIME": "2014-08-15T12:00:00Z", "FGUID": "11cbc5e4-35d6-4d16-8f10-2509f35cfd67", "CADNAME": "08G1公园绿地", "DXKJKF": " ", "YDXZ": "公园绿地", "FTZMC": "ZC-CZ-A05-25-45.dwg", "JZGD": "/", "JC": "主城城中分区控规", "SHAPE_Length": 578.99607357058301, "SHAPE_Area": 13495.080315882602 }, "geometry": { "type": "MultiPolygon", "coordinates": [ [ [ [ 40520313.421400003135204, 3529789.434200000483543 ], [ 40520230.6739, 3529787.596899999305606 ], [ 40520242.2764, 3529812.980199999641627 ], [ 40520248.500200003385544, 3529828.630599999800324 ], [ 40520253.976599998772144, 3529844.557900000363588 ], [ 40520258.693099997937679, 3529860.72649999987334 ], [ 40520262.639200001955032, 3529877.100200000219047 ], [ 40520265.806199997663498, 3529893.64219999872148 ], [ 40520267.2139, 3529904.164599998388439 ], [ 40520267.9341000020504, 3529914.7563 ], [ 40520267.963799998164177, 3529925.372499998658895 ], [ 40520267.30290000140667, 3529935.967999999877065 ], [ 40520265.954000003635883, 3529946.498199999798089 ], [ 40520263.923100002110004, 3529956.918200000654906 ], [ 40520261.218599997460842, 3529967.184100000653416 ], [ 40520257.851999998092651, 3529977.252399999182671 ], [ 40520253.8376, 3529987.080199999734759 ], [ 40520249.1924, 3529996.626200000289828 ], [ 40520309.101899996399879, 3529998.650099999736995 ], [ 40520319.6981, 3529988.405899999663234 ], [ 40520319.698399998247623, 3529946.907499999273568 ], [ 40520323.198600001633167, 3529926.907299999613315 ], [ 40520323.199699997901917, 3529799.43180000083521 ], [ 40520313.421400003135204, 3529789.434200000483543 ] ] ] ] } },
{ "type": "Feature", "properties": { "OBJECTID": 3232, "DKBH": "ZC-CZ-A04-32", "YDDM": "G2", "DKMJ": 772.7, "YDJRX": " ", "RJL": " ", "JZMD": " ", "LDL": "≥80%", "JDCW": " ", "DTSTZB": " ", "CSSJZB": " ", "REMARK": " ", "PLANNAME": "江阴市中心城区主城控制性详细规划", "PLANDATE": "2014-05-10T00:00:00Z", "PLANUNIT": "江阴市城乡规划设计院", "PASSDATE": "2014-05-25T00:00:00Z", "STARTTIME": "2015-06-30T12:00:00Z", "FGUID": " ", "CADNAME": "08G2防护绿地", "DXKJKF": " ", "YDXZ": "防护绿地", "FTZMC": "ZC-CZ-A04-21-36.dwg", "JZGD": "/", "JC": " ", "SHAPE_Length": 323.29792353732626, "SHAPE_Area": 772.87972347868742 }, "geometry": { "type": "MultiPolygon", "coordinates": [ [ [ [ 40520483.29110000282526, 3530929.542899999767542 ], [ 40520323.9023, 3530921.753999999724329 ], [ 40520328.756499998271465, 3530926.997299998532981 ], [ 40520478.147, 3530934.297499999869615 ], [ 40520483.29110000282526, 3530929.542899999767542 ] ] ] ] } },
{ "type": "Feature", "properties": { "OBJECTID": 3233, "DKBH": " ", "YDDM": "E11", "DKMJ": 3772.8, "YDJRX": " ", "RJL": " ", "JZMD": " ", "LDL": " ", "JDCW": " ", "DTSTZB": " ", "CSSJZB": " ", "REMARK": " ", "PLANNAME": "江阴市中心城区主城控制性详细规划", "PLANDATE": "2014-05-10T00:00:00Z", "PLANUNIT": "江阴市城乡规划设计院", "PASSDATE": "2014-05-25T00:00:00Z", "STARTTIME": "2015-06-30T12:00:00Z", "FGUID": " ", "CADNAME": "10E11自然水域", "DXKJKF": " ", "YDXZ": "自然水域", "FTZMC": " ", "JZGD": "/", "JC": " ", "SHAPE_Length": 415.32456032247626, "SHAPE_Area": 3768.7060906379434 }, "geometry": { "type": "MultiPolygon", "coordinates": [ [ [ [ 40520724.6448, 3530921.313 ], [ 40520533.835500001907349, 3530911.9888 ], [ 40520533.536799997091293, 3530921.988899999763817 ], [ 40520543.2258, 3530932.471599999815226 ], [ 40520722.373400002717972, 3530941.225899999495596 ], [ 40520724.023400001227856, 3530939.706699999514967 ], [ 40520724.6448, 3530921.313 ] ] ] ] } },
{ "type": "Feature", "properties": { "OBJECTID": 3234, "DKBH": " ", "YDDM": "E11", "DKMJ": 3380.6, "YDJRX": " ", "RJL": " ", "JZMD": " ", "LDL": " ", "JDCW": " ", "DTSTZB": " ", "CSSJZB": " ", "REMARK": " ", "PLANNAME": "江阴市中心城区主城控制性详细规划", "PLANDATE": "2014-05-10T00:00:00Z", "PLANUNIT": "江阴市城乡规划设计院", "PASSDATE": "2014-05-25T00:00:00Z", "STARTTIME": "2015-06-30T12:00:00Z", "FGUID": " ", "CADNAME": "10E11自然水域", "DXKJKF": " ", "YDXZ": "自然水域", "FTZMC": " ", "JZGD": "/", "JC": " ", "SHAPE_Length": 376.20790887645592, "SHAPE_Area": 3381.7624581351961 }, "geometry": { "type": "MultiPolygon", "coordinates": [ [ [ [ 40520493.875500001013279, 3530910.035999999847263 ], [ 40520322.367200002074242, 3530901.654999999795109 ], [ 40520321.863300003111362, 3530919.551500000525266 ], [ 40520323.9023, 3530921.753999999724329 ], [ 40520483.29110000282526, 3530929.542899999767542 ], [ 40520493.577, 3530920.03609999967739 ], [ 40520493.875500001013279, 3530910.035999999847263 ] ] ] ] } },
{ "type": "Feature", "properties": { "OBJECTID": 3235, "DKBH": "ZC-CZ-A04-78", "YDDM": "Rax", "DKMJ": 10032.4, "YDJRX": " ", "RJL": "0.6-1.0", "JZMD": "≤30%", "LDL": "≥35%", "JDCW": "0.6个/100生", "DTSTZB": " ", "CSSJZB": " ", "REMARK": " ", "PLANNAME": "江阴市中心城区主城控制性详细规划", "PLANDATE": "2014-05-10T00:00:00Z", "PLANUNIT": "江阴市城乡规划设计院", "PASSDATE": "2014-05-25T00:00:00Z", "STARTTIME": "2015-06-30T12:00:00Z", "FGUID": " ", "CADNAME": "01Rax幼托用地", "DXKJKF": " ", "YDXZ": "幼托用地", "FTZMC": "ZC-CZ-A04-71-88.dwg", "JZGD": "/", "JC": " ", "SHAPE_Length": 406.79541092776594, "SHAPE_Area": 10025.206099362953 }, "geometry": { "type": "MultiPolygon", "coordinates": [ [ [ [ 40520688.9032, 3530127.00569999916479 ], [ 40520692.177500002086163, 3530047.4062 ], [ 40520678.370700001716614, 3530048.14549999916926 ], [ 40520581.362899996340275, 3530044.86849999986589 ], [ 40520560.862899996340275, 3530064.1867 ], [ 40520559.369000002741814, 3530122.630299999844283 ], [ 40520688.9032, 3530127.00569999916479 ] ] ] ] } },
{ "type": "Feature", "properties": { "OBJECTID": 3248, "DKBH": "ZC-CZ-A04-37", "YDDM": "G1", "DKMJ": 4871.2, "YDJRX": " ", "RJL": " ", "JZMD": " ", "LDL": "≥65%", "JDCW": " ", "DTSTZB": " ", "CSSJZB": " ", "REMARK": " ", "PLANNAME": "江阴市中心城区主城控制性详细规划", "PLANDATE": "2014-05-10T00:00:00Z", "PLANUNIT": "江阴市城乡规划设计院", "PASSDATE": "2014-05-25T00:00:00Z", "STARTTIME": "2014-08-15T12:00:00Z", "FGUID": "d7cdfd1b-e8f5-483a-8564-b2f67f23b018", "CADNAME": "08G1公园绿地", "DXKJKF": " ", "YDXZ": "公园绿地", "FTZMC": "ZC-CZ-A04-37-70.dwg", "JZGD": "/", "JC": "主城城中分区控规", "SHAPE_Length": 386.42208725569179, "SHAPE_Area": 4871.6112886881992 }, "geometry": { "type": "MultiPolygon", "coordinates": [ [ [ [ 40520201.7095, 3530802.192300000693649 ], [ 40520174.601000003516674, 3530738.3277000002563 ], [ 40520143.816799998283386, 3530742.498300000559539 ], [ 40520173.858000002801418, 3530813.37599999923259 ], [ 40520177.0951, 3530823.189000000245869 ], [ 40520179.707999996840954, 3530833.186399999074638 ], [ 40520181.6862, 3530843.328499999362975 ], [ 40520183.021899998188019, 3530853.575000001117587 ], [ 40520183.709700003266335, 3530863.885299999732524 ], [ 40520183.747100003063679, 3530874.218500000424683 ], [ 40520183.133699998259544, 3530884.53349999897182 ], [ 40520181.872000001370907, 3530894.789399999659508 ], [ 40520212.60639999806881, 3530896.291199999395758 ], [ 40520213.094499997794628, 3530886.303199999500066 ], [ 40520213.7188, 3530875.626599999144673 ], [ 40520213.753799997270107, 3530864.93180000083521 ], [ 40520213.199600003659725, 3530854.251300000119954 ], [ 40520212.0577, 3530843.617499999701977 ], [ 40520210.331600002944469, 3530833.062899999786168 ], [ 40520208.026600003242493, 3530822.619399999268353 ], [ 40520205.1496, 3530812.318799999076873 ], [ 40520201.7095, 3530802.192300000693649 ] ] ] ] } },
{ "type": "Feature", "properties": { "OBJECTID": 3391, "DKBH": "ZC-CZ-A03-53", "YDDM": "G1", "DKMJ": 4575.9, "YDJRX": " ", "RJL": " ", "JZMD": " ", "LDL": "≥65%", "JDCW": " ", "DTSTZB": " ", "CSSJZB": " ", "REMARK": " ", "PLANNAME": "江阴市中心城区主城控制性详细规划", "PLANDATE": "2014-05-10T00:00:00Z", "PLANUNIT": "江阴市城乡规划设计院", "PASSDATE": "2014-05-25T00:00:00Z", "STARTTIME": "2014-08-15T12:00:00Z", "FGUID": "d2619eed-c342-4ecf-a530-260db78b4e66", "CADNAME": "08G1公园绿地", "DXKJKF": " ", "YDXZ": "公园绿地", "FTZMC": "ZC-CZ-A03-36-60.dwg", "JZGD": "/", "JC": "主城城中分区控规", "SHAPE_Length": 364.92627482520913, "SHAPE_Area": 4575.0373986145078 }, "geometry": { "type": "MultiPolygon", "coordinates": [ [ [ [ 40520137.186499997973442, 3530829.351799999829382 ], [ 40520102.291199997067451, 3530747.1058 ], [ 40520070.7535, 3530749.829699999187142 ], [ 40520109.6827, 3530841.3339 ], [ 40520112.074600003659725, 3530849.218399998731911 ], [ 40520113.868900001049042, 3530857.259999999310821 ], [ 40520115.055600002408028, 3530865.413399999495596 ], [ 40520115.627999998629093, 3530873.632799999322742 ], [ 40520115.582900002598763, 3530881.871900000143796 ], [ 40520115.093599997460842, 3530891.859999999869615 ], [ 40520143.138999998569489, 3530893.233899999409914 ], [ 40520144.348399996757507, 3530889.245199999772012 ], [ 40520145.2311, 3530885.171799999661744 ], [ 40520145.678099997341633, 3530875.702999999281019 ], [ 40520145.4037000015378, 3530866.227599999401718 ], [ 40520144.409400001168251, 3530856.800499998964369 ], [ 40520142.7012, 3530847.476400000508875 ], [ 40520140.288800001144409, 3530838.309099999256432 ], [ 40520137.186499997973442, 3530829.351799999829382 ] ] ] ] } },
{ "type": "Feature", "properties": { "OBJECTID": 3442, "DKBH": "ZC-CZ-B02-20", "YDDM": "B41", "DKMJ": 3891.4, "YDJRX": " ", "RJL": " ", "JZMD": " ", "LDL": " ", "JDCW": " ", "DTSTZB": " ", "CSSJZB": " ", "REMARK": " ", "PLANNAME": "江阴市中心城区主城控制性详细规划", "PLANDATE": "2014-05-10T00:00:00Z", "PLANUNIT": "江阴市城乡规划设计院", "PASSDATE": "2014-05-25T00:00:00Z", "STARTTIME": "2014-08-15T12:00:00Z", "FGUID": "9005f6f3-71b1-4549-ac9b-9c26852b9266", "CADNAME": "03B41加油加气站用地", "DXKJKF": " ", "YDXZ": "加油加气站用地", "FTZMC": "ZC-CZ-B02-01-21.dwg", "JZGD": "/", "JC": "主城城中分区控规", "SHAPE_Length": 243.74468975773124, "SHAPE_Area": 3891.4667355588886 }, "geometry": { "type": "MultiPolygon", "coordinates": [ [ [ [ 40522479.5568, 3531541.758799999486655 ], [ 40522425.277400001883507, 3531526.082200000528246 ], [ 40522409.501199997961521, 3531535.907599999103695 ], [ 40522399.630000002682209, 3531591.537399999797344 ], [ 40522421.495800003409386, 3531597.852399999741465 ], [ 40522474.193099997937679, 3531571.986399999819696 ], [ 40522479.5568, 3531541.758799999486655 ] ] ] ] } },
{ "type": "Feature", "properties": { "OBJECTID": 3520, "DKBH": "ZC-CZ-A05-31", "YDDM": "G1", "DKMJ": 15720.1, "YDJRX": " ", "RJL": " ", "JZMD": " ", "LDL": "≥65%", "JDCW": " ", "DTSTZB": " ", "CSSJZB": " ", "REMARK": " ", "PLANNAME": "江阴市中心城区主城控制性详细规划", "PLANDATE": "2014-05-10T00:00:00Z", "PLANUNIT": "江阴市城乡规划设计院", "PASSDATE": "2014-05-25T00:00:00Z", "STARTTIME": "2014-08-15T12:00:00Z", "FGUID": "ad748605-06b7-45dd-a131-0e09711d1888", "CADNAME": "08G1公园绿地", "DXKJKF": " ", "YDXZ": "公园绿地", "FTZMC": "ZC-CZ-A05-25-45.dwg", "JZGD": "/", "JC": "主城城中分区控规", "SHAPE_Length": 1054.8017634446637, "SHAPE_Area": 15724.603873381466 }, "geometry": { "type": "MultiPolygon", "coordinates": [ [ [ [ 40520082.8174, 3529601.811799999792129 ], [ 40520106.045100003480911, 3529602.176000000908971 ], [ 40520129.250600002706051, 3529603.254099999554455 ], [ 40520152.412100002169609, 3529605.045199999585748 ], [ 40520175.5075, 3529607.547499998938292 ], [ 40520198.515, 3529610.75870000012219 ], [ 40520221.413000002503395, 3529614.675799999386072 ], [ 40520240.6827, 3529616.670500000473112 ], [ 40520260.006899997591972, 3529618.038199999369681 ], [ 40520279.36540000140667, 3529618.777199999894947 ], [ 40520298.7377, 3529618.886899999342859 ], [ 40520318.103299997746944, 3529618.366999998223037 ], [ 40520323.2011, 3529618.142099998891354 ], [ 40520323.201499998569489, 3529573.120100000873208 ], [ 40520314.2676, 3529564.63109999941662 ], [ 40519848.4966000020504, 3529588.426600000821054 ], [ 40519837.110799998044968, 3529600.193999999668449 ], [ 40519836.665600001811981, 3529624.801199999637902 ], [ 40519862.32490000128746, 3529621.610000000335276 ], [ 40519887.907899998128414, 3529617.855499999597669 ], [ 40519913.4023, 3529613.53969999961555 ], [ 40519938.795500002801418, 3529608.664300000295043 ], [ 40519964.075499996542931, 3529603.232099999208003 ], [ 40519978.770900003612041, 3529600.583100000396371 ], [ 40519993.575499996542931, 3529598.635299999266863 ], [ 40520008.45610000193119, 3529597.393400000408292 ], [ 40520023.378700003027916, 3529596.859899999108166 ], [ 40520038.3099, 3529597.036299999803305 ], [ 40520053.215899996459484, 3529597.921900000888854 ], [ 40520068.0629, 3529599.514999999664724 ], [ 40520082.8174, 3529601.811799999792129 ] ] ] ] } },
{ "type": "Feature", "properties": { "OBJECTID": 3527, "DKBH": "ZC-CZ-A05-75", "YDDM": "G1", "DKMJ": 7276.4, "YDJRX": " ", "RJL": " ", "JZMD": " ", "LDL": "≥65%", "JDCW": " ", "DTSTZB": " ", "CSSJZB": " ", "REMARK": " ", "PLANNAME": null, "PLANDATE": null, "PLANUNIT": null, "PASSDATE": null, "STARTTIME": "2022-08-09T09:34:27Z", "FGUID": null, "CADNAME": "08G1公园绿地", "DXKJKF": " ", "YDXZ": "公园绿地", "FTZMC": "ZC-CZ-A05-46-74.dwg", "JZGD": "/", "JC": null, "SHAPE_Length": 531.28018490155455, "SHAPE_Area": 5327.7912775215973 }, "geometry": { "type": "MultiPolygon", "coordinates": [ [ [ [ 40521306.122500002384186, 3529989.242499998770654 ], [ 40521345.345299996435642, 3529852.147499999497086 ], [ 40521377.9881, 3529852.555699999444187 ], [ 40521378.982699997723103, 3529835.151499999687076 ], [ 40521362.519100002944469, 3529816.228099999018013 ], [ 40521334.9943, 3529815.616899998858571 ], [ 40521330.3191, 3529831.9581 ], [ 40521312.691100001335144, 3529893.572700000368059 ], [ 40521286.122500002384186, 3529986.437700000125915 ], [ 40521286.122500002384186, 3530031.655699999071658 ], [ 40521306.122500002384186, 3530032.3311 ], [ 40521306.122500002384186, 3529989.242499998770654 ] ] ] ] } },
{ "type": "Feature", "properties": { "OBJECTID": 3560, "DKBH": "ZC-CZ-B02-21", "YDDM": "G1", "DKMJ": 69812.2, "YDJRX": " ", "RJL": " ", "JZMD": " ", "LDL": "≥65%", "JDCW": " ", "DTSTZB": " ", "CSSJZB": " ", "REMARK": " ", "PLANNAME": "江阴市中心城区主城控制性详细规划", "PLANDATE": "2014-05-10T00:00:00Z", "PLANUNIT": "江阴市城乡规划设计院", "PASSDATE": "2014-05-25T00:00:00Z", "STARTTIME": "2014-08-15T12:00:00Z", "FGUID": "a93aa0ab-b07d-4914-bd15-a317eadc3cec", "CADNAME": "08G1公园绿地", "DXKJKF": " ", "YDXZ": "公园绿地", "FTZMC": "ZC-CZ-B02-01-21.dwg", "JZGD": "/", "JC": "主城城中分区控规", "SHAPE_Length": 1056.1671541372405, "SHAPE_Area": 69813.482421340144 }, "geometry": { "type": "MultiPolygon", "coordinates": [ [ [ [ 40522707.601300001144409, 3531611.263500000350177 ], [ 40522653.3222, 3531595.587099999189377 ], [ 40522635.078500002622604, 3531586.674999998882413 ], [ 40522479.5568, 3531541.758799999486655 ], [ 40522474.193099997937679, 3531571.986399999819696 ], [ 40522421.495800003409386, 3531597.852399999741465 ], [ 40522399.630000002682209, 3531591.537399999797344 ], [ 40522369.5378, 3531761.126899999100715 ], [ 40522374.014200001955032, 3531767.507000000216067 ], [ 40522670.611699998378754, 3531818.899899999145418 ], [ 40522685.45830000191927, 3531809.18210000032559 ], [ 40522693.6681, 3531775.6477 ], [ 40522699.780299998819828, 3531735.9625 ], [ 40522723.5599, 3531638.83 ], [ 40522707.601300001144409, 3531611.263500000350177 ] ] ] ] } },
{ "type": "Feature", "properties": { "OBJECTID": 3604, "DKBH": "ZC-CZ-A04-75", "YDDM": "R2", "DKMJ": 16469.7, "YDJRX": "A、B、S、G", "RJL": "1.5-3.0", "JZMD": "≤30%", "LDL": "≥25%", "JDCW": "0.8个/100㎡", "DTSTZB": " ", "CSSJZB": " ", "REMARK": " ", "PLANNAME": "江阴市中心城区主城控制性详细规划", "PLANDATE": "2014-05-10T00:00:00Z", "PLANUNIT": "江阴市城乡规划设计院", "PASSDATE": "2014-05-25T00:00:00Z", "STARTTIME": "2015-06-30T12:00:00Z", "FGUID": " ", "CADNAME": "01R2二类居住用地", "DXKJKF": " ", "YDXZ": "二类居住用地", "FTZMC": "ZC-CZ-A04-71-88.dwg", "JZGD": "/", "JC": " ", "SHAPE_Length": 506.03824092808026, "SHAPE_Area": 16482.374384458864 }, "geometry": { "type": "MultiPolygon", "coordinates": [ [ [ [ 40520418.1518, 3530035.853500000201166 ], [ 40520360.572300001978874, 3530033.908399999607354 ], [ 40520349.980099998414516, 3530043.865199998952448 ], [ 40520348.7188, 3530088.848000000230968 ], [ 40520344.659400001168251, 3530108.742200000211596 ], [ 40520344.055600002408028, 3530130.276999998837709 ], [ 40520351.099600002169609, 3530137.727500000502914 ], [ 40520496.85809999704361, 3530141.814699999056756 ], [ 40520512.235600002110004, 3530127.239900001324713 ], [ 40520513.887900002300739, 3530062.600699999835342 ], [ 40520494.410099998116493, 3530041.931999999564141 ], [ 40520438.0224, 3530040.026899999473244 ], [ 40520418.1518, 3530035.853500000201166 ] ] ] ] } },
{ "type": "Feature", "properties": { "OBJECTID": 3605, "DKBH": "ZC-CZ-A04-73", "YDDM": "RB", "DKMJ": 13722.5, "YDJRX": "A、B、S、U、G", "RJL": "1.5-4.5", "JZMD": "≤50%", "LDL": "≥15%", "JDCW": "0.7个/100㎡", "DTSTZB": " ", "CSSJZB": " ", "REMARK": " ", "PLANNAME": "江阴市中心城区主城控制性详细规划", "PLANDATE": "2014-05-10T00:00:00Z", "PLANUNIT": "江阴市城乡规划设计院", "PASSDATE": "2014-05-25T00:00:00Z", "STARTTIME": "2015-06-30T12:00:00Z", "FGUID": " ", "CADNAME": "01RB商住混合用地", "DXKJKF": " ", "YDXZ": "商住混合用地", "FTZMC": "ZC-CZ-A04-71-88.dwg", "JZGD": "/", "JC": " ", "SHAPE_Length": 480.75615687524521, "SHAPE_Area": 14002.370790412835 }, "geometry": { "type": "MultiPolygon", "coordinates": [ [ [ [ 40520494.8468, 3530358.326499999500811 ], [ 40520345.622699998319149, 3530346.405599999707192 ], [ 40520337.798100002110004, 3530353.429599999450147 ], [ 40520336.2575, 3530408.369699998758733 ], [ 40520348.90089999884367, 3530423.823799999896437 ], [ 40520487.747000001370907, 3530447.854300000704825 ], [ 40520507.965300001204014, 3530431.271499999798834 ], [ 40520509.416000001132488, 3530374.516199999023229 ], [ 40520494.8468, 3530358.326499999500811 ] ] ] ] } },
{ "type": "Feature", "properties": { "OBJECTID": 3606, "DKBH": "ZC-CZ-A04-76", "YDDM": "RB", "DKMJ": 19795.1, "YDJRX": "A、B、S、U、G", "RJL": "1.5-4.5", "JZMD": "≤50%", "LDL": "≥15%", "JDCW": "0.7个/100㎡", "DTSTZB": " ", "CSSJZB": " ", "REMARK": " ", "PLANNAME": "江阴市中心城区主城控制性详细规划", "PLANDATE": "2014-05-10T00:00:00Z", "PLANUNIT": "江阴市城乡规划设计院", "PASSDATE": "2014-05-25T00:00:00Z", "STARTTIME": "2015-06-30T12:00:00Z", "FGUID": " ", "CADNAME": "01RB商住混合用地", "DXKJKF": " ", "YDXZ": "商住混合用地", "FTZMC": "ZC-CZ-A04-71-88.dwg", "JZGD": "/", "JC": " ", "SHAPE_Length": 566.82812925671271, "SHAPE_Area": 19761.854599777551 }, "geometry": { "type": "MultiPolygon", "coordinates": [ [ [ [ 40520738.707900002598763, 3530377.807299999520183 ], [ 40520564.683799996972084, 3530363.905299999285489 ], [ 40520549.347900003194809, 3530377.7061 ], [ 40520547.802599996328354, 3530438.166099999565631 ], [ 40520566.998599998652935, 3530461.5707 ], [ 40520726.158600002527237, 3530489.116800000425428 ], [ 40520739.6135, 3530478.173399999272078 ], [ 40520742.847099997103214, 3530382.444899999070913 ], [ 40520738.707900002598763, 3530377.807299999520183 ] ] ] ] } },
{ "type": "Feature", "properties": { "OBJECTID": 3607, "DKBH": "ZC-CZ-A04-65", "YDDM": "RB", "DKMJ": 31953.5, "YDJRX": "A、B、S、U、G", "RJL": "1.5-4.0", "JZMD": "≤50%", "LDL": "≥15%", "JDCW": "0.7个/100㎡", "DTSTZB": " ", "CSSJZB": " ", "REMARK": " ", "PLANNAME": "江阴市中心城区主城控制性详细规划", "PLANDATE": "2014-05-10T00:00:00Z", "PLANUNIT": "江阴市城乡规划设计院", "PASSDATE": "2014-05-25T00:00:00Z", "STARTTIME": "2015-06-30T12:00:00Z", "FGUID": " ", "CADNAME": "01RB商住混合用地", "DXKJKF": " ", "YDXZ": "商住混合用地", "FTZMC": "ZC-CZ-A04-37-70.dwg", "JZGD": "/", "JC": " ", "SHAPE_Length": 741.60280616362388, "SHAPE_Area": 32147.554187457554 }, "geometry": { "type": "MultiPolygon", "coordinates": [ [ [ [ 40520501.2614, 3530662.701799999456853 ], [ 40520498.956699997186661, 3530622.62239999929443 ], [ 40520501.986699998378754, 3530521.1571 ], [ 40520482.8763, 3530497.755099998321384 ], [ 40520355.3015, 3530475.675499999895692 ], [ 40520337.456600002944469, 3530490.272699999157339 ], [ 40520336.189499996602535, 3530535.255299999844283 ], [ 40520332.127700001001358, 3530555.149000000208616 ], [ 40520330.0233, 3530629.858900000341237 ], [ 40520382.421499997377396, 3530629.354100000113249 ], [ 40520379.4916, 3530698.474700000602752 ], [ 40520394.354900002479553, 3530699.303299998864532 ], [ 40520484.9833, 3530705.688699998892844 ], [ 40520500.3939, 3530691.749500000383705 ], [ 40520501.2614, 3530662.701799999456853 ] ] ] ] } },
{ "type": "Feature", "properties": { "OBJECTID": 3608, "DKBH": "ZC-CZ-A04-42", "YDDM": "RB", "DKMJ": 30518.3, "YDJRX": "A、B、S、U、G", "RJL": "1.2-3.5", "JZMD": "≤40%", "LDL": "≥20%", "JDCW": "0.7个/100M2", "DTSTZB": " ", "CSSJZB": " ", "REMARK": " ", "PLANNAME": "江阴市中心城区主城控制性详细规划", "PLANDATE": "2014-05-10T00:00:00Z", "PLANUNIT": "江阴市城乡规划设计院", "PASSDATE": "2014-05-25T00:00:00Z", "STARTTIME": "2015-06-30T12:00:00Z", "FGUID": " ", "CADNAME": "01RB商住混合用地", "DXKJKF": " ", "YDXZ": "商住混合用地", "FTZMC": "ZC-CZ-A04-37-70.dwg", "JZGD": "/", "JC": " ", "SHAPE_Length": 685.441604978545, "SHAPE_Area": 30556.614261238417 }, "geometry": { "type": "MultiPolygon", "coordinates": [ [ [ [ 40520374.001000002026558, 3530714.286599999759346 ], [ 40520354.748000003397465, 3530714.062699999660254 ], [ 40520335.500799998641014, 3530714.592099999543279 ], [ 40520327.4041, 3530722.843399999197572 ], [ 40520322.648900002241135, 3530891.656699999701232 ], [ 40520494.174199998378754, 3530900.03870000038296 ], [ 40520499.020599998533726, 3530737.742499999701977 ], [ 40520484.505400002002716, 3530721.694999999366701 ], [ 40520393.2306, 3530715.263799999374896 ], [ 40520374.001000002026558, 3530714.286599999759346 ] ] ] ] } },
{ "type": "Feature", "properties": { "OBJECTID": 3627, "DKBH": "ZC-CZ-A04-56", "YDDM": "G2", "DKMJ": 1012.2, "YDJRX": " ", "RJL": " ", "JZMD": " ", "LDL": "≥80%", "JDCW": " ", "DTSTZB": " ", "CSSJZB": " ", "REMARK": " ", "PLANNAME": "江阴市中心城区主城控制性详细规划", "PLANDATE": "2014-05-10T00:00:00Z", "PLANUNIT": "江阴市城乡规划设计院", "PASSDATE": "2014-05-25T00:00:00Z", "STARTTIME": "2014-08-15T12:00:00Z", "FGUID": "d32c9462-be3f-4ac9-9bfd-842c5fdf5f93", "CADNAME": "08G2防护绿地", "DXKJKF": " ", "YDXZ": "防护绿地", "FTZMC": "ZC-CZ-A04-37-70.dwg", "JZGD": "/", "JC": "主城城中分区控规", "SHAPE_Length": 222.64009589344178, "SHAPE_Area": 1012.3559745912577 }, "geometry": { "type": "MultiPolygon", "coordinates": [ [ [ [ 40520288.646700002253056, 3530602.889499998651445 ], [ 40520278.643799997866154, 3530602.853299999143928 ], [ 40520275.814800001680851, 3530704.846199999563396 ], [ 40520285.861900001764297, 3530703.288800000213087 ], [ 40520288.646700002253056, 3530602.889499998651445 ] ] ] ] } },
{ "type": "Feature", "properties": { "OBJECTID": 3628, "DKBH": "ZC-CZ-A04-57", "YDDM": "G2", "DKMJ": 740.9, "YDJRX": " ", "RJL": " ", "JZMD": " ", "LDL": "≥80%", "JDCW": " ", "DTSTZB": " ", "CSSJZB": " ", "REMARK": " ", "PLANNAME": "江阴市中心城区主城控制性详细规划", "PLANDATE": "2014-05-10T00:00:00Z", "PLANUNIT": "江阴市城乡规划设计院", "PASSDATE": "2014-05-25T00:00:00Z", "STARTTIME": "2014-08-15T12:00:00Z", "FGUID": "63c0bf03-e545-46d5-967b-095b6d59ebea", "CADNAME": "08G2防护绿地", "DXKJKF": " ", "YDXZ": "防护绿地", "FTZMC": "ZC-CZ-A04-37-70.dwg", "JZGD": "/", "JC": "主城城中分区控规", "SHAPE_Length": 204.26806652759745, "SHAPE_Area": 740.9455602230779 }, "geometry": { "type": "MultiPolygon", "coordinates": [ [ [ [ 40520306.526, 3530611.662999999243766 ], [ 40520298.6334, 3530603.515199999790639 ], [ 40520295.903399996459484, 3530701.937099998816848 ], [ 40520297.80799999833107, 3530701.703700000885874 ], [ 40520304.186899997293949, 3530694.709899999666959 ], [ 40520305.3482, 3530653.4783 ], [ 40520306.526, 3530611.662999999243766 ] ] ] ] } },
{ "type": "Feature", "properties": { "OBJECTID": 3630, "DKBH": "ZC-CZ-A04-44", "YDDM": "G2", "DKMJ": 1743.2, "YDJRX": " ", "RJL": " ", "JZMD": " ", "LDL": "≥80%", "JDCW": " ", "DTSTZB": " ", "CSSJZB": " ", "REMARK": " ", "PLANNAME": "江阴市中心城区主城控制性详细规划", "PLANDATE": "2014-05-10T00:00:00Z", "PLANUNIT": "江阴市城乡规划设计院", "PASSDATE": "2014-05-25T00:00:00Z", "STARTTIME": "2014-08-15T12:00:00Z", "FGUID": "4f6f9a11-aa23-44df-ae34-39f8f3584a2c", "CADNAME": "08G2防护绿地", "DXKJKF": " ", "YDXZ": "防护绿地", "FTZMC": "ZC-CZ-A04-37-70.dwg", "JZGD": "/", "JC": "主城城中分区控规", "SHAPE_Length": 368.64284193572234, "SHAPE_Area": 1743.1931833494875 }, "geometry": { "type": "MultiPolygon", "coordinates": [ [ [ [ 40520905.308200001716614, 3530920.1294 ], [ 40520740.965400002896786, 3530912.098399998620152 ], [ 40520740.627700001001358, 3530922.093899998813868 ], [ 40520914.513800002634525, 3530930.591199999675155 ], [ 40520915.162299998104572, 3530922.37449999852106 ], [ 40520915.300899997353554, 3530920.617699999827892 ], [ 40520905.308200001716614, 3530920.1294 ] ] ] ] } },
{ "type": "Feature", "properties": { "OBJECTID": 3631, "DKBH": "ZC-CZ-A04-46", "YDDM": "G2", "DKMJ": 1869.9, "YDJRX": " ", "RJL": " ", "JZMD": " ", "LDL": "≥80%", "JDCW": " ", "DTSTZB": " ", "CSSJZB": " ", "REMARK": " ", "PLANNAME": "江阴市中心城区主城控制性详细规划", "PLANDATE": "2014-05-10T00:00:00Z", "PLANUNIT": "江阴市城乡规划设计院", "PASSDATE": "2014-05-25T00:00:00Z", "STARTTIME": "2014-08-15T12:00:00Z", "FGUID": "39171fb4-e51b-4e5c-b18c-d46259a883a4", "CADNAME": "08G2防护绿地", "DXKJKF": " ", "YDXZ": "防护绿地", "FTZMC": "ZC-CZ-A04-37-70.dwg", "JZGD": "/", "JC": "主城城中分区控规", "SHAPE_Length": 393.98167340694539, "SHAPE_Area": 1869.8913373043054 }, "geometry": { "type": "MultiPolygon", "coordinates": [ [ [ [ 40520965.264399997889996, 3530923.059299999848008 ], [ 40520945.278800003230572, 3530922.082499998621643 ], [ 40520944.491700001060963, 3530932.056200000457466 ], [ 40521131.380400002002716, 3530941.18879999872297 ], [ 40521131.9212, 3530931.203299999237061 ], [ 40520965.264399997889996, 3530923.059299999848008 ] ] ] ] } },
{ "type": "Feature", "properties": { "OBJECTID": 3632, "DKBH": "ZC-CZ-A04-47", "YDDM": "G2", "DKMJ": 3269.1, "YDJRX": " ", "RJL": " ", "JZMD": " ", "LDL": "≥80%", "JDCW": " ", "DTSTZB": " ", "CSSJZB": " ", "REMARK": " ", "PLANNAME": "江阴市中心城区主城控制性详细规划", "PLANDATE": "2014-05-10T00:00:00Z", "PLANUNIT": "江阴市城乡规划设计院", "PASSDATE": "2014-05-25T00:00:00Z", "STARTTIME": "2014-08-15T12:00:00Z", "FGUID": "79ad4b74-a509-468c-8594-cb25e642449c", "CADNAME": "08G2防护绿地", "DXKJKF": " ", "YDXZ": "防护绿地", "FTZMC": "ZC-CZ-A04-37-70.dwg", "JZGD": "/", "JC": "主城城中分区控规", "SHAPE_Length": 367.41995886995733, "SHAPE_Area": 3269.2039915852092 }, "geometry": { "type": "MultiPolygon", "coordinates": [ [ [ [ 40520978.4106, 3530756.493899999652058 ], [ 40520970.82379999756813, 3530755.9594 ], [ 40520957.483900003135204, 3530767.445199999492615 ], [ 40520945.278800003230572, 3530922.082499998621643 ], [ 40520965.264399997889996, 3530923.059299999848008 ], [ 40520978.4106, 3530756.493899999652058 ] ] ] ] } },
{ "type": "Feature", "properties": { "OBJECTID": 3709, "DKBH": "ZC-CZ-A04-40", "YDDM": "G2", "DKMJ": 1420.2, "YDJRX": " ", "RJL": " ", "JZMD": " ", "LDL": "≥80%", "JDCW": " ", "DTSTZB": " ", "CSSJZB": " ", "REMARK": " ", "PLANNAME": "江阴市中心城区主城控制性详细规划", "PLANDATE": "2014-05-10T00:00:00Z", "PLANUNIT": "江阴市城乡规划设计院", "PASSDATE": "2014-05-25T00:00:00Z", "STARTTIME": "2014-08-15T12:00:00Z", "FGUID": "57803986-33ff-4b0a-bdbb-476aef28af6b", "CADNAME": "08G2防护绿地", "DXKJKF": " ", "YDXZ": "防护绿地", "FTZMC": "ZC-CZ-A04-37-70.dwg", "JZGD": "/", "JC": "主城城中分区控规", "SHAPE_Length": 372.34632552358357, "SHAPE_Area": 1420.2424637221675 }, "geometry": { "type": "MultiPolygon", "coordinates": [ [ [ [ 40520303.276600003242493, 3530727.02379999961704 ], [ 40520295.404200002551079, 3530719.932699999772012 ], [ 40520290.406900003552437, 3530900.093099999707192 ], [ 40520298.390600003302097, 3530900.483199999202043 ], [ 40520303.276600003242493, 3530727.02379999961704 ] ] ] ] } },
{ "type": "Feature", "properties": { "OBJECTID": 3710, "DKBH": "ZC-CZ-A04-84", "YDDM": "G2", "DKMJ": 5988.7, "YDJRX": " ", "RJL": " ", "JZMD": " ", "LDL": "≥80%", "JDCW": " ", "DTSTZB": " ", "CSSJZB": " ", "REMARK": " ", "PLANNAME": "江阴市中心城区主城控制性详细规划", "PLANDATE": "2014-05-10T00:00:00Z", "PLANUNIT": "江阴市城乡规划设计院", "PASSDATE": "2014-05-25T00:00:00Z", "STARTTIME": "2014-08-15T12:00:00Z", "FGUID": "980ce7f7-cd37-4bf5-8c97-33491723929c", "CADNAME": "08G2防护绿地", "DXKJKF": " ", "YDXZ": "防护绿地", "FTZMC": "ZC-CZ-A04-71-88.dwg", "JZGD": "/", "JC": "主城城中分区控规", "SHAPE_Length": 663.84047640489337, "SHAPE_Area": 5988.7750998444062 }, "geometry": { "type": "MultiPolygon", "coordinates": [ [ [ [ 40520996.943000003695488, 3530382.384999999776483 ], [ 40521003.922399997711182, 3530060.357600000221282 ], [ 40520987.0748, 3530076.296399999875575 ], [ 40520986.175399996340275, 3530117.786800000350922 ], [ 40520982.242799997329712, 3530137.706399999093264 ], [ 40520977.2297, 3530368.997899999376386 ], [ 40520988.7315, 3530381.729099999647588 ], [ 40520996.943000003695488, 3530382.384999999776483 ] ] ] ] } },
{ "type": "Feature", "properties": { "OBJECTID": 3711, "DKBH": "ZC-CZ-A04-35", "YDDM": "G2", "DKMJ": 866.6, "YDJRX": " ", "RJL": " ", "JZMD": " ", "LDL": "≥80%", "JDCW": " ", "DTSTZB": " ", "CSSJZB": " ", "REMARK": " ", "PLANNAME": "江阴市中心城区主城控制性详细规划", "PLANDATE": "2014-05-10T00:00:00Z", "PLANUNIT": "江阴市城乡规划设计院", "PASSDATE": "2014-05-25T00:00:00Z", "STARTTIME": "2014-08-15T12:00:00Z", "FGUID": "b48fede9-c95c-4795-96f2-f8f22cd1253d", "CADNAME": "08G2防护绿地", "DXKJKF": " ", "YDXZ": "防护绿地", "FTZMC": "ZC-CZ-A04-21-36.dwg", "JZGD": "/", "JC": "主城城中分区控规", "SHAPE_Length": 360.70156199111881, "SHAPE_Area": 866.63712782225207 }, "geometry": { "type": "MultiPolygon", "coordinates": [ [ [ [ 40521128.834799997508526, 3530961.088399999309331 ], [ 40520950.785800002515316, 3530952.387699999380857 ], [ 40520955.388400003314018, 3530957.61879999935627 ], [ 40521123.570299997925758, 3530965.8372 ], [ 40521128.834799997508526, 3530961.088399999309331 ] ] ] ] } },
{ "type": "Feature", "properties": { "OBJECTID": 3723, "DKBH": "ZC-CZ-A03-75", "YDDM": "G1", "DKMJ": 19226.8, "YDJRX": " ", "RJL": " ", "JZMD": " ", "LDL": "≥65%", "JDCW": " ", "DTSTZB": " ", "CSSJZB": " ", "REMARK": " ", "PLANNAME": "江阴市中心城区主城控制性详细规划", "PLANDATE": "2014-05-10T00:00:00Z", "PLANUNIT": "江阴市城乡规划设计院", "PASSDATE": "2014-05-25T00:00:00Z", "STARTTIME": "2014-08-15T12:00:00Z", "FGUID": "a434ddc0-8d41-4cff-9c47-e53acd24aeb5", "CADNAME": "08G1公园绿地", "DXKJKF": " ", "YDXZ": "公园绿地", "FTZMC": "ZC-CZ-A03-61-76.dwg", "JZGD": "/", "JC": "主城城中分区控规", "SHAPE_Length": 1282.5502096591283, "SHAPE_Area": 19222.235365878609 }, "geometry": { "type": "MultiPolygon", "coordinates": [ [ [ [ 40519960.453100003302097, 3530122.6193 ], [ 40519976.1300999969244, 3530121.727 ], [ 40519988.746299996972084, 3530122.504399999510497 ], [ 40520001.385200001299381, 3530122.6752 ], [ 40520014.017800003290176, 3530122.239 ], [ 40520026.614799998700619, 3530121.196899998933077 ], [ 40520039.1474, 3530119.5513 ], [ 40520051.586400002241135, 3530117.3057 ], [ 40520063.980899997055531, 3530111.224700000137091 ], [ 40520076.0902, 3530104.593999999575317 ], [ 40520087.890100002288818, 3530097.427099999506027 ], [ 40520099.3569, 3530089.738599999807775 ], [ 40520110.4674, 3530081.543700000271201 ], [ 40520121.199500001966953, 3530072.858899999875575 ], [ 40520131.531400002539158, 3530063.701700000558048 ], [ 40520152.645099997520447, 3530044.395699999760836 ], [ 40520170.4586, 3530027.4857 ], [ 40520130.098300002515316, 3530026.122100000269711 ], [ 40520098.991700001060963, 3530060.826999999582767 ], [ 40520088.9841, 3530069.140199999790639 ], [ 40520069.276299998164177, 3530081.09029999980703 ], [ 40520066.670199997723103, 3530082.5115 ], [ 40520061.229999996721745, 3530084.0351 ], [ 40520025.928800001740456, 3530091.049499999266118 ], [ 40520012.356200002133846, 3530092.2516 ], [ 40519972.510499998927116, 3530091.698900000192225 ], [ 40519941.8416, 3530095.293799999635667 ], [ 40519909.166599996387959, 3530107.079299998935312 ], [ 40519885.030599996447563, 3530122.539599999319762 ], [ 40519881.682800002396107, 3530127.1025 ], [ 40519831.492299996316433, 3530126.7215 ], [ 40519828.4718, 3530142.544499998446554 ], [ 40519825.9753, 3530158.458499999251217 ], [ 40519824.0053, 3530174.44620000012219 ], [ 40519822.564099997282028, 3530190.490399999544024 ], [ 40519821.6532, 3530206.573299999348819 ], [ 40519867.1048, 3530207.477699998766184 ], [ 40519918.743100002408028, 3530395.688599999528378 ], [ 40519948.4032, 3530391.978900000918657 ], [ 40519948.191, 3530391.406399999279529 ], [ 40519946.2993, 3530385.980199999175966 ], [ 40519944.515100002288818, 3530380.517500000540167 ], [ 40519942.839100003242493, 3530375.020699999760836 ], [ 40519941.272, 3530369.4918 ], [ 40519934.686499997973442, 3530342.908099999651313 ], [ 40519928.9828, 3530322.031999998725951 ], [ 40519922.707500003278255, 3530301.320400000549853 ], [ 40519919.470799997448921, 3530288.245099999476224 ], [ 40519915.959700003266335, 3530275.2407 ], [ 40519912.175800003111362, 3530262.313199999276549 ], [ 40519908.120800003409386, 3530249.467999999877065 ], [ 40519903.796899996697903, 3530236.710899999830872 ], [ 40519899.205300003290176, 3530224.047499999869615 ], [ 40519898.914099998772144, 3530223.050299999769777 ], [ 40519896.316399998962879, 3530213.092000000178814 ], [ 40519894.2466000020504, 3530203.010699999518692 ], [ 40519892.710299998521805, 3530192.8344 ], [ 40519891.711999997496605, 3530182.591400000266731 ], [ 40519891.254299998283386, 3530172.309999999590218 ], [ 40519892.605099998414516, 3530166.65089999884367 ], [ 40519894.595399998128414, 3530161.183799999766052 ], [ 40519897.19879999756813, 3530155.98079999955371 ], [ 40519900.381099998950958, 3530151.110099998768419 ], [ 40519904.100599996745586, 3530146.636199999600649 ], [ 40519908.3081, 3530142.617799999192357 ], [ 40519916.23030000180006, 3530137.563999999780208 ], [ 40519924.5339, 3530133.164899999275804 ], [ 40519933.165, 3530129.448900000192225 ], [ 40519942.0673, 3530126.440399999730289 ], [ 40519951.1831, 3530124.159 ], [ 40519960.453100003302097, 3530122.6193 ] ] ] ] } },
{ "type": "Feature", "properties": { "OBJECTID": 3724, "DKBH": "ZC-CZ-A04-71", "YDDM": "G1", "DKMJ": 32795.1, "YDJRX": " ", "RJL": " ", "JZMD": " ", "LDL": "≥65%", "JDCW": " ", "DTSTZB": " ", "CSSJZB": " ", "REMARK": " ", "PLANNAME": "江阴市中心城区主城控制性详细规划", "PLANDATE": "2014-05-10T00:00:00Z", "PLANUNIT": "江阴市城乡规划设计院", "PASSDATE": "2014-05-25T00:00:00Z", "STARTTIME": "2014-08-15T12:00:00Z", "FGUID": "daf95ab8-da22-46ad-b1b6-b3f4fc9a473e", "CADNAME": "08G1公园绿地", "DXKJKF": " ", "YDXZ": "公园绿地", "FTZMC": "ZC-CZ-A04-71-88.dwg", "JZGD": "/", "JC": "主城城中分区控规", "SHAPE_Length": 1281.1001030631601, "SHAPE_Area": 32805.144028805131 }, "geometry": { "type": "MultiPolygon", "coordinates": [ [ [ [ 40520150.715400002896786, 3530157.014299999456853 ], [ 40520161.097900003194809, 3530152.1305 ], [ 40520171.7341, 3530147.82660000026226 ], [ 40520182.5912000015378, 3530144.1157 ], [ 40520193.6365, 3530141.009199999738485 ], [ 40520204.8363, 3530138.5165 ], [ 40520216.156599998474121, 3530136.644999999087304 ], [ 40520227.562799997627735, 3530135.400699999183416 ], [ 40520239.0202, 3530134.7873 ], [ 40520250.494099996984005, 3530134.806499999482185 ], [ 40520312.6061, 3530136.6244 ], [ 40520320.065399996936321, 3530129.580800000112504 ], [ 40520320.488300003111362, 3530114.503099999856204 ], [ 40520317.5502, 3530094.412700000219047 ], [ 40520318.8116, 3530049.429799999576062 ], [ 40520305.772600002586842, 3530035.55900000128895 ], [ 40520249.304300002753735, 3530033.6513 ], [ 40520229.433700002729893, 3530029.478099999483675 ], [ 40520222.834299996495247, 3530029.255099999718368 ], [ 40520208.0651, 3530045.391100000124425 ], [ 40520192.837899997830391, 3530061.095299998298287 ], [ 40520177.165, 3530076.355100000277162 ], [ 40520161.059600003063679, 3530091.15749999973923 ], [ 40520144.534999996423721, 3530105.490399999078363 ], [ 40520133.207500003278255, 3530114.539599998854101 ], [ 40520121.5062, 3530123.10010000038892 ], [ 40520109.452299997210503, 3530131.156500000506639 ], [ 40520097.067500002682209, 3530138.694299999624491 ], [ 40520084.3741, 3530145.699900000356138 ], [ 40520068.3961, 3530153.602800001390278 ], [ 40520001.2856, 3530162.6784 ], [ 40519993.104999996721745, 3530162.639799999538809 ], [ 40519984.928400002419949, 3530162.380599999800324 ], [ 40519978.134099997580051, 3530161.789200000930578 ], [ 40519971.314000003039837, 3530161.8048 ], [ 40519964.5224, 3530162.427400000393391 ], [ 40519957.813299998641014, 3530163.651999999303371 ], [ 40519951.239699997007847, 3530165.468999999575317 ], [ 40519944.854000002145767, 3530167.863699999637902 ], [ 40519938.706699997186661, 3530170.81749999942258 ], [ 40519937.063699997961521, 3530171.3484 ], [ 40519935.527400001883507, 3530172.136599999386817 ], [ 40519934.137900002300739, 3530173.161599999293685 ], [ 40519932.9313, 3530174.3967 ], [ 40519931.939000003039837, 3530175.809799998998642 ], [ 40519931.186999998986721, 3530177.364100000355393 ], [ 40519930.694700002670288, 3530179.01909999968484 ], [ 40519930.475100003182888, 3530180.731900000479072 ], [ 40519930.533699996769428, 3530182.457499998621643 ], [ 40519930.868900001049042, 3530184.1513 ], [ 40519931.4723, 3530185.76909999968484 ], [ 40519932.328100003302097, 3530187.268799999263138 ], [ 40519934.04169999808073, 3530198.231000000145286 ], [ 40519936.533, 3530209.043100001290441 ], [ 40519939.789399996399879, 3530219.649799999780953 ], [ 40519943.794299997389317, 3530229.997100000735372 ], [ 40519950.2483000010252, 3530250.027300000656396 ], [ 40519956.079899996519089, 3530270.24739999929443 ], [ 40519961.2834, 3530290.6382 ], [ 40519966.868299998342991, 3530309.0519999996759 ], [ 40519972.023400001227856, 3530327.590800000354648 ], [ 40519976.746100001037121, 3530346.244699999224395 ], [ 40519979.226999998092651, 3530356.590400000102818 ], [ 40519982.144000001251698, 3530366.821699999738485 ], [ 40519985.491800002753735, 3530376.920300000347197 ], [ 40519989.2645, 3530386.867899999488145 ], [ 40519999.269199997186661, 3530385.616399999242276 ], [ 40520016.6061, 3530383.750700000207871 ], [ 40520026.772100001573563, 3530369.683500000275671 ], [ 40520000.577399998903275, 3530257.442599998787045 ], [ 40519999.4459, 3530250.944500000216067 ], [ 40519999.05969999730587, 3530244.359899998642504 ], [ 40519999.423500001430511, 3530237.773999999277294 ], [ 40520000.5326, 3530231.272099999710917 ], [ 40520002.372900001704693, 3530224.938000001013279 ], [ 40520004.920400001108646, 3530218.853900000452995 ], [ 40520008.142099998891354, 3530213.098399998620152 ], [ 40520011.9965, 3530207.745900000445545 ], [ 40520016.433700002729893, 3530202.865499999839813 ], [ 40520021.396300002932549, 3530198.520600000396371 ], [ 40520050.783600002527237, 3530186.600800000596792 ], [ 40520065.616400003433228, 3530184.600400000344962 ], [ 40520080.327100001275539, 3530181.842500001192093 ], [ 40520094.877300001680851, 3530178.3344 ], [ 40520109.22860000282526, 3530174.08549999864772 ], [ 40520123.343199998140335, 3530169.1069 ], [ 40520137.184299997985363, 3530163.41139999916777 ], [ 40520150.715400002896786, 3530157.014299999456853 ] ] ] ] } },
{ "type": "Feature", "properties": { "OBJECTID": 3814, "DKBH": "ZC-CZ-A03-50", "YDDM": "U15", "DKMJ": 3438.5, "YDJRX": " ", "RJL": "≤1.0", "JZMD": "≤30%", "LDL": "≥15%", "JDCW": " ", "DTSTZB": " ", "CSSJZB": " ", "REMARK": " ", "PLANNAME": "江阴市中心城区主城控制性详细规划", "PLANDATE": "2014-05-10T00:00:00Z", "PLANUNIT": "江阴市城乡规划设计院", "PASSDATE": "2014-05-25T00:00:00Z", "STARTTIME": "2014-08-15T12:00:00Z", "FGUID": "932a07e7-a250-4dd5-8c05-4f7ff590e7fe", "CADNAME": "07U15通信用地", "DXKJKF": " ", "YDXZ": "通信用地", "FTZMC": "ZC-CZ-A03-36-60.dwg", "JZGD": "/", "JC": "主城城中分区控规", "SHAPE_Length": 245.56526047782492, "SHAPE_Area": 3440.3051142063514 }, "geometry": { "type": "MultiPolygon", "coordinates": [ [ [ [ 40519919.2901, 3530822.095199999865144 ], [ 40519929.041000001132488, 3530773.395600000862032 ], [ 40519929.8068, 3530753.902700000908226 ], [ 40519898.408299997448921, 3530753.014 ], [ 40519878.195699997246265, 3530752.230999998282641 ], [ 40519877.9485, 3530758.617899999022484 ], [ 40519877.1875, 3530776.343399998731911 ], [ 40519873.012900002300739, 3530798.307399999815971 ], [ 40519873.51070000231266, 3530798.413200000301003 ], [ 40519869.642899997532368, 3530812.6491 ], [ 40519866.655500002205372, 3530811.8287 ], [ 40519865.164899997413158, 3530817.179699999745935 ], [ 40519919.2901, 3530822.095199999865144 ] ] ] ] } },
{ "type": "Feature", "properties": { "OBJECTID": 3876, "DKBH": "ZC-CZ-B05-01", "YDDM": "S42", "DKMJ": 5521.3, "YDJRX": " ", "RJL": " ", "JZMD": " ", "LDL": " ", "JDCW": " ", "DTSTZB": " ", "CSSJZB": " ", "REMARK": " ", "PLANNAME": "江阴市中心城区主城控制性详细规划", "PLANDATE": "2014-05-10T00:00:00Z", "PLANUNIT": "江阴市城乡规划设计院", "PASSDATE": "2014-05-25T00:00:00Z", "STARTTIME": "2014-08-15T12:00:00Z", "FGUID": "42a3e7e0-a118-4185-829e-c7e3429b2805", "CADNAME": "06S42社会停车场用地", "DXKJKF": " ", "YDXZ": "社会停车场用地", "FTZMC": "ZC-CZ-B05-01-18.dwg", "JZGD": "/", "JC": "主城城中分区控规", "SHAPE_Length": 292.88517439088412, "SHAPE_Area": 5521.3987041520604 }, "geometry": { "type": "MultiPolygon", "coordinates": [ [ [ [ 40523065.981600001454353, 3531596.628200000151992 ], [ 40522989.098800003528595, 3531574.423599999397993 ], [ 40522974.036700002849102, 3531622.117299999110401 ], [ 40522968.0119, 3531641.194799998775125 ], [ 40523032.710299998521805, 3531659.880499999038875 ], [ 40523048.714199997484684, 3531651.305799999739975 ], [ 40523065.981600001454353, 3531596.628200000151992 ] ] ] ] } },
{ "type": "Feature", "properties": { "OBJECTID": 4053, "DKBH": "ZC-CZ-A04-25", "YDDM": "G2", "DKMJ": 887.9, "YDJRX": " ", "RJL": " ", "JZMD": " ", "LDL": "≥80%", "JDCW": " ", "DTSTZB": " ", "CSSJZB": " ", "REMARK": " ", "PLANNAME": "江阴市中心城区主城控制性详细规划", "PLANDATE": "2014-05-10T00:00:00Z", "PLANUNIT": "江阴市城乡规划设计院", "PASSDATE": "2014-05-25T00:00:00Z", "STARTTIME": "2014-08-15T12:00:00Z", "FGUID": "a243adfa-167a-47ea-9e0f-c53201699975", "CADNAME": "08G2防护绿地", "DXKJKF": " ", "YDXZ": "防护绿地", "FTZMC": "ZC-CZ-A04-21-36.dwg", "JZGD": "/", "JC": "主城城中分区控规", "SHAPE_Length": 197.58922702963764, "SHAPE_Area": 887.94085359363862 }, "geometry": { "type": "MultiPolygon", "coordinates": [ [ [ [ 40520297.827200002968311, 3530920.479699998628348 ], [ 40520209.2429, 3530916.150999999605119 ], [ 40520208.7548, 3530926.13910000026226 ], [ 40520297.5458, 3530930.477999999653548 ], [ 40520297.827200002968311, 3530920.479699998628348 ] ] ] ] } },
{ "type": "Feature", "properties": { "OBJECTID": 4054, "DKBH": "ZC-CZ-A04-38", "YDDM": "G2", "DKMJ": 2368.8, "YDJRX": " ", "RJL": " ", "JZMD": " ", "LDL": "≥80%", "JDCW": " ", "DTSTZB": " ", "CSSJZB": " ", "REMARK": " ", "PLANNAME": "江阴市中心城区主城控制性详细规划", "PLANDATE": "2014-05-10T00:00:00Z", "PLANUNIT": "江阴市城乡规划设计院", "PASSDATE": "2014-05-25T00:00:00Z", "STARTTIME": "2014-08-15T12:00:00Z", "FGUID": "780fddb0-1070-4cc1-8064-1476782c915a", "CADNAME": "08G2防护绿地", "DXKJKF": " ", "YDXZ": "防护绿地", "FTZMC": "ZC-CZ-A04-37-70.dwg", "JZGD": "/", "JC": "主城城中分区控规", "SHAPE_Length": 493.92724954898193, "SHAPE_Area": 2368.8844095129948 }, "geometry": { "type": "MultiPolygon", "coordinates": [ [ [ [ 40520280.416599996387959, 3530899.605 ], [ 40520285.4115, 3530719.528999999631196 ], [ 40520282.783699996769428, 3530719.9318 ], [ 40520275.36259999871254, 3530721.148099998477846 ], [ 40520270.7034, 3530889.118200000375509 ], [ 40520213.094499997794628, 3530886.303199999500066 ], [ 40520212.60639999806881, 3530896.291199999395758 ], [ 40520280.416599996387959, 3530899.605 ] ] ] ] } },
{ "type": "Feature", "properties": { "OBJECTID": 4065, "DKBH": "ZC-CZ-A05-61", "YDDM": "G2", "DKMJ": 3487.9, "YDJRX": " ", "RJL": " ", "JZMD": " ", "LDL": "≥80%", "JDCW": " ", "DTSTZB": " ", "CSSJZB": " ", "REMARK": " ", "PLANNAME": "江阴市中心城区主城控制性详细规划", "PLANDATE": "2014-05-10T00:00:00Z", "PLANUNIT": "江阴市城乡规划设计院", "PASSDATE": "2014-05-25T00:00:00Z", "STARTTIME": "2014-08-15T12:00:00Z", "FGUID": "11cc48ad-45dc-4071-b681-4409888a45a9", "CADNAME": "08G2防护绿地", "DXKJKF": " ", "YDXZ": "防护绿地", "FTZMC": "ZC-CZ-A05-46-74.dwg", "JZGD": "/", "JC": "主城城中分区控规", "SHAPE_Length": 431.6181358115557, "SHAPE_Area": 3488.6790851502792 }, "geometry": { "type": "MultiPolygon", "coordinates": [ [ [ [ 40521191.744999997317791, 3529559.572299999650568 ], [ 40521192.217500001192093, 3529540.262099999468774 ], [ 40521187.828900001943111, 3529535.653399999719113 ], [ 40521007.8895, 3529531.25099999923259 ], [ 40520995.122299998998642, 3529543.4424 ], [ 40520994.895999997854233, 3529553.879300000146031 ], [ 40520996.8944, 3529553.647499999031425 ], [ 40520997.893399998545647, 3529553.53349999897182 ], [ 40520999.537100002169609, 3529553.348899998702109 ], [ 40521009.806599996984005, 3529552.2715999991633 ], [ 40521030.787600003182888, 3529550.549499999266118 ], [ 40521046.65429999679327, 3529549.711599999573082 ], [ 40521062.537299998104572, 3529549.2692 ], [ 40521073.684600003063679, 3529549.194699998944998 ], [ 40521091.565200001001358, 3529549.358199999202043 ], [ 40521109.441699996590614, 3529549.7749 ], [ 40521153.140299998223782, 3529551.861899999435991 ], [ 40521191.744999997317791, 3529559.572299999650568 ] ] ] ] } },
{ "type": "Feature", "properties": { "OBJECTID": 4164, "DKBH": "ZC-CZ-A05-56", "YDDM": "G2", "DKMJ": 3137.3, "YDJRX": " ", "RJL": " ", "JZMD": " ", "LDL": "≥80%", "JDCW": " ", "DTSTZB": " ", "CSSJZB": " ", "REMARK": " ", "PLANNAME": "江阴市中心城区主城控制性详细规划", "PLANDATE": "2014-05-10T00:00:00Z", "PLANUNIT": "江阴市城乡规划设计院", "PASSDATE": "2014-05-25T00:00:00Z", "STARTTIME": "2014-08-15T12:00:00Z", "FGUID": "083fd54e-6a77-4d59-bdb7-2532de80be14", "CADNAME": "08G2防护绿地", "DXKJKF": " ", "YDXZ": "防护绿地", "FTZMC": "ZC-CZ-A05-46-74.dwg", "JZGD": "/", "JC": "主城城中分区控规", "SHAPE_Length": 399.85331396008667, "SHAPE_Area": 3137.368760545336 }, "geometry": { "type": "MultiPolygon", "coordinates": [ [ [ [ 40520781.98870000243187, 3529344.241199999582022 ], [ 40520764.4966000020504, 3529343.813100000377744 ], [ 40520756.616800002753735, 3529526.010899999178946 ], [ 40520775.588200002908707, 3529525.041800000239164 ], [ 40520774.6488, 3529498.535799999721348 ], [ 40520781.98870000243187, 3529344.241199999582022 ] ] ] ] } },
{ "type": "Feature", "properties": { "OBJECTID": 4165, "DKBH": "ZC-CZ-A05-57", "YDDM": "G2", "DKMJ": 10735.0, "YDJRX": " ", "RJL": " ", "JZMD": " ", "LDL": "≥80%", "JDCW": " ", "DTSTZB": " ", "CSSJZB": " ", "REMARK": " ", "PLANNAME": "江阴市中心城区主城控制性详细规划", "PLANDATE": "2014-05-10T00:00:00Z", "PLANUNIT": "江阴市城乡规划设计院", "PASSDATE": "2014-05-25T00:00:00Z", "STARTTIME": "2014-08-15T12:00:00Z", "FGUID": "a10de725-2a61-4475-9536-26fde8efe54d", "CADNAME": "08G2防护绿地", "DXKJKF": " ", "YDXZ": "防护绿地", "FTZMC": "ZC-CZ-A05-46-74.dwg", "JZGD": "/", "JC": "主城城中分区控规", "SHAPE_Length": 546.55963596828349, "SHAPE_Area": 10735.180321469128 }, "geometry": { "type": "MultiPolygon", "coordinates": [ [ [ [ 40520824.489699997007847, 3529345.281 ], [ 40520797.988300003111362, 3529344.632600000593811 ], [ 40520790.663000002503395, 3529498.6239 ], [ 40520791.598399996757507, 3529524.223799999337643 ], [ 40520888.975100003182888, 3529519.249099999666214 ], [ 40520890.7482, 3529438.19139999942854 ], [ 40520820.5379, 3529436.655599999707192 ], [ 40520824.489699997007847, 3529345.281 ] ] ] ] } },
{ "type": "Feature", "properties": { "OBJECTID": 4203, "DKBH": "ZC-CZ-A03-46", "YDDM": "G2", "DKMJ": 4435.4, "YDJRX": " ", "RJL": " ", "JZMD": " ", "LDL": "≥80%", "JDCW": " ", "DTSTZB": " ", "CSSJZB": " ", "REMARK": " ", "PLANNAME": "江阴市中心城区主城控制性详细规划", "PLANDATE": "2014-05-10T00:00:00Z", "PLANUNIT": "江阴市城乡规划设计院", "PASSDATE": "2014-05-25T00:00:00Z", "STARTTIME": "2014-08-15T12:00:00Z", "FGUID": "40d7dc9e-0e2d-43c1-a60a-f516f738ca6e", "CADNAME": "08G2防护绿地", "DXKJKF": " ", "YDXZ": "防护绿地", "FTZMC": "ZC-CZ-A03-36-60.dwg", "JZGD": "/", "JC": "主城城中分区控规", "SHAPE_Length": 907.09547772443591, "SHAPE_Area": 4435.4969686756813 }, "geometry": { "type": "MultiPolygon", "coordinates": [ [ [ [ 40520115.582900002598763, 3530881.871900000143796 ], [ 40519672.4692, 3530860.165799998678267 ], [ 40519672.176299996674061, 3530870.163499998860061 ], [ 40520115.093599997460842, 3530891.859999999869615 ], [ 40520115.582900002598763, 3530881.871900000143796 ] ] ] ] } },
{ "type": "Feature", "properties": { "OBJECTID": 4205, "DKBH": "ZC-CZ-A04-69", "YDDM": "G2", "DKMJ": 2061.3, "YDJRX": " ", "RJL": " ", "JZMD": " ", "LDL": "≥80%", "JDCW": " ", "DTSTZB": " ", "CSSJZB": " ", "REMARK": " ", "PLANNAME": "江阴市中心城区主城控制性详细规划", "PLANDATE": "2014-05-10T00:00:00Z", "PLANUNIT": "江阴市城乡规划设计院", "PASSDATE": "2014-05-25T00:00:00Z", "STARTTIME": "2014-08-15T12:00:00Z", "FGUID": "cfa709f2-5411-43ec-a943-c92cb8097d0f", "CADNAME": "08G2防护绿地", "DXKJKF": " ", "YDXZ": "防护绿地", "FTZMC": "ZC-CZ-A04-37-70.dwg", "JZGD": "/", "JC": "主城城中分区控规", "SHAPE_Length": 265.2954245185316, "SHAPE_Area": 2061.3825734945135 }, "geometry": { "type": "MultiPolygon", "coordinates": [ [ [ [ 40520980.562299996614456, 3530729.231999998912215 ], [ 40520989.2702, 3530618.901899999007583 ], [ 40520971.846199996769428, 3530629.957899998873472 ], [ 40520969.1343, 3530664.319400000851601 ], [ 40520964.0713, 3530683.982099999208003 ], [ 40520960.7099, 3530726.570499999448657 ], [ 40520972.2927, 3530740.02309999987483 ], [ 40520979.669600002467632, 3530740.542899998836219 ], [ 40520980.562299996614456, 3530729.231999998912215 ] ] ] ] } },
{ "type": "Feature", "properties": { "OBJECTID": 4206, "DKBH": "ZC-CZ-A04-82", "YDDM": "G2", "DKMJ": 2518.0, "YDJRX": " ", "RJL": " ", "JZMD": " ", "LDL": "≥80%", "JDCW": " ", "DTSTZB": " ", "CSSJZB": " ", "REMARK": " ", "PLANNAME": "江阴市中心城区主城控制性详细规划", "PLANDATE": "2014-05-10T00:00:00Z", "PLANUNIT": "江阴市城乡规划设计院", "PASSDATE": "2014-05-25T00:00:00Z", "STARTTIME": "2014-08-15T12:00:00Z", "FGUID": "6ac56339-a7af-4d8e-9d92-05a1f3240f8f", "CADNAME": "08G2防护绿地", "DXKJKF": " ", "YDXZ": "防护绿地", "FTZMC": "ZC-CZ-A04-71-88.dwg", "JZGD": "/", "JC": "主城城中分区控规", "SHAPE_Length": 329.11528011847196, "SHAPE_Area": 2518.010258426667 }, "geometry": { "type": "MultiPolygon", "coordinates": [ [ [ [ 40520996.59570000320673, 3530398.40849999897182 ], [ 40520989.83219999819994, 3530397.867999999318272 ], [ 40520976.3398, 3530410.057699999772012 ], [ 40520975.548299998044968, 3530446.571799999568611 ], [ 40520978.3975, 3530476.640899999532849 ], [ 40520977.239, 3530530.0866 ], [ 40520993.22860000282526, 3530553.7637 ], [ 40520996.59570000320673, 3530398.40849999897182 ] ] ] ] } },
{ "type": "Feature", "properties": { "OBJECTID": 4242, "DKBH": "ZC-CZ-A04-79", "YDDM": "S42", "DKMJ": 4986.1, "YDJRX": " ", "RJL": " ", "JZMD": " ", "LDL": " ", "JDCW": " ", "DTSTZB": " ", "CSSJZB": " ", "REMARK": " ", "PLANNAME": "江阴市中心城区主城控制性详细规划", "PLANDATE": "2014-05-10T00:00:00Z", "PLANUNIT": "江阴市城乡规划设计院", "PASSDATE": "2014-05-25T00:00:00Z", "STARTTIME": "2014-08-15T12:00:00Z", "FGUID": "06a5f8ab-8d07-428a-a952-1257e0429cc7", "CADNAME": "06S42社会停车场用地", "DXKJKF": " ", "YDXZ": "社会停车场用地", "FTZMC": "ZC-CZ-A04-71-88.dwg", "JZGD": "/", "JC": "主城城中分区控规", "SHAPE_Length": 278.59892760554999, "SHAPE_Area": 4986.2089521443941 }, "geometry": { "type": "MultiPolygon", "coordinates": [ [ [ [ 40520741.1783, 3530046.765399998985231 ], [ 40520718.4665, 3530045.998199999798089 ], [ 40520692.177500002086163, 3530047.4062 ], [ 40520688.9032, 3530127.00569999916479 ], [ 40520751.404200002551079, 3530129.116799999494106 ], [ 40520753.732100002467632, 3530060.196999999694526 ], [ 40520741.1783, 3530046.765399998985231 ] ] ] ] } },
{ "type": "Feature", "properties": { "OBJECTID": 4246, "DKBH": "ZC-CZ-A05-38", "YDDM": "A33b", "DKMJ": 111047.6, "YDJRX": " ", "RJL": "0.7-1.5", "JZMD": "≤30%", "LDL": "≥35%", "JDCW": "0.8个/100生", "DTSTZB": " ", "CSSJZB": " ", "REMARK": " ", "PLANNAME": "江阴市中心城区主城控制性详细规划", "PLANDATE": "2014-05-10T00:00:00Z", "PLANUNIT": "江阴市城乡规划设计院", "PASSDATE": "2014-05-25T00:00:00Z", "STARTTIME": "2014-08-15T12:00:00Z", "FGUID": "7410ee58-47c3-47f5-8651-60efba5244f4", "CADNAME": "02A33b初中用地", "DXKJKF": " ", "YDXZ": "初中用地", "FTZMC": "ZC-CZ-A05-25-45.dwg", "JZGD": "/", "JC": "主城城中分区控规", "SHAPE_Length": 1387.8988878965613, "SHAPE_Area": 111049.72364162942 }, "geometry": { "type": "MultiPolygon", "coordinates": [ [ [ [ 40520226.2399, 3529330.643799999263138 ], [ 40519977.101099997758865, 3529324.54839999973774 ], [ 40519947.0242, 3529327.313599999528378 ], [ 40519865.7162000015378, 3529325.3243 ], [ 40519845.230099998414516, 3529344.9567 ], [ 40519844.461099997162819, 3529387.4501 ], [ 40519840.5999, 3529407.383699999656528 ], [ 40519837.8363, 3529560.104499999899417 ], [ 40519850.4467, 3529572.306099999696016 ], [ 40520316.321599997580051, 3529548.505199999082834 ], [ 40520323.201700001955032, 3529541.264599999878556 ], [ 40520323.2025, 3529443.510099999606609 ], [ 40520319.70269999653101, 3529413.509799998719245 ], [ 40520319.703199997544289, 3529353.509200000669807 ], [ 40520302.630999997258186, 3529336.014099999796599 ], [ 40520246.148500002920628, 3529334.632000000216067 ], [ 40520226.2399, 3529330.643799999263138 ] ] ] ] } },
{ "type": "Feature", "properties": { "OBJECTID": 4247, "DKBH": "ZC-CZ-B05-05", "YDDM": "A33b", "DKMJ": 72071.8, "YDJRX": " ", "RJL": "0.7-1.5", "JZMD": "≤30%", "LDL": "≥35%", "JDCW": "0.8个/100生", "DTSTZB": " ", "CSSJZB": " ", "REMARK": " ", "PLANNAME": "江阴市中心城区主城控制性详细规划", "PLANDATE": "2014-05-10T00:00:00Z", "PLANUNIT": "江阴市城乡规划设计院", "PASSDATE": "2014-05-25T00:00:00Z", "STARTTIME": "2014-08-15T12:00:00Z", "FGUID": "a84a1335-1aa2-41ee-a27a-327851499a4d", "CADNAME": "02A33b初中用地", "DXKJKF": " ", "YDXZ": "初中用地", "FTZMC": "ZC-CZ-B05-01-18.dwg", "JZGD": "/", "JC": "主城城中分区控规", "SHAPE_Length": 1079.1196044424109, "SHAPE_Area": 72073.145123593466 }, "geometry": { "type": "MultiPolygon", "coordinates": [ [ [ [ 40523165.947700001299381, 3531117.991399999707937 ], [ 40522858.361900001764297, 3531044.023199999239296 ], [ 40522830.081, 3531064.274599999655038 ], [ 40522825.001999996602535, 3531119.373999998904765 ], [ 40522819.680799998342991, 3531138.968399999197572 ], [ 40522817.8402, 3531158.936299999244511 ], [ 40522819.4894, 3531179.173300000373274 ], [ 40522815.817699998617172, 3531219.004700000397861 ], [ 40522828.6466, 3531237.920999999623746 ], [ 40522868.384900003671646, 3531249.649199999403208 ], [ 40522886.576399996876717, 3531258.667399999685585 ], [ 40523135.721699997782707, 3531332.199099999386817 ], [ 40523148.421499997377396, 3531324.220899998676032 ], [ 40523178.931500002741814, 3531137.534799999091774 ], [ 40523165.947700001299381, 3531117.991399999707937 ] ] ] ] } },
{ "type": "Feature", "properties": { "OBJECTID": 4259, "DKBH": "ZC-CZ-A05-26", "YDDM": "G1", "DKMJ": 6934.1, "YDJRX": " ", "RJL": " ", "JZMD": " ", "LDL": "≥65%", "JDCW": " ", "DTSTZB": " ", "CSSJZB": " ", "REMARK": " ", "PLANNAME": "江阴市中心城区主城控制性详细规划", "PLANDATE": "2014-05-10T00:00:00Z", "PLANUNIT": "江阴市城乡规划设计院", "PASSDATE": "2014-05-25T00:00:00Z", "STARTTIME": "2014-08-15T12:00:00Z", "FGUID": "a6f6c080-dd37-4ee2-8abe-c0e970911df4", "CADNAME": "08G1公园绿地", "DXKJKF": " ", "YDXZ": "公园绿地", "FTZMC": "ZC-CZ-A05-25-45.dwg", "JZGD": "/", "JC": "主城城中分区控规", "SHAPE_Length": 542.0347037799454, "SHAPE_Area": 6934.7277745660303 }, "geometry": { "type": "MultiPolygon", "coordinates": [ [ [ [ 40520183.59570000320673, 3529786.551499999593943 ], [ 40520147.153899997472763, 3529785.742599999066442 ], [ 40520154.111900001764297, 3529795.906000000424683 ], [ 40520161.868199996650219, 3529808.47359999967739 ], [ 40520168.96509999781847, 3529821.424999999348074 ], [ 40520175.383500002324581, 3529834.725699999835342 ], [ 40520181.106299996376038, 3529848.3402 ], [ 40520186.118500001728535, 3529862.231999999843538 ], [ 40520190.406400002539158, 3529876.364199999254197 ], [ 40520193.958700001239777, 3529890.698999999091029 ], [ 40520196.7658, 3529905.198099998757243 ], [ 40520197.75, 3529913.230700000189245 ], [ 40520198.0326, 3529921.318399999756366 ], [ 40520197.61150000244379, 3529929.400100000202656 ], [ 40520196.489799998700619, 3529937.414499999023974 ], [ 40520194.6761, 3529945.301300000399351 ], [ 40520192.184, 3529953.0006 ], [ 40520189.032499998807907, 3529960.454399999696761 ], [ 40520185.245300002396107, 3529967.606100000441074 ], [ 40520180.851099997758865, 3529974.401800000108778 ], [ 40520175.883100003004074, 3529980.790099999401718 ], [ 40520170.378899998962879, 3529986.722500000149012 ], [ 40520164.3800999969244, 3529992.154399999883026 ], [ 40520157.932099997997284, 3529997.044499999843538 ], [ 40520201.408699996769428, 3529998.5132 ], [ 40520203.433399997651577, 3529995.793399999849498 ], [ 40520208.740199998021126, 3529987.862499999348074 ], [ 40520213.445299997925758, 3529979.5606 ], [ 40520217.5229, 3529970.932999999728054 ], [ 40520220.950599998235703, 3529962.027400001417845 ], [ 40520223.709700003266335, 3529952.89229999948293 ], [ 40520225.78490000218153, 3529943.577999999281019 ], [ 40520227.164800003170967, 3529934.135700000450015 ], [ 40520227.842, 3529924.617299999576062 ], [ 40520227.8125, 3529915.0746999992989 ], [ 40520227.076800003647804, 3529905.560499999206513 ], [ 40520225.638800002634525, 3529896.126899999100715 ], [ 40520222.610399998724461, 3529881.378399999812245 ], [ 40520218.882399998605251, 3529866.790999999735504 ], [ 40520214.463699996471405, 3529852.39780000038445 ], [ 40520209.364, 3529838.231499998830259 ], [ 40520203.594999998807907, 3529824.324399999342859 ], [ 40520197.169799998402596, 3529810.708100000396371 ], [ 40520190.103, 3529797.41330000013113 ], [ 40520183.59570000320673, 3529786.551499999593943 ] ] ] ] } },
{ "type": "Feature", "properties": { "OBJECTID": 4260, "DKBH": "ZC-CZ-A05-30", "YDDM": "G1", "DKMJ": 20415.3, "YDJRX": " ", "RJL": " ", "JZMD": " ", "LDL": "≥65%", "JDCW": " ", "DTSTZB": " ", "CSSJZB": " ", "REMARK": " ", "PLANNAME": "江阴市中心城区主城控制性详细规划", "PLANDATE": "2014-05-10T00:00:00Z", "PLANUNIT": "江阴市城乡规划设计院", "PASSDATE": "2014-05-25T00:00:00Z", "STARTTIME": "2014-08-15T12:00:00Z", "FGUID": "a022a8e1-d7d6-4c0f-a7ff-ccfabdb778f0", "CADNAME": "08G1公园绿地", "DXKJKF": " ", "YDXZ": "公园绿地", "FTZMC": "ZC-CZ-A05-25-45.dwg", "JZGD": "/", "JC": "主城城中分区控规", "SHAPE_Length": 649.30481604415934, "SHAPE_Area": 20417.133370305655 }, "geometry": { "type": "MultiPolygon", "coordinates": [ [ [ [ 40520323.200000002980232, 3529758.232399999629706 ], [ 40520323.200900003314018, 3529648.172599998768419 ], [ 40520319.3952, 3529648.339499998837709 ], [ 40520298.854400001466274, 3529648.88759999955073 ], [ 40520278.306699998676777, 3529648.761400000192225 ], [ 40520257.774300001561642, 3529647.960999999660999 ], [ 40520237.2791, 3529646.487499999813735 ], [ 40520216.8433, 3529644.342299998737872 ], [ 40520195.437799997627735, 3529640.642400000244379 ], [ 40520173.931199997663498, 3529637.585099999327213 ], [ 40520152.342500001192093, 3529635.173099999316037 ], [ 40520130.691399998962879, 3529633.408400000538677 ], [ 40520108.99719999730587, 3529632.292799999471754 ], [ 40520087.279200002551079, 3529631.827099999878556 ], [ 40520086.3517, 3529632.151699999347329 ], [ 40520085.4934, 3529632.630300000309944 ], [ 40520084.7298, 3529633.248899999540299 ], [ 40520084.083400003612041, 3529633.989099999889731 ], [ 40520083.573399998247623, 3529634.82909999974072 ], [ 40520083.214599996805191, 3529635.744000000879169 ], [ 40520083.018, 3529636.706899998709559 ], [ 40520082.989200003445148, 3529637.6891 ], [ 40520083.129100002348423, 3529638.661899998784065 ], [ 40520083.4335, 3529639.596299999859184 ], [ 40520083.893399998545647, 3529640.464800000656396 ], [ 40520084.495300002396107, 3529641.241599998902529 ], [ 40520094.938699997961521, 3529651.005900000222027 ], [ 40520105.74719999730587, 3529660.364399999845773 ], [ 40520116.9049, 3529669.303799998946488 ], [ 40520128.395499996840954, 3529677.810899998992682 ], [ 40520140.2025, 3529685.873200000263751 ], [ 40520151.3253, 3529693.816300000529736 ], [ 40520162.042499996721745, 3529702.298599998932332 ], [ 40520172.328100003302097, 3529711.299499998800457 ], [ 40520182.156800001859665, 3529720.7972 ], [ 40520191.5048, 3529730.7684 ], [ 40520200.349200002849102, 3529741.18879999872297 ], [ 40520208.668499998748302, 3529752.033099999185652 ], [ 40520216.4424, 3529763.274799999315292 ], [ 40520315.788900002837181, 3529765.480600001290441 ], [ 40520323.200000002980232, 3529758.232399999629706 ] ] ] ] } },
{ "type": "Feature", "properties": { "OBJECTID": 4276, "DKBH": "ZC-CZ-A05-29", "YDDM": "G1", "DKMJ": 10496.6, "YDJRX": " ", "RJL": " ", "JZMD": " ", "LDL": "≥65%", "JDCW": " ", "DTSTZB": " ", "CSSJZB": " ", "REMARK": " ", "PLANNAME": "江阴市中心城区主城控制性详细规划", "PLANDATE": "2014-05-10T00:00:00Z", "PLANUNIT": "江阴市城乡规划设计院", "PASSDATE": "2014-05-25T00:00:00Z", "STARTTIME": "2014-08-15T12:00:00Z", "FGUID": "59013f0e-b6b6-4709-a0c1-303ae24cd7df", "CADNAME": "08G1公园绿地", "DXKJKF": " ", "YDXZ": "公园绿地", "FTZMC": "ZC-CZ-A05-25-45.dwg", "JZGD": "/", "JC": "主城城中分区控规", "SHAPE_Length": 778.12982715506746, "SHAPE_Area": 10498.268434605976 }, "geometry": { "type": "MultiPolygon", "coordinates": [ [ [ [ 40520018.724600002169609, 3529634.461599999573082 ], [ 40520015.884400002658367, 3529632.147099999710917 ], [ 40520012.7201, 3529630.2999 ], [ 40520009.308300003409386, 3529628.964599999599159 ], [ 40520005.730899997055531, 3529628.173300000373274 ], [ 40520002.074100002646446, 3529627.945200000423938 ], [ 40519970.390100002288818, 3529632.561800000723451 ], [ 40519945.850000001490116, 3529637.843399998731911 ], [ 40519921.2051, 3529642.613300000317395 ], [ 40519896.466399997472763, 3529646.869199999142438 ], [ 40519871.644500002264977, 3529650.609499999321997 ], [ 40519846.75, 3529653.832399998791516 ], [ 40519836.118100002408028, 3529655.048700000159442 ], [ 40519836.067100003361702, 3529657.868900000117719 ], [ 40519839.114100001752377, 3529682.92839999916032 ], [ 40519839.0779, 3529684.935399999376386 ], [ 40519847.111199997365475, 3529683.996899999212474 ], [ 40519876.096699997782707, 3529680.278999998699874 ], [ 40519904.9863, 3529675.876899998635054 ], [ 40519933.7637, 3529670.793299999088049 ], [ 40519955.2637, 3529666.535000000149012 ], [ 40519976.684600003063679, 3529661.896099998615682 ], [ 40519986.340999998152256, 3529660.133600000292063 ], [ 40519996.058399997651577, 3529658.74519999884069 ], [ 40519999.959200002253056, 3529658.295300000812858 ], [ 40520012.8473, 3529671.476600000169128 ], [ 40520026.129100002348423, 3529684.261099999304861 ], [ 40520039.792599998414516, 3529696.636999999638647 ], [ 40520053.82490000128746, 3529708.593100000172853 ], [ 40520068.213299997150898, 3529720.117999999318272 ], [ 40520082.9446, 3529731.201400000136346 ], [ 40520104.910300001502037, 3529746.570299999322742 ], [ 40520114.266099996864796, 3529753.6214 ], [ 40520123.196099996566772, 3529761.204400000628084 ], [ 40520165.707099996507168, 3529762.148399999830872 ], [ 40520117.827200002968311, 3529719.03000000026077 ], [ 40520100.021700002253056, 3529706.5239 ], [ 40520085.552100002765656, 3529695.596300000790507 ], [ 40520071.4324000030756, 3529684.22029999922961 ], [ 40520057.676399998366833, 3529672.407000001054257 ], [ 40520044.297700002789497, 3529660.167899999767542 ], [ 40520031.309600003063679, 3529647.515399999450892 ], [ 40520018.724600002169609, 3529634.461599999573082 ] ] ] ] } },
{ "type": "Feature", "properties": { "OBJECTID": 4280, "DKBH": "ZC-CZ-A04-34", "YDDM": "G2", "DKMJ": 797.7, "YDJRX": " ", "RJL": " ", "JZMD": " ", "LDL": "≥80%", "JDCW": " ", "DTSTZB": " ", "CSSJZB": " ", "REMARK": " ", "PLANNAME": "江阴市中心城区主城控制性详细规划", "PLANDATE": "2014-05-10T00:00:00Z", "PLANUNIT": "江阴市城乡规划设计院", "PASSDATE": "2014-05-25T00:00:00Z", "STARTTIME": "2014-08-15T12:00:00Z", "FGUID": "b5ce6be9-4e24-4a87-bc3d-c0e2c38cc6fb", "CADNAME": "08G2防护绿地", "DXKJKF": " ", "YDXZ": "防护绿地", "FTZMC": "ZC-CZ-A04-21-36.dwg", "JZGD": "/", "JC": "主城城中分区控规", "SHAPE_Length": 333.40051517794086, "SHAPE_Area": 797.74981365039866 }, "geometry": { "type": "MultiPolygon", "coordinates": [ [ [ [ 40520905.818800002336502, 3530950.190300000365824 ], [ 40520741.353, 3530942.1535 ], [ 40520746.178999997675419, 3530947.395399999804795 ], [ 40520900.428900003433228, 3530954.932900000363588 ], [ 40520905.818800002336502, 3530950.190300000365824 ] ] ] ] } },
{ "type": "Feature", "properties": { "OBJECTID": 4423, "DKBH": "ZC-CZ-A05-47", "YDDM": "G2", "DKMJ": 3700.3, "YDJRX": " ", "RJL": " ", "JZMD": " ", "LDL": "≥80%", "JDCW": " ", "DTSTZB": " ", "CSSJZB": " ", "REMARK": " ", "PLANNAME": "江阴市中心城区主城控制性详细规划", "PLANDATE": "2014-05-10T00:00:00Z", "PLANUNIT": "江阴市城乡规划设计院", "PASSDATE": "2014-05-25T00:00:00Z", "STARTTIME": "2014-08-15T12:00:00Z", "FGUID": "31484b96-4bde-45d8-b9c1-fdc7144b1ff6", "CADNAME": "08G2防护绿地", "DXKJKF": " ", "YDXZ": "防护绿地", "FTZMC": "ZC-CZ-A05-46-74.dwg", "JZGD": "/", "JC": "主城城中分区控规", "SHAPE_Length": 444.69331282938003, "SHAPE_Area": 3700.382524809057 }, "geometry": { "type": "MultiPolygon", "coordinates": [ [ [ [ 40521009.383900001645088, 3529808.387299999594688 ], [ 40521003.625699996948242, 3529808.259499999694526 ], [ 40520989.0814, 3529822.164899999741465 ], [ 40520987.710100002586842, 3529885.4345 ], [ 40520987.085699997842312, 3529914.251899999566376 ], [ 40520989.934799998998642, 3529944.320799998939037 ], [ 40520988.634900003671646, 3530004.307400000281632 ], [ 40521004.768, 3530021.360699999611825 ], [ 40521009.383900001645088, 3529808.387299999594688 ] ] ] ] } },
{ "type": "Feature", "properties": { "OBJECTID": 4769, "DKBH": "ZC-CZ-A05-35", "YDDM": "G2", "DKMJ": 5472.3, "YDJRX": " ", "RJL": " ", "JZMD": " ", "LDL": "≥80%", "JDCW": " ", "DTSTZB": " ", "CSSJZB": " ", "REMARK": " ", "PLANNAME": "江阴市中心城区主城控制性详细规划", "PLANDATE": "2014-05-10T00:00:00Z", "PLANUNIT": "江阴市城乡规划设计院", "PASSDATE": "2014-05-25T00:00:00Z", "STARTTIME": "2014-08-15T12:00:00Z", "FGUID": "240c7b49-37f8-4d83-8d8f-fcf91d7abdec", "CADNAME": "08G2防护绿地", "DXKJKF": " ", "YDXZ": "防护绿地", "FTZMC": "ZC-CZ-A05-25-45.dwg", "JZGD": "/", "JC": "主城城中分区控规", "SHAPE_Length": 425.15284451942011, "SHAPE_Area": 5472.2015597105246 }, "geometry": { "type": "MultiPolygon", "coordinates": [ [ [ [ 40520528.3728, 3529663.5992999994196 ], [ 40520529.212899997830391, 3529633.312899999320507 ], [ 40520429.905699998140335, 3529644.542599999345839 ], [ 40520376.2553, 3529649.001599999610335 ], [ 40520361.726400002837181, 3529649.273599999025464 ], [ 40520347.2011, 3529648.850999999325722 ], [ 40520347.200800001621246, 3529678.889600000344217 ], [ 40520362.675700001418591, 3529679.277400000952184 ], [ 40520378.1519, 3529678.94770000083372 ], [ 40520432.8341, 3529674.402899999637157 ], [ 40520528.3728, 3529663.5992999994196 ] ] ] ] } },
{ "type": "Feature", "properties": { "OBJECTID": 4770, "DKBH": "ZC-CZ-A05-53", "YDDM": "G2", "DKMJ": 9617.9, "YDJRX": " ", "RJL": " ", "JZMD": " ", "LDL": "≥80%", "JDCW": " ", "DTSTZB": " ", "CSSJZB": " ", "REMARK": " ", "PLANNAME": "江阴市中心城区主城控制性详细规划", "PLANDATE": "2014-05-10T00:00:00Z", "PLANUNIT": "江阴市城乡规划设计院", "PASSDATE": "2014-05-25T00:00:00Z", "STARTTIME": "2014-08-15T12:00:00Z", "FGUID": "980204f3-fc46-4dd8-8017-79b8e61869fe", "CADNAME": "08G2防护绿地", "DXKJKF": " ", "YDXZ": "防护绿地", "FTZMC": "ZC-CZ-A05-46-74.dwg", "JZGD": "/", "JC": "主城城中分区控规", "SHAPE_Length": 501.9633161806961, "SHAPE_Area": 9618.1177451793646 }, "geometry": { "type": "MultiPolygon", "coordinates": [ [ [ [ 40520777.965499997138977, 3529589.307099999394268 ], [ 40520776.201499998569489, 3529541.031400000210851 ], [ 40520585.3429, 3529550.782200000248849 ], [ 40520571.113799996674061, 3529565.347000001464039 ], [ 40520570.168300002813339, 3529599.43129999935627 ], [ 40520680.367600001394749, 3529591.926699998322874 ], [ 40520741.75959999859333, 3529590.5066 ], [ 40520777.965499997138977, 3529589.307099999394268 ] ] ] ] } },
{ "type": "Feature", "properties": { "OBJECTID": 4771, "DKBH": "ZC-CZ-A05-54", "YDDM": "G2", "DKMJ": 5887.3, "YDJRX": " ", "RJL": " ", "JZMD": " ", "LDL": "≥80%", "JDCW": " ", "DTSTZB": " ", "CSSJZB": " ", "REMARK": " ", "PLANNAME": "江阴市中心城区主城控制性详细规划", "PLANDATE": "2014-05-10T00:00:00Z", "PLANUNIT": "江阴市城乡规划设计院", "PASSDATE": "2014-05-25T00:00:00Z", "STARTTIME": "2014-08-15T12:00:00Z", "FGUID": "6c8ae03a-d186-4f20-8478-8039fc5f0d93", "CADNAME": "08G2防护绿地", "DXKJKF": " ", "YDXZ": "防护绿地", "FTZMC": "ZC-CZ-A05-46-74.dwg", "JZGD": "/", "JC": "主城城中分区控规", "SHAPE_Length": 411.51509086743295, "SHAPE_Area": 5887.4285458638824 }, "geometry": { "type": "MultiPolygon", "coordinates": [ [ [ [ 40520965.108599998056889, 3529543.732099998742342 ], [ 40520953.0246, 3529531.997899999842048 ], [ 40520792.1827, 3529540.215099999681115 ], [ 40520793.857699997723103, 3529586.062000000383705 ], [ 40520812.767300002276897, 3529582.295900000724941 ], [ 40520860.0832, 3529571.69179999968037 ], [ 40520963.276100002229214, 3529558.306500000413507 ], [ 40520964.7971, 3529558.109100000467151 ], [ 40520965.108599998056889, 3529543.732099998742342 ] ] ] ] } },
{ "type": "Feature", "properties": { "OBJECTID": 4772, "DKBH": "ZC-CZ-A05-52", "YDDM": "G2", "DKMJ": 11907.7, "YDJRX": " ", "RJL": " ", "JZMD": " ", "LDL": "≥80%", "JDCW": " ", "DTSTZB": " ", "CSSJZB": " ", "REMARK": " ", "PLANNAME": "江阴市中心城区主城控制性详细规划", "PLANDATE": "2014-05-10T00:00:00Z", "PLANUNIT": "江阴市城乡规划设计院", "PASSDATE": "2014-05-25T00:00:00Z", "STARTTIME": "2014-08-15T12:00:00Z", "FGUID": "61596c99-bcc5-4a8b-afcf-a71c51a9d684", "CADNAME": "08G2防护绿地", "DXKJKF": " ", "YDXZ": "防护绿地", "FTZMC": "ZC-CZ-A05-46-74.dwg", "JZGD": "/", "JC": "主城城中分区控规", "SHAPE_Length": 853.50452769213575, "SHAPE_Area": 11907.977428866987 }, "geometry": { "type": "MultiPolygon", "coordinates": [ [ [ [ 40520963.482, 3529618.782999999821186 ], [ 40520964.1395, 3529588.445899999700487 ], [ 40520866.392300002276897, 3529601.124899999704212 ], [ 40520816.52929999679327, 3529612.274000000208616 ], [ 40520779.388899996876717, 3529619.276499999221414 ], [ 40520742.603200003504753, 3529620.495299999602139 ], [ 40520681.9996, 3529621.897199999541044 ], [ 40520569.368900001049042, 3529628.251899999566376 ], [ 40520569.114, 3529637.442599998787045 ], [ 40520570.9551, 3529658.210399999748915 ], [ 40520683.191799998283386, 3529651.877899999730289 ], [ 40520743.4467, 3529650.484099999535829 ], [ 40520782.6841000020504, 3529649.184299998451024 ], [ 40520822.58330000191927, 3529641.661299999337643 ], [ 40520871.605700001120567, 3529630.700199999380857 ], [ 40520963.482, 3529618.782999999821186 ] ] ] ] } },
{ "type": "Feature", "properties": { "OBJECTID": 4806, "DKBH": "ZC-CZ-A04-63", "YDDM": "G2", "DKMJ": 1228.5, "YDJRX": " ", "RJL": " ", "JZMD": " ", "LDL": "≥80%", "JDCW": " ", "DTSTZB": " ", "CSSJZB": " ", "REMARK": " ", "PLANNAME": "江阴市中心城区主城控制性详细规划", "PLANDATE": "2014-05-10T00:00:00Z", "PLANUNIT": "江阴市城乡规划设计院", "PASSDATE": "2014-05-25T00:00:00Z", "STARTTIME": "2014-08-15T12:00:00Z", "FGUID": "811b7404-ba42-40cb-8b8b-b14cc4c47ca2", "CADNAME": "08G2防护绿地", "DXKJKF": " ", "YDXZ": "防护绿地", "FTZMC": "ZC-CZ-A04-37-70.dwg", "JZGD": "/", "JC": "主城城中分区控规", "SHAPE_Length": 265.80568094854539, "SHAPE_Area": 1228.4999312809132 }, "geometry": { "type": "MultiPolygon", "coordinates": [ [ [ [ 40520292.476999998092651, 3530464.80229999916628 ], [ 40520282.520999997854233, 3530463.078999999444932 ], [ 40520279.091700002551079, 3530586.706499999854714 ], [ 40520289.093599997460842, 3530586.779799998737872 ], [ 40520292.476999998092651, 3530464.80229999916628 ] ] ] ] } },
{ "type": "Feature", "properties": { "OBJECTID": 4807, "DKBH": "ZC-CZ-A04-62", "YDDM": "G2", "DKMJ": 581.2, "YDJRX": " ", "RJL": " ", "JZMD": " ", "LDL": "≥80%", "JDCW": " ", "DTSTZB": " ", "CSSJZB": " ", "REMARK": " ", "PLANNAME": "江阴市中心城区主城控制性详细规划", "PLANDATE": "2014-05-10T00:00:00Z", "PLANUNIT": "江阴市城乡规划设计院", "PASSDATE": "2014-05-25T00:00:00Z", "STARTTIME": "2014-08-15T12:00:00Z", "FGUID": "3a7b45ec-1132-48cf-a1b1-31f4be62d390", "CADNAME": "08G2防护绿地", "DXKJKF": " ", "YDXZ": "防护绿地", "FTZMC": "ZC-CZ-A04-37-70.dwg", "JZGD": "/", "JC": "主城城中分区控规", "SHAPE_Length": 228.2934782714637, "SHAPE_Area": 581.16279517816145 }, "geometry": { "type": "MultiPolygon", "coordinates": [ [ [ [ 40520306.718199998140335, 3530480.534900000318885 ], [ 40520302.197800002992153, 3530475.008899998385459 ], [ 40520299.105899997055531, 3530586.481300000101328 ], [ 40520307.462700001895428, 3530578.41609999909997 ], [ 40520307.6827, 3530570.59859999967739 ], [ 40520305.028899997472763, 3530540.511700000148267 ], [ 40520306.718199998140335, 3530480.534900000318885 ] ] ] ] } },
{ "type": "Feature", "properties": { "OBJECTID": 5075, "DKBH": "ZC-CZ-A05-59", "YDDM": "U31", "DKMJ": 12552.1, "YDJRX": " ", "RJL": "≤0.8", "JZMD": "≤30%", "LDL": " ", "JDCW": " ", "DTSTZB": " ", "CSSJZB": " ", "REMARK": " ", "PLANNAME": "江阴市中心城区主城控制性详细规划", "PLANDATE": "2014-05-10T00:00:00Z", "PLANUNIT": "江阴市城乡规划设计院", "PASSDATE": "2014-05-25T00:00:00Z", "STARTTIME": "2014-08-15T12:00:00Z", "FGUID": "36fed0b8-54f0-45e9-a79c-7bfad79bc411", "CADNAME": "07U31消防用地", "DXKJKF": " ", "YDXZ": "消防用地", "FTZMC": "ZC-CZ-A05-46-74.dwg", "JZGD": "/", "JC": "主城城中分区控规", "SHAPE_Length": 455.152079647346, "SHAPE_Area": 12552.344356073576 }, "geometry": { "type": "MultiPolygon", "coordinates": [ [ [ [ 40520871.920100003480911, 3529346.44139999942854 ], [ 40520824.489699997007847, 3529345.281 ], [ 40520820.5379, 3529436.655599999707192 ], [ 40520890.7482, 3529438.19139999942854 ], [ 40520965.041299998760223, 3529439.816599999554455 ], [ 40520964.079899996519089, 3529429.6721 ], [ 40520965.380199998617172, 3529369.685699999332428 ], [ 40520948.312200002372265, 3529351.811399999540299 ], [ 40520891.828500002622604, 3529350.429600000847131 ], [ 40520871.920100003480911, 3529346.44139999942854 ] ] ] ] } },
{ "type": "Feature", "properties": { "OBJECTID": 5095, "DKBH": "ZC-CZ-A03-58", "YDDM": "G1", "DKMJ": 4317.6, "YDJRX": " ", "RJL": " ", "JZMD": " ", "LDL": "≥65%", "JDCW": " ", "DTSTZB": " ", "CSSJZB": " ", "REMARK": " ", "PLANNAME": "江阴市中心城区主城控制性详细规划", "PLANDATE": "2014-05-10T00:00:00Z", "PLANUNIT": "江阴市城乡规划设计院", "PASSDATE": "2014-05-25T00:00:00Z", "STARTTIME": "2014-08-15T12:00:00Z", "FGUID": "8a514b5f-3fa7-4d1c-96f0-d9ae3d295788", "CADNAME": "08G1公园绿地", "DXKJKF": " ", "YDXZ": "公园绿地", "FTZMC": "ZC-CZ-A03-36-60.dwg", "JZGD": "/", "JC": "主城城中分区控规", "SHAPE_Length": 369.53840942043115, "SHAPE_Area": 4315.9179456056727 }, "geometry": { "type": "MultiPolygon", "coordinates": [ [ [ [ 40520095.5269, 3530731.677199999336153 ], [ 40520087.0436, 3530713.42589999968186 ], [ 40520079.0695, 3530715.309500000439584 ], [ 40520077.799500003457069, 3530709.831600000616163 ], [ 40520084.543799996376038, 3530708.047899999190122 ], [ 40520075.227399997413158, 3530688.004199999850243 ], [ 40520055.165799997746944, 3530648.153300000354648 ], [ 40520042.079099997878075, 3530617.470899999141693 ], [ 40520035.496399998664856, 3530600.920699998736382 ], [ 40520003.304499998688698, 3530600.684600000735372 ], [ 40520011.367799997329712, 3530621.522099998779595 ], [ 40520019.3719, 3530641.030499999411404 ], [ 40520023.5211, 3530650.723500000312924 ], [ 40520027.767399996519089, 3530660.373999998439103 ], [ 40520040.215300001204014, 3530684.813500000163913 ], [ 40520063.891599997878075, 3530734.292899999301881 ], [ 40520095.5269, 3530731.677199999336153 ] ] ] ] } },
{ "type": "Feature", "properties": { "OBJECTID": 5096, "DKBH": "ZC-CZ-A04-53", "YDDM": "G1", "DKMJ": 4078.4, "YDJRX": " ", "RJL": " ", "JZMD": " ", "LDL": "≥65%", "JDCW": " ", "DTSTZB": " ", "CSSJZB": " ", "REMARK": " ", "PLANNAME": "江阴市中心城区主城控制性详细规划", "PLANDATE": "2014-05-10T00:00:00Z", "PLANUNIT": "江阴市城乡规划设计院", "PASSDATE": "2014-05-25T00:00:00Z", "STARTTIME": "2014-08-15T12:00:00Z", "FGUID": "874b6e66-c04a-4efe-b8e7-beca11c858c6", "CADNAME": "08G1公园绿地", "DXKJKF": " ", "YDXZ": "公园绿地", "FTZMC": "ZC-CZ-A04-37-70.dwg", "JZGD": "/", "JC": "主城城中分区控规", "SHAPE_Length": 340.87585578634372, "SHAPE_Area": 4079.3323122377792 }, "geometry": { "type": "MultiPolygon", "coordinates": [ [ [ [ 40520168.163400001823902, 3530723.091899998951703 ], [ 40520152.404200002551079, 3530687.555200001224875 ], [ 40520144.192199997603893, 3530669.937799999024719 ], [ 40520135.760499998927116, 3530652.424200000241399 ], [ 40520118.242799997329712, 3530617.7207 ], [ 40520111.215899996459484, 3530601.476099999155849 ], [ 40520078.678999997675419, 3530601.237399999517947 ], [ 40520091.201899997889996, 3530630.747199999634176 ], [ 40520102.500200003385544, 3530652.855499999597669 ], [ 40520113.4366, 3530675.144999998621643 ], [ 40520124.008199997246265, 3530697.609899999108166 ], [ 40520125.822400003671646, 3530697.130099999718368 ], [ 40520128.830799996852875, 3530703.5562 ], [ 40520126.9358000010252, 3530704.003799999132752 ], [ 40520130.0502, 3530710.892900000326335 ], [ 40520137.253899998962879, 3530727.186899998690933 ], [ 40520168.163400001823902, 3530723.091899998951703 ] ] ] ] } },
{ "type": "Feature", "properties": { "OBJECTID": 5160, "DKBH": "ZC-CZ-B05-64", "YDDM": "R2", "DKMJ": 47121.4, "YDJRX": "A、B、S、G", "RJL": "1.2-3.0", "JZMD": "≤30%", "LDL": "≥30%", "JDCW": "0.5个/100㎡", "DTSTZB": " ", "CSSJZB": " ", "REMARK": " ", "PLANNAME": "《江阴市中心城区主城控制性详细规划》（ZC-CZ-B05基本控制单元）更正", "PLANDATE": "2022-01-17T00:00:00Z", "PLANUNIT": "江阴市城乡规划设计院", "PASSDATE": "2022-01-18T00:00:00Z", "STARTTIME": "2022-01-19T14:15:27Z", "FGUID": null, "CADNAME": "01R2二类居住用地", "DXKJKF": " ", "YDXZ": "二类居住用地", "FTZMC": "ZC-CZ-B05-53-73.dwg", "JZGD": "/", "JC": null, "SHAPE_Length": 845.16884015612197, "SHAPE_Area": 47121.425908233279 }, "geometry": { "type": "MultiPolygon", "coordinates": [ [ [ [ 40523964.6761, 3530514.238700000103563 ], [ 40523981.920500002801418, 3530501.283300000242889 ], [ 40523982.146548971533775, 3530499.480324515607208 ], [ 40523982.374618530273438, 3530497.677603900432587 ], [ 40523982.604715339839458, 3530495.87514018965885 ], [ 40523982.836830131709576, 3530494.072935580741614 ], [ 40523983.070962905883789, 3530492.270992577075958 ], [ 40523983.307122930884361, 3530490.469313153531402 ], [ 40523983.5453, 3530488.667899999767542 ], [ 40524002.137900002300739, 3530348.657299999613315 ], [ 40523985.0163, 3530325.705500000156462 ], [ 40523913.414700001478195, 3530314.376499999314547 ], [ 40523866.180100001394749, 3530306.902899999171495 ], [ 40523774.229900002479553, 3530292.354299999773502 ], [ 40523760.8261, 3530302.378499999642372 ], [ 40523756.948299996554852, 3530332.126899998635054 ], [ 40523750.892499998211861, 3530351.50709999864921 ], [ 40523734.7839, 3530475.084900001063943 ], [ 40523739.9335, 3530481.978500000201166 ], [ 40523768.0493, 3530486.457700000144541 ], [ 40523831.035300001502037, 3530496.4923 ], [ 40523905.177500002086163, 3530508.303900000173599 ], [ 40523925.174099996685982, 3530507.9455 ], [ 40523964.6761, 3530514.238700000103563 ] ] ] ] } },
{ "type": "Feature", "properties": { "OBJECTID": 5161, "DKBH": "ZC-CZ-B05-61", "YDDM": "R2", "DKMJ": 58823.1, "YDJRX": "A、B、S、G", "RJL": "1.2-3.0", "JZMD": "≤30%", "LDL": "≥30%", "JDCW": "0.5个/100㎡", "DTSTZB": " ", "CSSJZB": " ", "REMARK": " ", "PLANNAME": "《江阴市中心城区主城控制性详细规划》（ZC-CZ-B05基本控制单元）更正", "PLANDATE": "2022-01-17T00:00:00Z", "PLANUNIT": "江阴市城乡规划设计院", "PASSDATE": "2022-01-18T00:00:00Z", "STARTTIME": "2022-01-19T14:15:27Z", "FGUID": null, "CADNAME": "01R2二类居住用地", "DXKJKF": " ", "YDXZ": "二类居住用地", "FTZMC": "ZC-CZ-B05-53-73.dwg", "JZGD": "/", "JC": null, "SHAPE_Length": 948.74416937745991, "SHAPE_Area": 58823.103909379373 }, "geometry": { "type": "MultiPolygon", "coordinates": [ [ [ [ 40523905.281499996781349, 3530524.52229999890551 ], [ 40523737.480099998414516, 3530497.789499999489635 ], [ 40523730.491899996995926, 3530502.750699998810887 ], [ 40523703.807899996638298, 3530651.014899999834597 ], [ 40523702.824299998581409, 3530676.239899999462068 ], [ 40523698.084700003266335, 3530702.574300000444055 ], [ 40523707.916900001466274, 3530717.042099999729544 ], [ 40523803.726099997758865, 3530736.356699999887496 ], [ 40523850.855499997735023, 3530745.857900000642985 ], [ 40523950.997299998998642, 3530766.04590000025928 ], [ 40523970.160499997437, 3530749.983500000555068 ], [ 40523969.570633254945278, 3530721.898352861404419 ], [ 40523969.467838287353516, 3530693.807200133800507 ], [ 40523969.852148048579693, 3530665.718488335143775 ], [ 40523970.723442070186138, 3530637.640663027297705 ], [ 40523972.081460952758789, 3530609.582166731357574 ], [ 40523973.925798736512661, 3530581.551436305046082 ], [ 40523976.255900003015995, 3530553.556900000665337 ], [ 40523963.678900003433228, 3530537.369900000281632 ], [ 40523924.1769, 3530531.076700000558048 ], [ 40523905.281499996781349, 3530524.52229999890551 ] ] ] ] } },
{ "type": "Feature", "properties": { "OBJECTID": 5539, "DKBH": "ZC-CZ-A05-60", "YDDM": "G1", "DKMJ": 38826.1, "YDJRX": " ", "RJL": " ", "JZMD": " ", "LDL": "≥65%", "JDCW": " ", "DTSTZB": " ", "CSSJZB": " ", "REMARK": " ", "PLANNAME": "江阴市中心城区主城控制性详细规划", "PLANDATE": "2014-05-10T00:00:00Z", "PLANUNIT": "江阴市城乡规划设计院", "PASSDATE": "2014-05-25T00:00:00Z", "STARTTIME": "2014-08-15T12:00:00Z", "FGUID": "b9d384bd-64e5-4d53-aa8b-5ee309d6e978", "CADNAME": "08G1公园绿地", "DXKJKF": " ", "YDXZ": "公园绿地", "FTZMC": "ZC-CZ-A05-46-74.dwg", "JZGD": "/", "JC": "主城城中分区控规", "SHAPE_Length": 764.38933523306218, "SHAPE_Area": 38824.240395314831 }, "geometry": { "type": "MultiPolygon", "coordinates": [ [ [ [ 40521099.010399997234344, 3529579.50870000012219 ], [ 40521073.622699998319149, 3529579.194899998605251 ], [ 40521054.6307, 3529579.480600000359118 ], [ 40521035.654399998486042, 3529580.307699999772012 ], [ 40521016.709399998188019, 3529581.675899998750538 ], [ 40520994.243, 3529584.005299999844283 ], [ 40520992.178000003099442, 3529679.281599999405444 ], [ 40520995.136, 3529704.3251 ], [ 40520993.885300002992153, 3529762.031600000802428 ], [ 40521008.556599996984005, 3529777.361 ], [ 40521047.5409, 3529778.226600000169128 ], [ 40521067.458499997854233, 3529782.169799999799579 ], [ 40521176.236599996685982, 3529784.58490000013262 ], [ 40521186.479000002145767, 3529774.809900000225753 ], [ 40521191.000299997627735, 3529590.014800000470132 ], [ 40521149.251400001347065, 3529581.674199999310076 ], [ 40521138.980899997055531, 3529581.064299999270588 ], [ 40521099.010399997234344, 3529579.50870000012219 ] ] ] ] } },
{ "type": "Feature", "properties": { "OBJECTID": 5566, "DKBH": "ZC-CZ-A04-36", "YDDM": "G2", "DKMJ": 752.4, "YDJRX": " ", "RJL": " ", "JZMD": " ", "LDL": "≥80%", "JDCW": " ", "DTSTZB": " ", "CSSJZB": " ", "REMARK": " ", "PLANNAME": "江阴市中心城区主城控制性详细规划", "PLANDATE": "2014-05-10T00:00:00Z", "PLANUNIT": "江阴市城乡规划设计院", "PASSDATE": "2014-05-25T00:00:00Z", "STARTTIME": "2014-08-15T12:00:00Z", "FGUID": "1ce88b05-da2b-4b9f-b1ec-7dd7d5053d32", "CADNAME": "08G2防护绿地", "DXKJKF": " ", "YDXZ": "防护绿地", "FTZMC": "ZC-CZ-A04-21-36.dwg", "JZGD": "/", "JC": "主城城中分区控规", "SHAPE_Length": 315.09951422791829, "SHAPE_Area": 752.39089905333503 }, "geometry": { "type": "MultiPolygon", "coordinates": [ [ [ [ 40521303.1069, 3530969.604699999094009 ], [ 40521147.8125, 3530962.015699999872595 ], [ 40521152.536300003528595, 3530967.252600000239909 ], [ 40521297.835, 3530974.3531 ], [ 40521303.1069, 3530969.604699999094009 ] ] ] ] } },
{ "type": "Feature", "properties": { "OBJECTID": 5683, "DKBH": "ZC-CZ-A05-17", "YDDM": "G1", "DKMJ": 16323.4, "YDJRX": " ", "RJL": " ", "JZMD": " ", "LDL": "≥65%", "JDCW": " ", "DTSTZB": " ", "CSSJZB": " ", "REMARK": " ", "PLANNAME": "江阴市中心城区主城控制性详细规划", "PLANDATE": "2014-05-10T00:00:00Z", "PLANUNIT": "江阴市城乡规划设计院", "PASSDATE": "2014-05-25T00:00:00Z", "STARTTIME": "2014-08-15T12:00:00Z", "FGUID": "0f1653e6-15a0-440f-b51b-4b3aaee3ae4b", "CADNAME": "08G1公园绿地", "DXKJKF": " ", "YDXZ": "公园绿地", "FTZMC": "ZC-CZ-A05-01-24.dwg", "JZGD": "/", "JC": "主城城中分区控规", "SHAPE_Length": 506.09740879282663, "SHAPE_Area": 16323.691926892592 }, "geometry": { "type": "MultiPolygon", "coordinates": [ [ [ [ 40519816.021700002253056, 3529439.106000000145286 ], [ 40519694.615199998021126, 3529436.908999999053776 ], [ 40519692.155000001192093, 3529572.8648 ], [ 40519801.786899998784065, 3529573.095300000160933 ], [ 40519813.8103, 3529561.312300001271069 ], [ 40519816.021700002253056, 3529439.106000000145286 ] ] ] ] } },
{ "type": "Feature", "properties": { "OBJECTID": 5684, "DKBH": "ZC-CZ-A03-60", "YDDM": "G1", "DKMJ": 4618.8, "YDJRX": " ", "RJL": " ", "JZMD": " ", "LDL": "≥65%", "JDCW": " ", "DTSTZB": " ", "CSSJZB": " ", "REMARK": " ", "PLANNAME": "江阴市中心城区主城控制性详细规划", "PLANDATE": "2014-05-10T00:00:00Z", "PLANUNIT": "江阴市城乡规划设计院", "PASSDATE": "2014-05-25T00:00:00Z", "STARTTIME": "2014-08-15T12:00:00Z", "FGUID": "e2945769-9a34-4f8f-8a63-e7cae9126bc6", "CADNAME": "08G1公园绿地", "DXKJKF": " ", "YDXZ": "公园绿地", "FTZMC": "ZC-CZ-A03-36-60.dwg", "JZGD": "/", "JC": "主城城中分区控规", "SHAPE_Length": 370.47978007605303, "SHAPE_Area": 4618.8267383882821 }, "geometry": { "type": "MultiPolygon", "coordinates": [ [ [ [ 40519979.06139999628067, 3530438.534099999349564 ], [ 40519947.1136, 3530442.530299999751151 ], [ 40519957.551600001752377, 3530462.202100000344217 ], [ 40519967.320500001311302, 3530482.214499998837709 ], [ 40519976.4093, 3530502.5449 ], [ 40519984.807499997317791, 3530523.170199999585748 ], [ 40519989.2139, 3530538.3322 ], [ 40519993.054399996995926, 3530553.6475 ], [ 40519996.32379999756813, 3530569.094700000248849 ], [ 40519999.0176, 3530584.652599999681115 ], [ 40520029.380199998617172, 3530584.875300001353025 ], [ 40520026.4093, 3530566.744900000281632 ], [ 40520022.709299996495247, 3530548.7492 ], [ 40520018.286399997770786, 3530530.917399999219924 ], [ 40520013.147699996829033, 3530513.27849999954924 ], [ 40520005.464199997484684, 3530494.220200000796467 ], [ 40519997.217, 3530475.3989 ], [ 40519988.413400001823902, 3530456.831499999854714 ], [ 40519979.06139999628067, 3530438.534099999349564 ] ] ] ] } },
{ "type": "Feature", "properties": { "OBJECTID": 5685, "DKBH": "ZC-CZ-A04-58", "YDDM": "G1", "DKMJ": 4825.7, "YDJRX": " ", "RJL": " ", "JZMD": " ", "LDL": "≥65%", "JDCW": " ", "DTSTZB": " ", "CSSJZB": " ", "REMARK": " ", "PLANNAME": "江阴市中心城区主城控制性详细规划", "PLANDATE": "2014-05-10T00:00:00Z", "PLANUNIT": "江阴市城乡规划设计院", "PASSDATE": "2014-05-25T00:00:00Z", "STARTTIME": "2014-08-15T12:00:00Z", "FGUID": "d0deea1d-9a62-4a2f-883b-731495623871", "CADNAME": "08G1公园绿地", "DXKJKF": " ", "YDXZ": "公园绿地", "FTZMC": "ZC-CZ-A04-37-70.dwg", "JZGD": "/", "JC": "主城城中分区控规", "SHAPE_Length": 384.20230802975544, "SHAPE_Area": 4823.0849870802231 }, "geometry": { "type": "MultiPolygon", "coordinates": [ [ [ [ 40520054.07150000333786, 3530431.7747 ], [ 40520044.6621999964118, 3530432.036999999079853 ], [ 40520033.0656, 3530432.627999999094754 ], [ 40520021.487800002098083, 3530433.514000000432134 ], [ 40520029.467200003564358, 3530449.873899999540299 ], [ 40520037.036700002849102, 3530466.42769999941811 ], [ 40520044.191299997270107, 3530483.164699999149889 ], [ 40520050.926700003445148, 3530500.074900000356138 ], [ 40520055.895499996840954, 3530516.806999999564141 ], [ 40520060.271700002253056, 3530533.7039 ], [ 40520064.049800001084805, 3530550.744300000369549 ], [ 40520067.2253, 3530567.9073 ], [ 40520069.794, 3530585.1716 ], [ 40520100.0625, 3530585.39369999896735 ], [ 40520097.372900001704693, 3530566.373699999880046 ], [ 40520093.989699997007847, 3530547.464700000360608 ], [ 40520089.797399997711182, 3530528.183899999130517 ], [ 40520084.8838, 3530509.074199999682605 ], [ 40520079.256099998950958, 3530490.16260000038892 ], [ 40520070.498499996960163, 3530468.293300000485033 ], [ 40520061.0678, 3530446.705900000408292 ], [ 40520054.07150000333786, 3530431.7747 ] ] ] ] } },
{ "type": "Feature", "properties": { "OBJECTID": 5896, "DKBH": "ZC-CZ-B07-12", "YDDM": "R2", "DKMJ": 40147.7, "YDJRX": "A、B、S、G", "RJL": "1.2-3.5", "JZMD": "≤30%", "LDL": "≥30%", "JDCW": "0.8个/100㎡", "DTSTZB": " ", "CSSJZB": " ", "REMARK": " ", "PLANNAME": "《江阴市中心城区主城控制性详细规划》（ZC-CZ-B05、B07基本控制单元）更正", "PLANDATE": "2023-08-11T00:00:00Z", "PLANUNIT": "江阴市城乡规划设计院", "PASSDATE": "2023-08-13T00:00:00Z", "STARTTIME": "2023-09-20T15:36:12Z", "FGUID": null, "CADNAME": "01R2二类居住用地", "DXKJKF": " ", "YDXZ": "二类居住用地", "FTZMC": "ZC-CZ-B07-01-16.dwg", "JZGD": "/", "JC": null, "SHAPE_Length": 786.62424138751726, "SHAPE_Area": 40147.736060958843 }, "geometry": { "type": "MultiPolygon", "coordinates": [ [ [ [ 40523418.099299997091293, 3529667.55269999941811 ], [ 40523402.98870000243187, 3529584.940700000151992 ], [ 40523388.594499997794628, 3529506.245699999853969 ], [ 40523362.146700002253056, 3529481.986100001260638 ], [ 40523311.491099998354912, 3529477.176899999845773 ], [ 40523291.9111, 3529471.802299998700619 ], [ 40523198.9881, 3529462.980499999597669 ], [ 40523184.394299998879433, 3529476.254299998749048 ], [ 40523188.1739, 3529640.02229999890551 ], [ 40523198.334700003266335, 3529651.196099999826401 ], [ 40523343.234300002455711, 3529668.398900000844151 ], [ 40523363.2011, 3529667.244899999815971 ], [ 40523412.852300003170967, 3529673.139700000640005 ], [ 40523418.099299997091293, 3529667.55269999941811 ] ] ] ] } },
{ "type": "Feature", "properties": { "OBJECTID": 5927, "DKBH": "ZC-CZ-B05-57", "YDDM": "G2", "DKMJ": 9986.3, "YDJRX": " ", "RJL": " ", "JZMD": " ", "LDL": "≥80%", "JDCW": " ", "DTSTZB": " ", "CSSJZB": " ", "REMARK": " ", "PLANNAME": "《江阴市中心城区主城控制性详细规划》（ZC-CZ-B05、B07基本控制单元）更正", "PLANDATE": "2023-08-11T00:00:00Z", "PLANUNIT": "江阴市城乡规划设计院", "PASSDATE": "2023-08-13T00:00:00Z", "STARTTIME": "2023-09-20T15:36:12Z", "FGUID": null, "CADNAME": "08G2防护绿地", "DXKJKF": " ", "YDXZ": "防护绿地", "FTZMC": "ZC-CZ-B05-53-73.dwg", "JZGD": "/", "JC": null, "SHAPE_Length": 743.86860713390422, "SHAPE_Area": 9986.3189841078474 }, "geometry": { "type": "MultiPolygon", "coordinates": [ [ [ [ 40523180.258299998939037, 3530083.557300000451505 ], [ 40523178.151299998164177, 3530053.595099999103695 ], [ 40523148.045100003480911, 3530054.23450000025332 ], [ 40523130.88849999755621, 3530054.591900000814348 ], [ 40523113.732900001108646, 3530054.193300001788884 ], [ 40523096.61150000244379, 3530053.038899999577552 ], [ 40523079.557499997317791, 3530051.13150000013411 ], [ 40523062.604099996387959, 3530048.474299999885261 ], [ 40523050.6497, 3530044.958499999716878 ], [ 40523038.910099998116493, 3530040.781099999323487 ], [ 40523027.421899996697903, 3530035.954699999652803 ], [ 40523016.2209, 3530030.494900000281632 ], [ 40523005.342299997806549, 3530024.418299999088049 ], [ 40522994.819899998605251, 3530017.743899999652058 ], [ 40522984.686300002038479, 3530010.492699999827892 ], [ 40522974.9731, 3530002.68709999974817 ], [ 40522965.710900001227856, 3529994.35149999987334 ], [ 40522939.977899998426437, 3529968.2229 ], [ 40522914.499700002372265, 3529941.8457 ], [ 40522889.278099998831749, 3529915.221699999179691 ], [ 40522891.143299996852875, 3529960.828300000168383 ], [ 40522944.72070000320673, 3530015.789500000420958 ], [ 40522954.264300003647804, 3530024.450100000482053 ], [ 40522964.2363, 3530032.61369999917224 ], [ 40522974.6109, 3530040.259300000965595 ], [ 40522985.361100003123283, 3530047.367299999576062 ], [ 40522996.4591, 3530053.91869999980554 ], [ 40523007.87610000371933, 3530059.897099998779595 ], [ 40523019.582500003278255, 3530065.2865 ], [ 40523031.548100002110004, 3530070.073299999814481 ], [ 40523043.741700001060963, 3530074.244899999350309 ], [ 40523056.131899997591972, 3530077.790699999779463 ], [ 40523074.590300001204014, 3530080.418099999893457 ], [ 40523093.131499998271465, 3530082.37709999922663 ], [ 40523111.731299996376038, 3530083.6647 ], [ 40523130.3657, 3530084.279500000178814 ], [ 40523149.009900003671646, 3530084.220700000412762 ], [ 40523180.258299998939037, 3530083.557300000451505 ] ] ] ] } },
{ "type": "Feature", "properties": { "OBJECTID": 5928, "DKBH": "ZC-CZ-B05-59", "YDDM": "G2", "DKMJ": 8315.8, "YDJRX": " ", "RJL": " ", "JZMD": " ", "LDL": "≥80%", "JDCW": " ", "DTSTZB": " ", "CSSJZB": " ", "REMARK": " ", "PLANNAME": "《江阴市中心城区主城控制性详细规划》（ZC-CZ-B05、B07基本控制单元）更正", "PLANDATE": "2023-08-11T00:00:00Z", "PLANUNIT": "江阴市城乡规划设计院", "PASSDATE": "2023-08-13T00:00:00Z", "STARTTIME": "2023-09-20T15:36:12Z", "FGUID": null, "CADNAME": "08G2防护绿地", "DXKJKF": " ", "YDXZ": "防护绿地", "FTZMC": "ZC-CZ-B05-53-73.dwg", "JZGD": "/", "JC": null, "SHAPE_Length": 614.72926358076404, "SHAPE_Area": 8315.8432898651427 }, "geometry": { "type": "MultiPolygon", "coordinates": [ [ [ [ 40523448.1395, 3530066.586700000800192 ], [ 40523460.108499996364117, 3530066.284499999601394 ], [ 40523472.0805, 3530066.41109999967739 ], [ 40523480.058700002729893, 3530066.733499999623746 ], [ 40523478.80349999666214, 3530036.637299999129027 ], [ 40523465.249700002372265, 3530036.2851 ], [ 40523451.694899998605251, 3530036.4375 ], [ 40523438.1549, 3530037.0937 ], [ 40523419.771499998867512, 3530038.457099998835474 ], [ 40523406.9683, 3530039.811499999836087 ], [ 40523394.2267, 3530041.658499999437481 ], [ 40523381.565499998629093, 3530043.994900000747293 ], [ 40523369.004100002348423, 3530046.81749999942258 ], [ 40523365.0823, 3530047.533299999777228 ], [ 40523361.524099998176098, 3530048.123899999540299 ], [ 40523351.493100002408028, 3530049.49049999890849 ], [ 40523341.412299998104572, 3530050.426099999807775 ], [ 40523331.300899997353554, 3530050.929099998902529 ], [ 40523202.177500002086163, 3530053.1267 ], [ 40523204.284699998795986, 3530083.091300000902265 ], [ 40523332.5229, 3530080.9065 ], [ 40523346.9063, 3530080.089699999429286 ], [ 40523361.224299997091293, 3530078.495900000445545 ], [ 40523375.435500003397465, 3530076.130300000309944 ], [ 40523390.109499998390675, 3530072.879699999000877 ], [ 40523403.623499996960163, 3530070.550099999643862 ], [ 40523413.121299996972084, 3530069.2851 ], [ 40523422.653899997472763, 3530068.320099999662489 ], [ 40523440.169699996709824, 3530067.026300000492483 ], [ 40523448.1395, 3530066.586700000800192 ] ] ] ] } },
{ "type": "Feature", "properties": { "OBJECTID": 5929, "DKBH": null, "YDDM": "E11", "DKMJ": 10232.4, "YDJRX": null, "RJL": null, "JZMD": null, "LDL": null, "JDCW": null, "DTSTZB": null, "CSSJZB": null, "REMARK": null, "PLANNAME": "《江阴市中心城区主城控制性详细规划》（ZC-CZ-B05、B07基本控制单元）更正", "PLANDATE": "2023-08-11T00:00:00Z", "PLANUNIT": "江阴市城乡规划设计院", "PASSDATE": "2023-08-13T00:00:00Z", "STARTTIME": "2023-09-20T15:36:12Z", "FGUID": null, "CADNAME": "10E11自然水域", "DXKJKF": null, "YDXZ": "自然水域", "FTZMC": null, "JZGD": "/", "JC": null, "SHAPE_Length": 756.13102530861431, "SHAPE_Area": 10232.429135984485 }, "geometry": { "type": "MultiPolygon", "coordinates": [ [ [ [ 40523178.151299998164177, 3530053.595099999103695 ], [ 40523176.044100001454353, 3530023.632099999580532 ], [ 40523147.067699998617172, 3530024.248299999628216 ], [ 40523131.417499996721745, 3530024.591899999417365 ], [ 40523115.767099998891354, 3530024.253699999768287 ], [ 40523100.146300002932549, 3530023.234299999196082 ], [ 40523084.584700003266335, 3530021.535299999639392 ], [ 40523069.111900001764297, 3530019.160500000230968 ], [ 40523057.692900002002716, 3530015.688500001095235 ], [ 40523046.510499998927116, 3530011.5181 ], [ 40523035.606700003147125, 3530006.664900000207126 ], [ 40523025.023500002920628, 3530001.147699999157339 ], [ 40523014.801299996674061, 3529994.987299998756498 ], [ 40523004.979099996387959, 3529988.207500000484288 ], [ 40522995.594300001859665, 3529980.834099999628961 ], [ 40522986.6827, 3529972.894899999257177 ], [ 40522960.951899997889996, 3529946.760700000450015 ], [ 40522935.478100001811981, 3529920.375699999276549 ], [ 40522910.2637, 3529893.7429 ], [ 40522898.655699998140335, 3529882.9545 ], [ 40522887.4983000010252, 3529871.69910000031814 ], [ 40522889.278099998831749, 3529915.221699999179691 ], [ 40522914.499700002372265, 3529941.8457 ], [ 40522939.977899998426437, 3529968.2229 ], [ 40522965.710900001227856, 3529994.35149999987334 ], [ 40522974.9731, 3530002.68709999974817 ], [ 40522984.686300002038479, 3530010.492699999827892 ], [ 40522994.819899998605251, 3530017.743899999652058 ], [ 40523005.342299997806549, 3530024.418299999088049 ], [ 40523016.2209, 3530030.494900000281632 ], [ 40523027.421899996697903, 3530035.954699999652803 ], [ 40523038.910099998116493, 3530040.781099999323487 ], [ 40523050.6497, 3530044.958499999716878 ], [ 40523062.604099996387959, 3530048.474299999885261 ], [ 40523079.557499997317791, 3530051.13150000013411 ], [ 40523096.61150000244379, 3530053.038899999577552 ], [ 40523113.732900001108646, 3530054.193300001788884 ], [ 40523130.88849999755621, 3530054.591900000814348 ], [ 40523148.045100003480911, 3530054.23450000025332 ], [ 40523178.151299998164177, 3530053.595099999103695 ] ] ] ] } },
{ "type": "Feature", "properties": { "OBJECTID": 5972, "DKBH": null, "YDDM": "E11", "DKMJ": 8238.0, "YDJRX": null, "RJL": null, "JZMD": null, "LDL": null, "JDCW": null, "DTSTZB": null, "CSSJZB": null, "REMARK": null, "PLANNAME": "《江阴市中心城区主城控制性详细规划》（ZC-CZ-B05、B07基本控制单元）更正", "PLANDATE": "2023-08-11T00:00:00Z", "PLANUNIT": "江阴市城乡规划设计院", "PASSDATE": "2023-08-13T00:00:00Z", "STARTTIME": "2023-09-20T15:36:12Z", "FGUID": null, "CADNAME": "10E11自然水域", "DXKJKF": null, "YDXZ": "自然水域", "FTZMC": null, "JZGD": "/", "JC": null, "SHAPE_Length": 613.86852788863223, "SHAPE_Area": 8238.048998022683 }, "geometry": { "type": "MultiPolygon", "coordinates": [ [ [ [ 40523451.694899998605251, 3530036.4375 ], [ 40523465.249700002372265, 3530036.2851 ], [ 40523478.80349999666214, 3530036.637299999129027 ], [ 40523477.656099997460842, 3530009.125100000295788 ], [ 40523452.2029, 3530008.581300000660121 ], [ 40523428.600100003182888, 3530008.565099998377264 ], [ 40523411.423100002110004, 3530009.1121 ], [ 40523395.045500002801418, 3530011.1653 ], [ 40523378.777900002896786, 3530013.958700000774115 ], [ 40523362.6537000015378, 3530017.486499999184161 ], [ 40523352.953500002622604, 3530019.068099998869002 ], [ 40523343.188500002026558, 3530020.185900000389665 ], [ 40523333.381700001657009, 3530020.837099999189377 ], [ 40523325.0911, 3530020.991899999324232 ], [ 40523200.070100001990795, 3530023.160299999639392 ], [ 40523202.177500002086163, 3530053.1267 ], [ 40523331.300899997353554, 3530050.929099998902529 ], [ 40523341.412299998104572, 3530050.426099999807775 ], [ 40523351.493100002408028, 3530049.49049999890849 ], [ 40523361.524099998176098, 3530048.123899999540299 ], [ 40523365.0823, 3530047.533299999777228 ], [ 40523369.004100002348423, 3530046.81749999942258 ], [ 40523381.565499998629093, 3530043.994900000747293 ], [ 40523394.2267, 3530041.658499999437481 ], [ 40523406.9683, 3530039.811499999836087 ], [ 40523419.771499998867512, 3530038.457099998835474 ], [ 40523438.1549, 3530037.0937 ], [ 40523451.694899998605251, 3530036.4375 ] ] ] ] } },
{ "type": "Feature", "properties": { "OBJECTID": 6172, "DKBH": " ", "YDDM": "E11", "DKMJ": 23065.1, "YDJRX": " ", "RJL": " ", "JZMD": " ", "LDL": " ", "JDCW": " ", "DTSTZB": " ", "CSSJZB": " ", "REMARK": " ", "PLANNAME": "江阴市中心城区主城控制性详细规划", "PLANDATE": "2014-05-10T00:00:00Z", "PLANUNIT": "江阴市城乡规划设计院", "PASSDATE": "2014-05-25T00:00:00Z", "STARTTIME": "2014-08-15T12:00:00Z", "FGUID": "22c66e4e-ac2e-432d-a807-70f3d96f9a6e", "CADNAME": "10E11自然水域", "DXKJKF": " ", "YDXZ": "自然水域", "FTZMC": " ", "JZGD": "/", "JC": "主城城中分区控规", "SHAPE_Length": 1412.1582019219079, "SHAPE_Area": 23050.164659966347 }, "geometry": { "type": "MultiPolygon", "coordinates": [ [ [ [ 40520087.279200002551079, 3529631.827099999878556 ], [ 40520108.99719999730587, 3529632.292799999471754 ], [ 40520130.691399998962879, 3529633.408400000538677 ], [ 40520152.342500001192093, 3529635.173099999316037 ], [ 40520173.931199997663498, 3529637.585099999327213 ], [ 40520195.437799997627735, 3529640.642400000244379 ], [ 40520216.8433, 3529644.342299998737872 ], [ 40520237.2791, 3529646.487499999813735 ], [ 40520257.774300001561642, 3529647.960999999660999 ], [ 40520278.306699998676777, 3529648.761400000192225 ], [ 40520298.854400001466274, 3529648.88759999955073 ], [ 40520319.3952, 3529648.339499998837709 ], [ 40520323.200900003314018, 3529648.172599998768419 ], [ 40520323.2011, 3529618.142099998891354 ], [ 40520318.103299997746944, 3529618.366999998223037 ], [ 40520298.7377, 3529618.886899999342859 ], [ 40520279.36540000140667, 3529618.777199999894947 ], [ 40520260.006899997591972, 3529618.038199999369681 ], [ 40520240.6827, 3529616.670500000473112 ], [ 40520221.413000002503395, 3529614.675799999386072 ], [ 40520198.515, 3529610.75870000012219 ], [ 40520175.5075, 3529607.547499998938292 ], [ 40520152.412100002169609, 3529605.045199999585748 ], [ 40520129.250600002706051, 3529603.254099999554455 ], [ 40520106.045100003480911, 3529602.176000000908971 ], [ 40520082.8174, 3529601.811799999792129 ], [ 40520068.0629, 3529599.514999999664724 ], [ 40520053.215899996459484, 3529597.921900000888854 ], [ 40520038.3099, 3529597.036299999803305 ], [ 40520023.378700003027916, 3529596.859899999108166 ], [ 40520008.45610000193119, 3529597.393400000408292 ], [ 40519993.575499996542931, 3529598.635299999266863 ], [ 40519978.770900003612041, 3529600.583100000396371 ], [ 40519964.075499996542931, 3529603.232099999208003 ], [ 40519938.795500002801418, 3529608.664300000295043 ], [ 40519913.4023, 3529613.53969999961555 ], [ 40519887.907899998128414, 3529617.855499999597669 ], [ 40519862.32490000128746, 3529621.610000000335276 ], [ 40519836.665600001811981, 3529624.801199999637902 ], [ 40519836.118299998342991, 3529655.041099998634309 ], [ 40519846.75, 3529653.832399998791516 ], [ 40519871.644500002264977, 3529650.609499999321997 ], [ 40519896.466399997472763, 3529646.869199999142438 ], [ 40519921.2051, 3529642.613300000317395 ], [ 40519945.850000001490116, 3529637.843399998731911 ], [ 40519970.390100002288818, 3529632.561800000723451 ], [ 40520002.074100002646446, 3529627.945200000423938 ], [ 40520005.730899997055531, 3529628.173300000373274 ], [ 40520009.308300003409386, 3529628.964599999599159 ], [ 40520012.7201, 3529630.2999 ], [ 40520015.884400002658367, 3529632.147099999710917 ], [ 40520018.724600002169609, 3529634.461599999573082 ], [ 40520018.868600003421307, 3529634.615799999330193 ], [ 40520031.4335, 3529647.639999999199063 ], [ 40520044.399999998509884, 3529660.264499999117106 ], [ 40520057.7553, 3529672.476999999489635 ], [ 40520071.48650000244379, 3529684.2653 ], [ 40520085.579899996519089, 3529695.617999998852611 ], [ 40520100.021700002253056, 3529706.5239 ], [ 40520117.827200002968311, 3529719.03000000026077 ], [ 40520165.707099996507168, 3529762.148399999830872 ], [ 40520216.4424, 3529763.274799999315292 ], [ 40520208.668499998748302, 3529752.033099999185652 ], [ 40520200.349200002849102, 3529741.18879999872297 ], [ 40520191.5048, 3529730.7684 ], [ 40520182.156800001859665, 3529720.7972 ], [ 40520172.328100003302097, 3529711.299499998800457 ], [ 40520162.042499996721745, 3529702.298599998932332 ], [ 40520151.3253, 3529693.816300000529736 ], [ 40520140.2025, 3529685.873200000263751 ], [ 40520128.395499996840954, 3529677.810899998992682 ], [ 40520116.9049, 3529669.303799998946488 ], [ 40520105.74719999730587, 3529660.364399999845773 ], [ 40520094.938699997961521, 3529651.005900000222027 ], [ 40520084.495300002396107, 3529641.241599998902529 ], [ 40520083.893399998545647, 3529640.464800000656396 ], [ 40520083.4335, 3529639.596299999859184 ], [ 40520083.129100002348423, 3529638.661899998784065 ], [ 40520082.989200003445148, 3529637.6891 ], [ 40520083.018, 3529636.706899998709559 ], [ 40520083.214599996805191, 3529635.744000000879169 ], [ 40520083.573399998247623, 3529634.82909999974072 ], [ 40520084.083400003612041, 3529633.989099999889731 ], [ 40520084.7298, 3529633.248899999540299 ], [ 40520085.4934, 3529632.630300000309944 ], [ 40520086.3517, 3529632.151699999347329 ], [ 40520087.279200002551079, 3529631.827099999878556 ] ] ] ] } },
{ "type": "Feature", "properties": { "OBJECTID": 6173, "DKBH": " ", "YDDM": "E11", "DKMJ": 8840.9, "YDJRX": " ", "RJL": " ", "JZMD": " ", "LDL": " ", "JDCW": " ", "DTSTZB": " ", "CSSJZB": " ", "REMARK": " ", "PLANNAME": "江阴市中心城区主城控制性详细规划", "PLANDATE": "2014-05-10T00:00:00Z", "PLANUNIT": "江阴市城乡规划设计院", "PASSDATE": "2014-05-25T00:00:00Z", "STARTTIME": "2014-08-15T12:00:00Z", "FGUID": "c5bd7109-b335-4ac0-915f-3dff92dd014c", "CADNAME": "10E11自然水域", "DXKJKF": " ", "YDXZ": "自然水域", "FTZMC": " ", "JZGD": "/", "JC": "主城城中分区控规", "SHAPE_Length": 539.09490707230282, "SHAPE_Area": 8840.8556442621775 }, "geometry": { "type": "MultiPolygon", "coordinates": [ [ [ [ 40520201.62610000371933, 3529998.220999999437481 ], [ 40520229.146799996495247, 3529995.949000000488013 ], [ 40520249.1924, 3529996.626200000289828 ], [ 40520253.836400002241135, 3529987.082999998703599 ], [ 40520257.8499, 3529977.258100000675768 ], [ 40520261.215999998152256, 3529967.192799999844283 ], [ 40520263.9203, 3529956.929999998770654 ], [ 40520265.9516, 3529946.5132 ], [ 40520267.3011, 3529935.986200001090765 ], [ 40520267.963200002908707, 3529925.393700000364333 ], [ 40520267.935000002384186, 3529914.780599999707192 ], [ 40520267.2166, 3529904.19179999968037 ], [ 40520265.8112, 3529893.672199999447912 ], [ 40520262.644299998879433, 3529877.1239 ], [ 40520258.697700001299381, 3529860.744099999312311 ], [ 40520253.9802, 3529844.569500000216067 ], [ 40520248.502300001680851, 3529828.636299999896437 ], [ 40520242.2764, 3529812.980199999641627 ], [ 40520230.6739, 3529787.596899999305606 ], [ 40520183.59570000320673, 3529786.551499999593943 ], [ 40520190.103, 3529797.41330000013113 ], [ 40520197.169799998402596, 3529810.708100000396371 ], [ 40520203.594999998807907, 3529824.324399999342859 ], [ 40520209.364, 3529838.231499998830259 ], [ 40520214.463699996471405, 3529852.39780000038445 ], [ 40520218.882399998605251, 3529866.790999999735504 ], [ 40520222.610399998724461, 3529881.378399999812245 ], [ 40520225.638800002634525, 3529896.126899999100715 ], [ 40520227.076800003647804, 3529905.560499999206513 ], [ 40520227.8125, 3529915.0746999992989 ], [ 40520227.842, 3529924.617299999576062 ], [ 40520227.164800003170967, 3529934.135700000450015 ], [ 40520225.78490000218153, 3529943.577999999281019 ], [ 40520223.709700003266335, 3529952.89229999948293 ], [ 40520220.950599998235703, 3529962.027400001417845 ], [ 40520217.5229, 3529970.932999999728054 ], [ 40520213.445299997925758, 3529979.5606 ], [ 40520208.740199998021126, 3529987.862499999348074 ], [ 40520203.433399997651577, 3529995.793399999849498 ], [ 40520201.62610000371933, 3529998.220999999437481 ] ] ] ] } },
{ "type": "Feature", "properties": { "OBJECTID": 6218, "DKBH": "ZC-CZ-B05-56", "YDDM": "R2", "DKMJ": 24686.2, "YDJRX": "A、B、S、G", "RJL": "≤2.5", "JZMD": "≤30%", "LDL": "≥30%", "JDCW": "0.8个/100㎡", "DTSTZB": " ", "CSSJZB": " ", "REMARK": " ", "PLANNAME": "《江阴市中心城区主城控制性详细规划》（ZC-CZ-B05、B07基本控制单元）更正", "PLANDATE": "2023-08-11T00:00:00Z", "PLANUNIT": "江阴市城乡规划设计院", "PASSDATE": "2023-08-13T00:00:00Z", "STARTTIME": "2023-09-20T15:36:12Z", "FGUID": null, "CADNAME": "01R2二类居住用地", "DXKJKF": " ", "YDXZ": "二类居住用地", "FTZMC": "ZC-CZ-B05-53-73.dwg", "JZGD": "/", "JC": null, "SHAPE_Length": 851.32715379306057, "SHAPE_Area": 24686.197150958429 }, "geometry": { "type": "MultiPolygon", "coordinates": [ [ [ [ 40523186.063500002026558, 3530166.106699999887496 ], [ 40523180.258299998939037, 3530083.557300000451505 ], [ 40523149.009900003671646, 3530084.220700000412762 ], [ 40523130.3657, 3530084.279500000178814 ], [ 40523111.731299996376038, 3530083.6647 ], [ 40523093.131499998271465, 3530082.37709999922663 ], [ 40523074.590300001204014, 3530080.418099999893457 ], [ 40523056.131899997591972, 3530077.790699999779463 ], [ 40523043.741700001060963, 3530074.244899999350309 ], [ 40523031.548100002110004, 3530070.073299999814481 ], [ 40523019.582500003278255, 3530065.2865 ], [ 40523007.87610000371933, 3530059.897099998779595 ], [ 40522996.4591, 3530053.91869999980554 ], [ 40522985.361100003123283, 3530047.367299999576062 ], [ 40522974.6109, 3530040.259300000965595 ], [ 40522964.2363, 3530032.61369999917224 ], [ 40522954.264300003647804, 3530024.450100000482053 ], [ 40522944.72070000320673, 3530015.789500000420958 ], [ 40522891.143299996852875, 3529960.828300000168383 ], [ 40522892.082099996507168, 3529983.783899999689311 ], [ 40522896.805100001394749, 3530013.616100000217557 ], [ 40522900.074100002646446, 3530093.549899999517947 ], [ 40522913.971500001847744, 3530110.344300000462681 ], [ 40522954.259499996900558, 3530119.739299999549985 ], [ 40522972.942100003361702, 3530127.68989999871701 ], [ 40523175.6527, 3530174.960699998773634 ], [ 40523186.063500002026558, 3530166.106699999887496 ] ] ] ] } },
{ "type": "Feature", "properties": { "OBJECTID": 6261, "DKBH": "ZC-CZ-B07-04", "YDDM": "B1", "DKMJ": 12313.0, "YDJRX": "A、B、S、G", "RJL": "1.2-4.0", "JZMD": "≤55%", "LDL": "≥15%", "JDCW": "0.6个/100㎡", "DTSTZB": " ", "CSSJZB": " ", "REMARK": " ", "PLANNAME": "《江阴市中心城区主城控制性详细规划》（ZC-CZ-B05、B07基本控制单元）更正", "PLANDATE": "2023-08-11T00:00:00Z", "PLANUNIT": "江阴市城乡规划设计院", "PASSDATE": "2023-08-13T00:00:00Z", "STARTTIME": "2023-09-20T15:36:12Z", "FGUID": null, "CADNAME": "03B1商业用地", "DXKJKF": " ", "YDXZ": "商业用地", "FTZMC": "ZC-CZ-B07-01-16.dwg", "JZGD": "/", "JC": null, "SHAPE_Length": 604.57602724077344, "SHAPE_Area": 12313.070069916565 }, "geometry": { "type": "MultiPolygon", "coordinates": [ [ [ [ 40523157.10530000180006, 3529892.639899999834597 ], [ 40522906.1025, 3529848.465499999467283 ], [ 40522902.656900003552437, 3529851.479899999685585 ], [ 40522916.049900002777576, 3529864.990499999839813 ], [ 40522927.868500001728535, 3529875.974699999205768 ], [ 40522953.548500001430511, 3529903.099299999885261 ], [ 40522972.155500002205372, 3529922.371900000143796 ], [ 40523071.082099996507168, 3529929.034899999853224 ], [ 40523170.9573, 3529934.227699999697506 ], [ 40523170.3363, 3529907.323900000192225 ], [ 40523157.10530000180006, 3529892.639899999834597 ] ] ] ] } },
{ "type": "Feature", "properties": { "OBJECTID": 6262, "DKBH": "ZC-CZ-B07-05", "YDDM": "B1", "DKMJ": 19125.1, "YDJRX": "A、B、S、G", "RJL": "1.2-4.0", "JZMD": "≤55%", "LDL": "≥15%", "JDCW": "0.6个/100㎡", "DTSTZB": " ", "CSSJZB": " ", "REMARK": " ", "PLANNAME": "《江阴市中心城区主城控制性详细规划》（ZC-CZ-B05、B07基本控制单元）更正", "PLANDATE": "2023-08-11T00:00:00Z", "PLANUNIT": "江阴市城乡规划设计院", "PASSDATE": "2023-08-13T00:00:00Z", "STARTTIME": "2023-09-20T15:36:12Z", "FGUID": null, "CADNAME": "03B1商业用地", "DXKJKF": " ", "YDXZ": "商业用地", "FTZMC": "ZC-CZ-B07-01-16.dwg", "JZGD": "/", "JC": null, "SHAPE_Length": 674.51594110771134, "SHAPE_Area": 19125.085713196699 }, "geometry": { "type": "MultiPolygon", "coordinates": [ [ [ [ 40523410.366899996995926, 3529985.6335 ], [ 40523428.233900003135204, 3529985.064699999522418 ], [ 40523452.461900003254414, 3529985.081099998671561 ], [ 40523476.674900002777576, 3529985.598499999381602 ], [ 40523475.5013, 3529957.459899999666959 ], [ 40523463.530900001525879, 3529943.787700000219047 ], [ 40523204.015100002288818, 3529900.63929999852553 ], [ 40523194.381300002336502, 3529908.996299998834729 ], [ 40523195.524300001561642, 3529958.517699999734759 ], [ 40523196.7451, 3529975.87830000044778 ], [ 40523250.806100003421307, 3529998.1891 ], [ 40523252.9705, 3529998.742499999236315 ], [ 40523286.607900001108646, 3529998.158699999097735 ], [ 40523317.2967, 3529997.6239 ], [ 40523324.668300002813339, 3529997.495499999728054 ], [ 40523332.383299998939037, 3529997.351500000339001 ], [ 40523341.072499997913837, 3529996.774299999233335 ], [ 40523343.017700001597404, 3529996.551699999254197 ], [ 40523349.7245, 3529995.784099999349564 ], [ 40523358.2483000010252, 3529994.394299999810755 ], [ 40523374.275700002908707, 3529990.887699998915195 ], [ 40523391.593500003218651, 3529987.913900000508875 ], [ 40523409.583499997854233, 3529985.658500000834465 ], [ 40523410.366899996995926, 3529985.6335 ] ] ] ] } },
{ "type": "Feature", "properties": { "OBJECTID": 6264, "DKBH": "ZC-CZ-B07-02", "YDDM": "U12", "DKMJ": 4134.7, "YDJRX": " ", "RJL": "≤1.2", "JZMD": "≤40%", "LDL": "≥20%", "JDCW": " ", "DTSTZB": " ", "CSSJZB": " ", "REMARK": " ", "PLANNAME": "《江阴市中心城区主城控制性详细规划》（ZC-CZ-B05、B07基本控制单元）更正", "PLANDATE": "2023-08-11T00:00:00Z", "PLANUNIT": "江阴市城乡规划设计院", "PASSDATE": "2023-08-13T00:00:00Z", "STARTTIME": "2023-09-20T15:36:12Z", "FGUID": null, "CADNAME": "07U12供电用地", "DXKJKF": " ", "YDXZ": "供电用地", "FTZMC": "ZC-CZ-B07-01-16.dwg", "JZGD": "/", "JC": null, "SHAPE_Length": 266.11383006742852, "SHAPE_Area": 4134.6953016299012 }, "geometry": { "type": "MultiPolygon", "coordinates": [ [ [ [ 40523170.920500002801418, 3529943.183500000741333 ], [ 40523091.128700003027916, 3529939.034899999853224 ], [ 40523088.541299998760223, 3529988.991100000217557 ], [ 40523173.9283, 3529993.546699998900294 ], [ 40523171.543700002133846, 3529959.636900000739843 ], [ 40523171.164300002157688, 3529943.1963 ], [ 40523170.920500002801418, 3529943.183500000741333 ] ] ] ] } },
{ "type": "Feature", "properties": { "OBJECTID": 6265, "DKBH": "ZC-CZ-B07-03", "YDDM": "G1", "DKMJ": 7195.3, "YDJRX": " ", "RJL": " ", "JZMD": " ", "LDL": "≥65%", "JDCW": " ", "DTSTZB": " ", "CSSJZB": " ", "REMARK": " ", "PLANNAME": "《江阴市中心城区主城控制性详细规划》（ZC-CZ-B05、B07基本控制单元）更正", "PLANDATE": "2023-08-11T00:00:00Z", "PLANUNIT": "江阴市城乡规划设计院", "PASSDATE": "2023-08-13T00:00:00Z", "STARTTIME": "2023-09-20T15:36:12Z", "FGUID": null, "CADNAME": "08G1公园绿地", "DXKJKF": " ", "YDXZ": "公园绿地", "FTZMC": "ZC-CZ-B07-01-16.dwg", "JZGD": "/", "JC": null, "SHAPE_Length": 634.93883088915709, "SHAPE_Area": 7195.3054700165103 }, "geometry": { "type": "MultiPolygon", "coordinates": [ [ [ [ 40523411.423100002110004, 3530009.1121 ], [ 40523428.600100003182888, 3530008.565099998377264 ], [ 40523452.2029, 3530008.581300000660121 ], [ 40523477.656099997460842, 3530009.125100000295788 ], [ 40523476.674900002777576, 3529985.598499999381602 ], [ 40523452.461900003254414, 3529985.081099998671561 ], [ 40523428.233900003135204, 3529985.064699999522418 ], [ 40523410.366899996995926, 3529985.6335 ], [ 40523409.583499997854233, 3529985.658500000834465 ], [ 40523391.593500003218651, 3529987.913900000508875 ], [ 40523374.275700002908707, 3529990.887699998915195 ], [ 40523358.2483000010252, 3529994.394299999810755 ], [ 40523349.7245, 3529995.784099999349564 ], [ 40523343.017700001597404, 3529996.551699999254197 ], [ 40523341.072499997913837, 3529996.774299999233335 ], [ 40523332.383299998939037, 3529997.351500000339001 ], [ 40523324.668300002813339, 3529997.495499999728054 ], [ 40523317.2967, 3529997.6239 ], [ 40523286.607900001108646, 3529998.158699999097735 ], [ 40523252.9705, 3529998.742499999236315 ], [ 40523250.806100003421307, 3529998.1891 ], [ 40523196.7451, 3529975.87830000044778 ], [ 40523200.070100001990795, 3530023.160299999639392 ], [ 40523325.0911, 3530020.991899999324232 ], [ 40523333.381700001657009, 3530020.837099999189377 ], [ 40523343.188500002026558, 3530020.185900000389665 ], [ 40523352.953500002622604, 3530019.068099998869002 ], [ 40523362.6537000015378, 3530017.486499999184161 ], [ 40523378.777900002896786, 3530013.958700000774115 ], [ 40523395.045500002801418, 3530011.1653 ], [ 40523411.423100002110004, 3530009.1121 ] ] ] ] } },
{ "type": "Feature", "properties": { "OBJECTID": 6266, "DKBH": "ZC-CZ-B07-01", "YDDM": "G1", "DKMJ": 14949.8, "YDJRX": " ", "RJL": " ", "JZMD": " ", "LDL": "≥65%", "JDCW": " ", "DTSTZB": " ", "CSSJZB": " ", "REMARK": " ", "PLANNAME": "《江阴市中心城区主城控制性详细规划》（ZC-CZ-B05、B07基本控制单元）更正", "PLANDATE": "2023-08-11T00:00:00Z", "PLANUNIT": "江阴市城乡规划设计院", "PASSDATE": "2023-08-13T00:00:00Z", "STARTTIME": "2023-09-20T15:36:12Z", "FGUID": null, "CADNAME": "08G1公园绿地", "DXKJKF": " ", "YDXZ": "公园绿地", "FTZMC": "ZC-CZ-B07-01-16.dwg", "JZGD": "/", "JC": null, "SHAPE_Length": 924.95006898829843, "SHAPE_Area": 14949.78318876712 }, "geometry": { "type": "MultiPolygon", "coordinates": [ [ [ [ 40523088.541299998760223, 3529988.991100000217557 ], [ 40523091.128700003027916, 3529939.034899999853224 ], [ 40523170.920500002801418, 3529943.183500000741333 ], [ 40523171.164300002157688, 3529943.1963 ], [ 40523170.9573, 3529934.227699999697506 ], [ 40523071.082099996507168, 3529929.034899999853224 ], [ 40522972.155500002205372, 3529922.371900000143796 ], [ 40522953.548500001430511, 3529903.099299999885261 ], [ 40522927.868500001728535, 3529875.974699999205768 ], [ 40522916.049900002777576, 3529864.990499999839813 ], [ 40522902.656900003552437, 3529851.479899999685585 ], [ 40522887.223499998450279, 3529864.982300000730902 ], [ 40522887.4983000010252, 3529871.69910000031814 ], [ 40522898.655699998140335, 3529882.9545 ], [ 40522910.2637, 3529893.7429 ], [ 40522935.478100001811981, 3529920.375699999276549 ], [ 40522960.951899997889996, 3529946.760700000450015 ], [ 40522986.6827, 3529972.894899999257177 ], [ 40522995.594300001859665, 3529980.834099999628961 ], [ 40523004.979099996387959, 3529988.207500000484288 ], [ 40523014.801299996674061, 3529994.987299998756498 ], [ 40523025.023500002920628, 3530001.147699999157339 ], [ 40523035.606700003147125, 3530006.664900000207126 ], [ 40523046.510499998927116, 3530011.5181 ], [ 40523057.692900002002716, 3530015.688500001095235 ], [ 40523069.111900001764297, 3530019.160500000230968 ], [ 40523084.584700003266335, 3530021.535299999639392 ], [ 40523100.146300002932549, 3530023.234299999196082 ], [ 40523115.767099998891354, 3530024.253699999768287 ], [ 40523131.417499996721745, 3530024.591899999417365 ], [ 40523147.067699998617172, 3530024.248299999628216 ], [ 40523176.044100001454353, 3530023.632099999580532 ], [ 40523173.9283, 3529993.546699998900294 ], [ 40523088.541299998760223, 3529988.991100000217557 ] ] ] ] } },
{ "type": "Feature", "properties": { "OBJECTID": 6319, "DKBH": " ", "YDDM": "E11", "DKMJ": 4497.2, "YDJRX": " ", "RJL": " ", "JZMD": " ", "LDL": " ", "JDCW": " ", "DTSTZB": " ", "CSSJZB": " ", "REMARK": " ", "PLANNAME": "江阴市中心城区主城控制性详细规划", "PLANDATE": "2014-05-10T00:00:00Z", "PLANUNIT": "江阴市城乡规划设计院", "PASSDATE": "2014-05-25T00:00:00Z", "STARTTIME": "2014-08-15T12:00:00Z", "FGUID": "f9e389d2-d2d9-4f0c-8033-fe832d47dafd", "CADNAME": "10E11自然水域", "DXKJKF": " ", "YDXZ": "自然水域", "FTZMC": " ", "JZGD": "/", "JC": "主城城中分区控规", "SHAPE_Length": 308.43291407072678, "SHAPE_Area": 4494.804150864853 }, "geometry": { "type": "MultiPolygon", "coordinates": [ [ [ [ 40520078.678999997675419, 3530601.237399999517947 ], [ 40520035.496399998664856, 3530600.920699998736382 ], [ 40520042.079099997878075, 3530617.470899999141693 ], [ 40520055.165799997746944, 3530648.153300000354648 ], [ 40520075.227399997413158, 3530688.004199999850243 ], [ 40520084.543799996376038, 3530708.047899999190122 ], [ 40520124.008199997246265, 3530697.609899999108166 ], [ 40520113.4366, 3530675.144999998621643 ], [ 40520102.500200003385544, 3530652.855499999597669 ], [ 40520091.201899997889996, 3530630.747199999634176 ], [ 40520078.678999997675419, 3530601.237399999517947 ] ] ] ] } },
{ "type": "Feature", "properties": { "OBJECTID": 6346, "DKBH": " ", "YDDM": "E11", "DKMJ": 915.5, "YDJRX": " ", "RJL": " ", "JZMD": " ", "LDL": " ", "JDCW": " ", "DTSTZB": " ", "CSSJZB": " ", "REMARK": " ", "PLANNAME": "江阴市中心城区主城控制性详细规划", "PLANDATE": "2014-05-10T00:00:00Z", "PLANUNIT": "江阴市城乡规划设计院", "PASSDATE": "2014-05-25T00:00:00Z", "STARTTIME": "2014-08-15T12:00:00Z", "FGUID": "a1f4b193-fd76-4c4b-89c8-64e541979ed8", "CADNAME": "10E11自然水域", "DXKJKF": " ", "YDXZ": "自然水域", "FTZMC": " ", "JZGD": "/", "JC": "主城城中分区控规", "SHAPE_Length": 128.46100024791986, "SHAPE_Area": 914.50841204975757 }, "geometry": { "type": "MultiPolygon", "coordinates": [ [ [ [ 40520126.9358000010252, 3530704.003799999132752 ], [ 40520087.0436, 3530713.42589999968186 ], [ 40520095.5269, 3530731.677199999336153 ], [ 40520116.4062, 3530729.578700000420213 ], [ 40520137.253899998962879, 3530727.186899998690933 ], [ 40520130.0502, 3530710.892900000326335 ], [ 40520126.9358000010252, 3530704.003799999132752 ] ] ] ] } },
{ "type": "Feature", "properties": { "OBJECTID": 6347, "DKBH": " ", "YDDM": "E11", "DKMJ": 5931.5, "YDJRX": " ", "RJL": " ", "JZMD": " ", "LDL": " ", "JDCW": " ", "DTSTZB": " ", "CSSJZB": " ", "REMARK": " ", "PLANNAME": "江阴市中心城区主城控制性详细规划", "PLANDATE": "2014-05-10T00:00:00Z", "PLANUNIT": "江阴市城乡规划设计院", "PASSDATE": "2014-05-25T00:00:00Z", "STARTTIME": "2014-08-15T12:00:00Z", "FGUID": "61ad2406-b85d-41fe-9c70-f042a2b47ca5", "CADNAME": "10E11自然水域", "DXKJKF": " ", "YDXZ": "自然水域", "FTZMC": " ", "JZGD": "/", "JC": "主城城中分区控规", "SHAPE_Length": 456.25972097849063, "SHAPE_Area": 5933.4764924201991 }, "geometry": { "type": "MultiPolygon", "coordinates": [ [ [ [ 40521191.000299997627735, 3529590.014800000470132 ], [ 40521191.744999997317791, 3529559.572299999650568 ], [ 40521153.140299998223782, 3529551.861899999435991 ], [ 40521109.441699996590614, 3529549.7749 ], [ 40521091.565200001001358, 3529549.358199999202043 ], [ 40521073.684600003063679, 3529549.194699998944998 ], [ 40521062.537299998104572, 3529549.2692 ], [ 40521046.65429999679327, 3529549.711599999573082 ], [ 40521030.787600003182888, 3529550.549499999266118 ], [ 40521009.806599996984005, 3529552.2715999991633 ], [ 40520999.537100002169609, 3529553.348899998702109 ], [ 40520997.893399998545647, 3529553.53349999897182 ], [ 40520996.8944, 3529553.647499999031425 ], [ 40520994.895999997854233, 3529553.879300000146031 ], [ 40520994.243, 3529584.005299999844283 ], [ 40521016.709399998188019, 3529581.675899998750538 ], [ 40521035.654399998486042, 3529580.307699999772012 ], [ 40521054.6307, 3529579.480600000359118 ], [ 40521073.622699998319149, 3529579.194899998605251 ], [ 40521099.010399997234344, 3529579.50870000012219 ], [ 40521138.980899997055531, 3529581.064299999270588 ], [ 40521149.251400001347065, 3529581.674199999310076 ], [ 40521191.000299997627735, 3529590.014800000470132 ] ] ] ] } },
{ "type": "Feature", "properties": { "OBJECTID": 6480, "DKBH": "ZC-CZ-B07-11", "YDDM": "R2", "DKMJ": 53439.2, "YDJRX": "A、B、S、G", "RJL": "1.2-3.5", "JZMD": "≤30%", "LDL": "≥30%", "JDCW": "0.8个/100㎡", "DTSTZB": " ", "CSSJZB": " ", "REMARK": " ", "PLANNAME": "《江阴市中心城区主城控制性详细规划》（ZC-CZ-B05、B07基本控制单元）更正", "PLANDATE": "2023-08-11T00:00:00Z", "PLANUNIT": "江阴市城乡规划设计院", "PASSDATE": "2023-08-13T00:00:00Z", "STARTTIME": "2023-09-20T15:36:12Z", "FGUID": null, "CADNAME": "01R2二类居住用地", "DXKJKF": " ", "YDXZ": "二类居住用地", "FTZMC": "ZC-CZ-B07-01-16.dwg", "JZGD": "/", "JC": null, "SHAPE_Length": 921.4851642878258, "SHAPE_Area": 53439.209033746789 }, "geometry": { "type": "MultiPolygon", "coordinates": [ [ [ [ 40523355.1461, 3529687.939500000327826 ], [ 40523198.754299998283386, 3529669.3723 ], [ 40523189.05009999871254, 3529677.992299999110401 ], [ 40523193.358900003135204, 3529864.69469999987632 ], [ 40523203.226099997758865, 3529876.17850000038743 ], [ 40523455.8733000010252, 3529918.185100000817329 ], [ 40523465.692500002682209, 3529908.299899999517947 ], [ 40523449.908299997448921, 3529822.0047 ], [ 40523441.317500002682209, 3529793.9403 ], [ 40523425.771899998188019, 3529709.499899999238551 ], [ 40523414.008500002324581, 3529698.452499999199063 ], [ 40523374.287500001490116, 3529693.736700001172721 ], [ 40523355.1461, 3529687.939500000327826 ] ] ] ] } },
{ "type": "Feature", "properties": { "OBJECTID": 6481, "DKBH": "ZC-CZ-B05-58", "YDDM": "R2", "DKMJ": 34734.1, "YDJRX": "A、B、S、G", "RJL": "≤2.8", "JZMD": "≤30%", "LDL": "≥30%", "JDCW": "0.8个/100㎡", "DTSTZB": " ", "CSSJZB": " ", "REMARK": " ", "PLANNAME": "《江阴市中心城区主城控制性详细规划》（ZC-CZ-B05、B07基本控制单元）更正", "PLANDATE": "2023-08-11T00:00:00Z", "PLANUNIT": "江阴市城乡规划设计院", "PASSDATE": "2023-08-13T00:00:00Z", "STARTTIME": "2023-09-20T15:36:12Z", "FGUID": null, "CADNAME": "01R2二类居住用地", "DXKJKF": " ", "YDXZ": "二类居住用地", "FTZMC": "ZC-CZ-B05-53-73.dwg", "JZGD": "/", "JC": null, "SHAPE_Length": 788.34341121782643, "SHAPE_Area": 34734.071232718597 }, "geometry": { "type": "MultiPolygon", "coordinates": [ [ [ [ 40523466.964900001883507, 3530216.418899999465793 ], [ 40523482.203500002622604, 3530202.17090000025928 ], [ 40523479.851099997758865, 3530145.7593 ], [ 40523482.514899998903275, 3530125.63069999916479 ], [ 40523480.058700002729893, 3530066.733499999623746 ], [ 40523472.0805, 3530066.41109999967739 ], [ 40523460.108499996364117, 3530066.284499999601394 ], [ 40523448.1395, 3530066.586700000800192 ], [ 40523440.169699996709824, 3530067.026300000492483 ], [ 40523422.653899997472763, 3530068.320099999662489 ], [ 40523413.121299996972084, 3530069.2851 ], [ 40523403.623499996960163, 3530070.550099999643862 ], [ 40523390.109499998390675, 3530072.879699999000877 ], [ 40523375.435500003397465, 3530076.130300000309944 ], [ 40523361.224299997091293, 3530078.495900000445545 ], [ 40523346.9063, 3530080.089699999429286 ], [ 40523332.5229, 3530080.9065 ], [ 40523204.284699998795986, 3530083.091300000902265 ], [ 40523210.6285, 3530173.295699999202043 ], [ 40523221.036700002849102, 3530185.544099999591708 ], [ 40523253.1193, 3530193.025700000114739 ], [ 40523261.29966539144516, 3530194.859372969716787 ], [ 40523269.510320656001568, 3530196.552251278888434 ], [ 40523277.748844139277935, 3530198.103835343848914 ], [ 40523286.012807838618755, 3530199.513667344581336 ], [ 40523294.299768440425396, 3530200.781331121455878 ], [ 40523302.607284486293793, 3530201.906452771276236 ], [ 40523310.932899996638298, 3530202.8887 ], [ 40523377.116499997675419, 3530210.121299999766052 ], [ 40523407.3195, 3530209.900899999309331 ], [ 40523466.964900001883507, 3530216.418899999465793 ] ] ] ] } },
{ "type": "Feature", "properties": { "OBJECTID": 6851, "DKBH": " ", "YDDM": "E11", "DKMJ": 997.1, "YDJRX": " ", "RJL": " ", "JZMD": " ", "LDL": " ", "JDCW": " ", "DTSTZB": " ", "CSSJZB": " ", "REMARK": " ", "PLANNAME": "江阴市中心城区主城控制性详细规划", "PLANDATE": "2014-05-10T00:00:00Z", "PLANUNIT": "江阴市城乡规划设计院", "PASSDATE": "2014-05-25T00:00:00Z", "STARTTIME": "2014-08-15T12:00:00Z", "FGUID": "cb53c100-2662-4242-b7b1-d56ee456ad97", "CADNAME": "10E11自然水域", "DXKJKF": " ", "YDXZ": "自然水域", "FTZMC": " ", "JZGD": "/", "JC": "主城城中分区控规", "SHAPE_Length": 219.26703977697173, "SHAPE_Area": 997.28149315403084 }, "geometry": { "type": "MultiPolygon", "coordinates": [ [ [ [ 40520298.060199998319149, 3530602.923599999863654 ], [ 40520288.646700002253056, 3530602.889499998651445 ], [ 40520285.861900001764297, 3530703.288800000213087 ], [ 40520295.903399996459484, 3530701.937099998816848 ], [ 40520298.6334, 3530603.515199999790639 ], [ 40520298.060199998319149, 3530602.923599999863654 ] ] ] ] } },
{ "type": "Feature", "properties": { "OBJECTID": 6852, "DKBH": " ", "YDDM": "E11", "DKMJ": 3446.5, "YDJRX": " ", "RJL": " ", "JZMD": " ", "LDL": " ", "JDCW": " ", "DTSTZB": " ", "CSSJZB": " ", "REMARK": " ", "PLANNAME": "江阴市中心城区主城控制性详细规划", "PLANDATE": "2014-05-10T00:00:00Z", "PLANUNIT": "江阴市城乡规划设计院", "PASSDATE": "2014-05-25T00:00:00Z", "STARTTIME": "2014-08-15T12:00:00Z", "FGUID": "e12d1bd1-6df1-47cb-b399-ee9a37f5ab9e", "CADNAME": "10E11自然水域", "DXKJKF": " ", "YDXZ": "自然水域", "FTZMC": " ", "JZGD": "/", "JC": "主城城中分区控规", "SHAPE_Length": 382.46568112265118, "SHAPE_Area": 3446.5217990860083 }, "geometry": { "type": "MultiPolygon", "coordinates": [ [ [ [ 40520914.513800002634525, 3530930.591199999675155 ], [ 40520740.627700001001358, 3530922.093899998813868 ], [ 40520739.999799996614456, 3530940.683500000275671 ], [ 40520741.353, 3530942.1535 ], [ 40520905.818800002336502, 3530950.190300000365824 ], [ 40520913.500299997627735, 3530943.431300000753254 ], [ 40520914.513800002634525, 3530930.591199999675155 ] ] ] ] } },
{ "type": "Feature", "properties": { "OBJECTID": 6853, "DKBH": " ", "YDDM": "E11", "DKMJ": 3715.0, "YDJRX": " ", "RJL": " ", "JZMD": " ", "LDL": " ", "JDCW": " ", "DTSTZB": " ", "CSSJZB": " ", "REMARK": " ", "PLANNAME": "江阴市中心城区主城控制性详细规划", "PLANDATE": "2014-05-10T00:00:00Z", "PLANUNIT": "江阴市城乡规划设计院", "PASSDATE": "2014-05-25T00:00:00Z", "STARTTIME": "2014-08-15T12:00:00Z", "FGUID": "cd723fc8-aae6-473a-a6a1-b90c421cf466", "CADNAME": "10E11自然水域", "DXKJKF": " ", "YDXZ": "自然水域", "FTZMC": " ", "JZGD": "/", "JC": "主城城中分区控规", "SHAPE_Length": 409.09030887463092, "SHAPE_Area": 3715.0947250649851 }, "geometry": { "type": "MultiPolygon", "coordinates": [ [ [ [ 40521131.380400002002716, 3530941.18879999872297 ], [ 40520944.491700001060963, 3530932.056200000457466 ], [ 40520943.5371999964118, 3530944.149899999145418 ], [ 40520950.785800002515316, 3530952.387699999380857 ], [ 40521128.834799997508526, 3530961.088399999309331 ], [ 40521130.377999998629093, 3530959.696399999782443 ], [ 40521131.380400002002716, 3530941.18879999872297 ] ] ] ] } },
{ "type": "Feature", "properties": { "OBJECTID": 7056, "DKBH": " ", "YDDM": "E11", "DKMJ": 21948.9, "YDJRX": " ", "RJL": " ", "JZMD": " ", "LDL": " ", "JDCW": " ", "DTSTZB": " ", "CSSJZB": " ", "REMARK": " ", "PLANNAME": "江阴市中心城区主城控制性详细规划", "PLANDATE": "2014-05-10T00:00:00Z", "PLANUNIT": "江阴市城乡规划设计院", "PASSDATE": "2014-05-25T00:00:00Z", "STARTTIME": "2014-08-15T12:00:00Z", "FGUID": "1443e587-8f48-404d-9585-62a3c9098387", "CADNAME": "10E11自然水域", "DXKJKF": " ", "YDXZ": "自然水域", "FTZMC": " ", "JZGD": "/", "JC": "主城城中分区控规", "SHAPE_Length": 1004.213734564732, "SHAPE_Area": 21949.436550782983 }, "geometry": { "type": "MultiPolygon", "coordinates": [ [ [ [ 40524167.124899998307228, 3531128.9567 ], [ 40524169.842600002884865, 3531095.821000000461936 ], [ 40524173.981799997389317, 3531090.6946 ], [ 40524181.0916, 3530979.247 ], [ 40524179.577, 3530978.210999998729676 ], [ 40524175.79280000180006, 3530976.682099999394268 ], [ 40524176.1536, 3530974.196899999864399 ], [ 40524177.032700002193451, 3530960.9208 ], [ 40524179.212700001895428, 3530933.2188 ], [ 40524179.730999998748302, 3530924.417500000447035 ], [ 40524183.189999997615814, 3530924.541500000283122 ], [ 40524184.98929999768734, 3530922.5409 ], [ 40524186.3072, 3530903.365299998782575 ], [ 40524181.1312, 3530902.988299998920411 ], [ 40524183.014399997889996, 3530877.12709999922663 ], [ 40524185.041299998760223, 3530847.402200000826269 ], [ 40524136.964100003242493, 3530837.710099999327213 ], [ 40524136.721, 3530845.810200000181794 ], [ 40524135.3481, 3530868.061599999200553 ], [ 40524127.323399998247623, 3530991.543899999465793 ], [ 40524125.552699998021126, 3531020.853099999483675 ], [ 40524123.640699997544289, 3531020.781899999827147 ], [ 40524118.3496999964118, 3531020.765699999406934 ], [ 40524116.800399996340275, 3531052.316199999302626 ], [ 40524120.5854, 3531052.814199998509139 ], [ 40524121.5255, 3531052.8492 ], [ 40524122.658100001513958, 3531053.317999999504536 ], [ 40524122.970200002193451, 3531055.702599999494851 ], [ 40524123.117399998009205, 3531058.25429999968037 ], [ 40524122.689400002360344, 3531065.636300000362098 ], [ 40524121.468400001525879, 3531085.0631 ], [ 40524121.059199996292591, 3531085.042299999389797 ], [ 40524120.816799998283386, 3531087.34889999916777 ], [ 40524121.315200001001358, 3531087.401299999561161 ], [ 40524121.280199997127056, 3531088.65349999954924 ], [ 40524120.782899998128414, 3531092.326600000727922 ], [ 40524120.5541, 3531093.551600000355393 ], [ 40524120.248099997639656, 3531096.917399998288602 ], [ 40524119.1782, 3531100.704599999822676 ], [ 40524118.1818, 3531103.445500000845641 ], [ 40524117.404200002551079, 3531104.583499999251217 ], [ 40524116.468400001525879, 3531105.595499999355525 ], [ 40524115.394599996507168, 3531106.459699999541044 ], [ 40524114.205899998545647, 3531107.157499998807907 ], [ 40524113.791900001466274, 3531112.303699999116361 ], [ 40524114.90089999884367, 3531112.38069999916479 ], [ 40524114.7887, 3531114.813699999824166 ], [ 40524105.650799997150898, 3531113.7426 ], [ 40524105.4208, 3531119.439699999522418 ], [ 40524113.8658, 3531120.542600000277162 ], [ 40524113.7126, 3531125.478199999779463 ], [ 40524111.731600001454353, 3531152.561099998652935 ], [ 40524111.155500002205372, 3531163.102099999319762 ], [ 40524109.233999997377396, 3531193.671199999283999 ], [ 40524114.289300002157688, 3531193.984299999196082 ], [ 40524110.626999996602535, 3531251.630600000265986 ], [ 40524161.683799996972084, 3531276.8254 ], [ 40524165.549500003457069, 3531222.877100000157952 ], [ 40524162.10360000282526, 3531199.5049 ], [ 40524161.247100003063679, 3531192.911800000350922 ], [ 40524166.275399997830391, 3531138.515999999828637 ], [ 40524167.124899998307228, 3531128.9567 ] ] ] ] } },
{ "type": "Feature", "properties": { "OBJECTID": 7213, "DKBH": "ZC-CZ-A02-13", "YDDM": "G2", "DKMJ": null, "YDJRX": " ", "RJL": " ", "JZMD": " ", "LDL": "≥80%", "JDCW": " ", "DTSTZB": " ", "CSSJZB": " ", "REMARK": " ", "PLANNAME": "《江阴市中心城区主城控制性详细规划》局部地块调整", "PLANDATE": "2022-04-26T00:00:00Z", "PLANUNIT": "江阴市城乡规划设计院", "PASSDATE": "2022-05-20T00:00:00Z", "STARTTIME": "2022-05-31T09:55:19Z", "FGUID": null, "CADNAME": "08G2防护绿地", "DXKJKF": " ", "YDXZ": "防护绿地", "FTZMC": "ZC-CZ-A02-09-42.dwg", "JZGD": "/", "JC": null, "SHAPE_Length": 3094.998467759036, "SHAPE_Area": 69746.997964515744 }, "geometry": { "type": "MultiPolygon", "coordinates": [ [ [ [ 40520033.6519, 3531998.684299999848008 ], [ 40520031.99889999628067, 3531987.9685 ], [ 40520053.4085, 3531993.527499999385327 ], [ 40520074.6651, 3531999.644899999722838 ], [ 40520095.754299998283386, 3532006.316700000781566 ], [ 40520116.661700002849102, 3532013.538099999073893 ], [ 40520137.372900001704693, 3532021.304299999028444 ], [ 40520157.8737, 3532029.609899999108166 ], [ 40520181.420500002801418, 3532039.934699999168515 ], [ 40520204.642499998211861, 3532050.970899998676032 ], [ 40520271.7865, 3532084.142900000326335 ], [ 40520455.22070000320673, 3532174.767099999822676 ], [ 40520455.443099997937679, 3532166.748899998608977 ], [ 40520433.722099997103214, 3532130.684500000439584 ], [ 40520217.930699996650219, 3532024.073900000192225 ], [ 40520194.6017, 3532012.9739 ], [ 40520170.955300003290176, 3532002.567299999762326 ], [ 40520147.0119, 3531992.863499998580664 ], [ 40520122.792499996721745, 3531983.870699999388307 ], [ 40520098.318099997937679, 3531975.596699999645352 ], [ 40520073.610100001096725, 3531968.048899998888373 ], [ 40520048.6901, 3531961.233899999875575 ], [ 40520023.579899996519089, 3531955.157700000796467 ], [ 40519998.3011, 3531949.825299999676645 ], [ 40519980.6963, 3531946.651299998629838 ], [ 40519981.0229, 3531956.779499999713153 ], [ 40519981.517099998891354, 3531972.105899999383837 ], [ 40519982.210699997842312, 3531993.615299999248236 ], [ 40519984.245899997651577, 3532006.470700000412762 ], [ 40519985.5577, 3532019.4199 ], [ 40519986.14190000295639, 3532032.4222999997437 ], [ 40519985.9965, 3532045.436899999156594 ], [ 40519985.122299998998642, 3532058.423099998850375 ], [ 40519983.521899998188019, 3532071.3399 ], [ 40519981.2003, 3532084.14670000039041 ], [ 40519978.164700001478195, 3532096.803300000261515 ], [ 40519974.424900002777576, 3532109.269899998791516 ], [ 40519969.9925, 3532121.507500000298023 ], [ 40519964.881300002336502, 3532133.477300001308322 ], [ 40519959.107500001788139, 3532145.142099998891354 ], [ 40519952.689099997282028, 3532156.465099999215454 ], [ 40519948.5057, 3532165.456299999728799 ], [ 40519944.6985, 3532174.613099998794496 ], [ 40519941.274300001561642, 3532183.919899999629706 ], [ 40519937.435500003397465, 3532196.139899998437613 ], [ 40519934.262500002980232, 3532208.5493 ], [ 40519931.764300003647804, 3532221.112099998630583 ], [ 40519929.948299996554852, 3532233.791499999817461 ], [ 40519928.820100001990795, 3532246.550499999895692 ], [ 40519928.3825, 3532259.35190000012517 ], [ 40519928.534500002861023, 3532280.443500000983477 ], [ 40519929.2975, 3532301.5219 ], [ 40519930.670900002121925, 3532322.569499999750406 ], [ 40519932.653300002217293, 3532343.5683 ], [ 40519935.243299998342991, 3532364.500899999402463 ], [ 40519938.438699997961521, 3532385.349700001068413 ], [ 40519942.236699998378754, 3532406.097099999431521 ], [ 40519945.616899996995926, 3532436.6911 ], [ 40519948.484300002455711, 3532467.33729999884963 ], [ 40519950.837899997830391, 3532498.027099999599159 ], [ 40519952.380900003015995, 3532523.801900000777096 ], [ 40520000.012900002300739, 3532527.9287 ], [ 40520031.894299998879433, 3532530.690899999812245 ], [ 40520117.631300002336502, 3532538.118900000117719 ], [ 40520444.357699997723103, 3532566.425899999216199 ], [ 40520444.578500002622604, 3532558.464100000914186 ], [ 40520312.743699997663498, 3532547.393699999433011 ], [ 40520318.9705, 3532473.240299999713898 ], [ 40519996.8235, 3532446.558699999470264 ], [ 40519994.3935, 3532422.3767 ], [ 40519991.6523, 3532398.227899999823421 ], [ 40519987.4635, 3532375.359899999108166 ], [ 40519984.061099998652935, 3532352.361700000241399 ], [ 40519981.449299998581409, 3532329.260499999858439 ], [ 40519979.630900003015995, 3532306.083300000522286 ], [ 40519978.60809999704361, 3532282.857300000265241 ], [ 40519978.382299996912479, 3532259.61009999923408 ], [ 40519978.866300001740456, 3532247.515899999532849 ], [ 40519980.131700001657009, 3532235.478499999735504 ], [ 40519982.173299998044968, 3532223.548300000373274 ], [ 40519984.982500001788139, 3532211.77489999961108 ], [ 40519988.5475, 3532200.2081 ], [ 40519992.350500002503395, 3532190.113499999511987 ], [ 40519996.723499998450279, 3532180.2525 ], [ 40520003.8085, 3532167.5773 ], [ 40520010.2315, 3532154.554099999833852 ], [ 40520015.9753, 3532141.217499999795109 ], [ 40520021.0251, 3532127.602900000289083 ], [ 40520025.3671, 3532113.746300000231713 ], [ 40520028.9899, 3532099.684699999168515 ], [ 40520031.884099997580051, 3532085.4551 ], [ 40520034.04169999808073, 3532071.095300000160933 ], [ 40520035.457099996507168, 3532056.643499999772757 ], [ 40520036.1266999989748, 3532042.1381 ], [ 40520036.048500001430511, 3532027.617299999576062 ], [ 40520035.222900003194809, 3532013.119900000281632 ], [ 40520033.6519, 3531998.684299999848008 ] ] ] ] } },
{ "type": "Feature", "properties": { "OBJECTID": 7233, "DKBH": " ", "YDDM": "E11", "DKMJ": 22267.6, "YDJRX": " ", "RJL": " ", "JZMD": " ", "LDL": " ", "JDCW": " ", "DTSTZB": " ", "CSSJZB": " ", "REMARK": " ", "PLANNAME": "江阴市中心城区主城控制性详细规划", "PLANDATE": "2014-05-10T00:00:00Z", "PLANUNIT": "江阴市城乡规划设计院", "PASSDATE": "2014-05-25T00:00:00Z", "STARTTIME": "2014-08-15T12:00:00Z", "FGUID": "8c83b96d-69a2-463a-afc1-d138ce1628b5", "CADNAME": "10E11自然水域", "DXKJKF": " ", "YDXZ": "自然水域", "FTZMC": " ", "JZGD": "/", "JC": "主城城中分区控规", "SHAPE_Length": 1213.8446197486128, "SHAPE_Area": 22263.586421007793 }, "geometry": { "type": "MultiPolygon", "coordinates": [ [ [ [ 40519984.928400002419949, 3530162.380599999800324 ], [ 40519993.104999996721745, 3530162.639799999538809 ], [ 40520001.2856, 3530162.6784 ], [ 40520068.3961, 3530153.602800001390278 ], [ 40520084.3741, 3530145.699900000356138 ], [ 40520097.067500002682209, 3530138.694299999624491 ], [ 40520109.452299997210503, 3530131.156500000506639 ], [ 40520121.5062, 3530123.10010000038892 ], [ 40520133.207500003278255, 3530114.539599998854101 ], [ 40520144.534999996423721, 3530105.490399999078363 ], [ 40520161.059600003063679, 3530091.15749999973923 ], [ 40520177.165, 3530076.355100000277162 ], [ 40520192.837899997830391, 3530061.095299998298287 ], [ 40520208.0651, 3530045.391100000124425 ], [ 40520222.834299996495247, 3530029.255099999718368 ], [ 40520170.4586, 3530027.4857 ], [ 40520152.645099997520447, 3530044.395699999760836 ], [ 40520131.531400002539158, 3530063.701700000558048 ], [ 40520121.199500001966953, 3530072.858899999875575 ], [ 40520110.4674, 3530081.543700000271201 ], [ 40520099.3569, 3530089.738599999807775 ], [ 40520087.890100002288818, 3530097.427099999506027 ], [ 40520076.0902, 3530104.593999999575317 ], [ 40520063.980899997055531, 3530111.224700000137091 ], [ 40520051.586400002241135, 3530117.3057 ], [ 40520039.1474, 3530119.5513 ], [ 40520026.614799998700619, 3530121.196899998933077 ], [ 40520014.017800003290176, 3530122.239 ], [ 40520001.385200001299381, 3530122.6752 ], [ 40519988.746299996972084, 3530122.504399999510497 ], [ 40519976.1300999969244, 3530121.727 ], [ 40519960.453100003302097, 3530122.6193 ], [ 40519951.1831, 3530124.159 ], [ 40519942.0673, 3530126.440399999730289 ], [ 40519933.165, 3530129.448900000192225 ], [ 40519924.5339, 3530133.164899999275804 ], [ 40519916.23030000180006, 3530137.563999999780208 ], [ 40519908.3081, 3530142.617799999192357 ], [ 40519904.100599996745586, 3530146.636199999600649 ], [ 40519900.381099998950958, 3530151.110099998768419 ], [ 40519897.19879999756813, 3530155.98079999955371 ], [ 40519894.595399998128414, 3530161.183799999766052 ], [ 40519892.605099998414516, 3530166.65089999884367 ], [ 40519891.254299998283386, 3530172.309999999590218 ], [ 40519891.711999997496605, 3530182.591400000266731 ], [ 40519892.710299998521805, 3530192.8344 ], [ 40519894.2466000020504, 3530203.010699999518692 ], [ 40519896.316399998962879, 3530213.092000000178814 ], [ 40519898.914099998772144, 3530223.050299999769777 ], [ 40519899.205300003290176, 3530224.047499999869615 ], [ 40519903.796899996697903, 3530236.710899999830872 ], [ 40519908.120800003409386, 3530249.467999999877065 ], [ 40519912.175800003111362, 3530262.313199999276549 ], [ 40519915.959700003266335, 3530275.2407 ], [ 40519919.470799997448921, 3530288.245099999476224 ], [ 40519922.707500003278255, 3530301.320400000549853 ], [ 40519928.9828, 3530322.031999998725951 ], [ 40519934.686499997973442, 3530342.908099999651313 ], [ 40519941.272, 3530369.4918 ], [ 40519942.839100003242493, 3530375.020699999760836 ], [ 40519944.515100002288818, 3530380.517500000540167 ], [ 40519946.2993, 3530385.980199999175966 ], [ 40519948.191, 3530391.406399999279529 ], [ 40519948.4032, 3530391.978900000918657 ], [ 40519989.2645, 3530386.867899999488145 ], [ 40519985.491800002753735, 3530376.920300000347197 ], [ 40519982.144000001251698, 3530366.821699999738485 ], [ 40519979.226999998092651, 3530356.590400000102818 ], [ 40519976.746100001037121, 3530346.244699999224395 ], [ 40519972.023400001227856, 3530327.590800000354648 ], [ 40519966.868299998342991, 3530309.0519999996759 ], [ 40519961.2834, 3530290.6382 ], [ 40519956.079899996519089, 3530270.24739999929443 ], [ 40519950.2483000010252, 3530250.027300000656396 ], [ 40519943.794299997389317, 3530229.997100000735372 ], [ 40519939.789399996399879, 3530219.649799999780953 ], [ 40519936.533, 3530209.043100001290441 ], [ 40519934.04169999808073, 3530198.231000000145286 ], [ 40519932.328100003302097, 3530187.268799999263138 ], [ 40519931.4723, 3530185.76909999968484 ], [ 40519930.868900001049042, 3530184.1513 ], [ 40519930.533699996769428, 3530182.457499998621643 ], [ 40519930.475100003182888, 3530180.731900000479072 ], [ 40519930.694700002670288, 3530179.01909999968484 ], [ 40519931.186999998986721, 3530177.364100000355393 ], [ 40519931.939000003039837, 3530175.809799998998642 ], [ 40519932.9313, 3530174.3967 ], [ 40519934.137900002300739, 3530173.161599999293685 ], [ 40519935.527400001883507, 3530172.136599999386817 ], [ 40519937.063699997961521, 3530171.3484 ], [ 40519938.706699997186661, 3530170.81749999942258 ], [ 40519944.854000002145767, 3530167.863699999637902 ], [ 40519951.239699997007847, 3530165.468999999575317 ], [ 40519957.813299998641014, 3530163.651999999303371 ], [ 40519964.5224, 3530162.427400000393391 ], [ 40519971.314000003039837, 3530161.8048 ], [ 40519978.134099997580051, 3530161.789200000930578 ], [ 40519984.928400002419949, 3530162.380599999800324 ] ] ] ] } },
{ "type": "Feature", "properties": { "OBJECTID": 7234, "DKBH": " ", "YDDM": "E11", "DKMJ": 3283.5, "YDJRX": " ", "RJL": " ", "JZMD": " ", "LDL": " ", "JDCW": " ", "DTSTZB": " ", "CSSJZB": " ", "REMARK": " ", "PLANNAME": "江阴市中心城区主城控制性详细规划", "PLANDATE": "2014-05-10T00:00:00Z", "PLANUNIT": "江阴市城乡规划设计院", "PASSDATE": "2014-05-25T00:00:00Z", "STARTTIME": "2014-08-15T12:00:00Z", "FGUID": "13222671-dc3b-478f-990e-bc017afbf8cf", "CADNAME": "10E11自然水域", "DXKJKF": " ", "YDXZ": "自然水域", "FTZMC": " ", "JZGD": "/", "JC": "主城城中分区控规", "SHAPE_Length": 366.52902876693787, "SHAPE_Area": 3283.5096868568348 }, "geometry": { "type": "MultiPolygon", "coordinates": [ [ [ [ 40521302.158699996769428, 3530949.534299999475479 ], [ 40521147.361699998378754, 3530941.969800000544637 ], [ 40521146.3631, 3530960.408899998757988 ], [ 40521147.8125, 3530962.015699999872595 ], [ 40521303.1069, 3530969.604699999094009 ], [ 40521313.045500002801418, 3530960.652900000102818 ], [ 40521313.632600001990795, 3530950.09499999973923 ], [ 40521302.158699996769428, 3530949.534299999475479 ] ] ] ] } },
{ "type": "Feature", "properties": { "OBJECTID": 7446, "DKBH": " ", "YDDM": "E11", "DKMJ": 6319.7, "YDJRX": " ", "RJL": " ", "JZMD": " ", "LDL": " ", "JDCW": " ", "DTSTZB": " ", "CSSJZB": " ", "REMARK": " ", "PLANNAME": "江阴市中心城区主城控制性详细规划", "PLANDATE": "2014-05-10T00:00:00Z", "PLANUNIT": "江阴市城乡规划设计院", "PASSDATE": "2014-05-25T00:00:00Z", "STARTTIME": "2014-08-15T12:00:00Z", "FGUID": "f74323c8-504f-4bd7-9063-a5e17e39a180", "CADNAME": "10E11自然水域", "DXKJKF": " ", "YDXZ": "自然水域", "FTZMC": " ", "JZGD": "/", "JC": "主城城中分区控规", "SHAPE_Length": 398.9031119521353, "SHAPE_Area": 6320.5524790396003 }, "geometry": { "type": "MultiPolygon", "coordinates": [ [ [ [ 40520021.487800002098083, 3530433.514000000432134 ], [ 40520005.474799998104572, 3530435.230299999471754 ], [ 40519979.06139999628067, 3530438.534099999349564 ], [ 40519988.413400001823902, 3530456.831499999854714 ], [ 40519997.217, 3530475.3989 ], [ 40520005.464199997484684, 3530494.220200000796467 ], [ 40520013.147699996829033, 3530513.27849999954924 ], [ 40520018.286399997770786, 3530530.917399999219924 ], [ 40520022.709299996495247, 3530548.7492 ], [ 40520026.4093, 3530566.744900000281632 ], [ 40520029.380199998617172, 3530584.875300001353025 ], [ 40520069.794, 3530585.1716 ], [ 40520067.2253, 3530567.9073 ], [ 40520064.049800001084805, 3530550.744300000369549 ], [ 40520060.271700002253056, 3530533.7039 ], [ 40520055.895499996840954, 3530516.806999999564141 ], [ 40520050.926700003445148, 3530500.074900000356138 ], [ 40520044.191299997270107, 3530483.164699999149889 ], [ 40520037.036700002849102, 3530466.42769999941811 ], [ 40520029.467200003564358, 3530449.873899999540299 ], [ 40520021.487800002098083, 3530433.514000000432134 ] ] ] ] } },
{ "type": "Feature", "properties": { "OBJECTID": 7447, "DKBH": " ", "YDDM": "E11", "DKMJ": 5498.1, "YDJRX": " ", "RJL": " ", "JZMD": " ", "LDL": " ", "JDCW": " ", "DTSTZB": " ", "CSSJZB": " ", "REMARK": " ", "PLANNAME": "江阴市中心城区主城控制性详细规划", "PLANDATE": "2014-05-10T00:00:00Z", "PLANUNIT": "江阴市城乡规划设计院", "PASSDATE": "2014-05-25T00:00:00Z", "STARTTIME": "2014-08-15T12:00:00Z", "FGUID": "ebb88a3c-b3ae-49ea-a718-16fdaca13256", "CADNAME": "10E11自然水域", "DXKJKF": " ", "YDXZ": "自然水域", "FTZMC": " ", "JZGD": "/", "JC": "主城城中分区控规", "SHAPE_Length": 426.88298803122694, "SHAPE_Area": 5498.0529546885437 }, "geometry": { "type": "MultiPolygon", "coordinates": [ [ [ [ 40520529.212899997830391, 3529633.312899999320507 ], [ 40520530.05290000140667, 3529603.026399999856949 ], [ 40520426.9771, 3529614.682299999520183 ], [ 40520374.388800002634525, 3529619.052899999544024 ], [ 40520360.791900001466274, 3529619.265800001099706 ], [ 40520347.201300002634525, 3529618.803899998776615 ], [ 40520347.2011, 3529648.850999999325722 ], [ 40520361.726400002837181, 3529649.273599999025464 ], [ 40520376.2553, 3529649.001599999610335 ], [ 40520429.905699998140335, 3529644.542599999345839 ], [ 40520529.212899997830391, 3529633.312899999320507 ] ] ] ] } },
{ "type": "Feature", "properties": { "OBJECTID": 7448, "DKBH": " ", "YDDM": "E11", "DKMJ": 12614.8, "YDJRX": " ", "RJL": " ", "JZMD": " ", "LDL": " ", "JDCW": " ", "DTSTZB": " ", "CSSJZB": " ", "REMARK": " ", "PLANNAME": "江阴市中心城区主城控制性详细规划", "PLANDATE": "2014-05-10T00:00:00Z", "PLANUNIT": "江阴市城乡规划设计院", "PASSDATE": "2014-05-25T00:00:00Z", "STARTTIME": "2014-08-15T12:00:00Z", "FGUID": "d5ea4cd8-b2f7-490e-811f-3055fd73f244", "CADNAME": "10E11自然水域", "DXKJKF": " ", "YDXZ": "自然水域", "FTZMC": " ", "JZGD": "/", "JC": "主城城中分区控规", "SHAPE_Length": 948.50411783719846, "SHAPE_Area": 12615.034026531466 }, "geometry": { "type": "MultiPolygon", "coordinates": [ [ [ [ 40520964.1395, 3529588.445899999700487 ], [ 40520964.7971, 3529558.109100000467151 ], [ 40520860.0832, 3529571.69179999968037 ], [ 40520812.767300002276897, 3529582.295900000724941 ], [ 40520793.857699997723103, 3529586.062000000383705 ], [ 40520792.1827, 3529540.215099999681115 ], [ 40520776.201499998569489, 3529541.031400000210851 ], [ 40520777.965499997138977, 3529589.307099999394268 ], [ 40520741.75959999859333, 3529590.5066 ], [ 40520680.367600001394749, 3529591.926699998322874 ], [ 40520570.168300002813339, 3529599.43129999935627 ], [ 40520569.368900001049042, 3529628.251899999566376 ], [ 40520681.9996, 3529621.897199999541044 ], [ 40520742.603200003504753, 3529620.495299999602139 ], [ 40520779.388899996876717, 3529619.276499999221414 ], [ 40520816.52929999679327, 3529612.274000000208616 ], [ 40520866.392300002276897, 3529601.124899999704212 ], [ 40520964.1395, 3529588.445899999700487 ] ] ] ] } },
{ "type": "Feature", "properties": { "OBJECTID": 7449, "DKBH": " ", "YDDM": "E11", "DKMJ": 1176.3, "YDJRX": " ", "RJL": " ", "JZMD": " ", "LDL": " ", "JDCW": " ", "DTSTZB": " ", "CSSJZB": " ", "REMARK": " ", "PLANNAME": "江阴市中心城区主城控制性详细规划", "PLANDATE": "2014-05-10T00:00:00Z", "PLANUNIT": "江阴市城乡规划设计院", "PASSDATE": "2014-05-25T00:00:00Z", "STARTTIME": "2014-08-15T12:00:00Z", "FGUID": "05888bb6-9c54-4b2f-807a-e7667681e10b", "CADNAME": "10E11自然水域", "DXKJKF": " ", "YDXZ": "自然水域", "FTZMC": " ", "JZGD": "/", "JC": "主城城中分区控规", "SHAPE_Length": 258.1522618706843, "SHAPE_Area": 1176.3138712477935 }, "geometry": { "type": "MultiPolygon", "coordinates": [ [ [ [ 40520294.0748, 3530465.0787 ], [ 40520292.476999998092651, 3530464.80229999916628 ], [ 40520289.093599997460842, 3530586.779799998737872 ], [ 40520298.723499998450279, 3530586.850500000175089 ], [ 40520299.105899997055531, 3530586.481300000101328 ], [ 40520302.197800002992153, 3530475.008899998385459 ], [ 40520294.0748, 3530465.0787 ] ] ] ] } },
{ "type": "Feature", "properties": { "OBJECTID": 7502, "DKBH": "ZC-CZ-B03-20", "YDDM": "Rax", "DKMJ": 9806.4, "YDJRX": " ", "RJL": "0.6-1.0", "JZMD": "≤30%", "LDL": "≥35%", "JDCW": "0.6个/100生", "DTSTZB": " ", "CSSJZB": " ", "REMARK": " ", "PLANNAME": "《江阴市中心城区主城控制性详细规划》（城西片区）调整", "PLANDATE": "2022-06-15T00:00:00Z", "PLANUNIT": "江阴市城乡规划设计院", "PASSDATE": "2022-07-15T00:00:00Z", "STARTTIME": "2022-08-03T16:39:42Z", "FGUID": null, "CADNAME": "01Rax幼托用地", "DXKJKF": " ", "YDXZ": "幼托用地", "FTZMC": "ZC-CZ-B03-01-28.dwg", "JZGD": "/", "JC": null, "SHAPE_Length": 391.30577291079305, "SHAPE_Area": 9806.3641693849422 }, "geometry": { "type": "MultiPolygon", "coordinates": [ [ [ [ 40523140.04389999806881, 3531732.514899999834597 ], [ 40523067.88849999755621, 3531711.675500000361353 ], [ 40523050.0141, 3531722.108099998440593 ], [ 40523027.9027, 3531814.622700000181794 ], [ 40523114.616099998354912, 3531839.666500000283122 ], [ 40523140.04389999806881, 3531732.514899999834597 ] ] ] ] } },
{ "type": "Feature", "properties": { "OBJECTID": 7728, "DKBH": " ", "YDDM": "E11", "DKMJ": 4419.9, "YDJRX": " ", "RJL": " ", "JZMD": " ", "LDL": " ", "JDCW": " ", "DTSTZB": " ", "CSSJZB": " ", "REMARK": " ", "PLANNAME": "江阴市中心城区主城控制性详细规划", "PLANDATE": "2014-05-10T00:00:00Z", "PLANUNIT": "江阴市城乡规划设计院", "PASSDATE": "2014-05-25T00:00:00Z", "STARTTIME": "2014-08-15T12:00:00Z", "FGUID": "e326c09a-6877-4b73-a2be-5ebc23d889ec", "CADNAME": "10E11自然水域", "DXKJKF": " ", "YDXZ": "自然水域", "FTZMC": " ", "JZGD": "/", "JC": "主城城中分区控规", "SHAPE_Length": 480.65300889039372, "SHAPE_Area": 4419.9632240322126 }, "geometry": { "type": "MultiPolygon", "coordinates": [ [ [ [ 40522454.076899997889996, 3530354.084800000768155 ], [ 40522438.10419999808073, 3530349.872999998740852 ], [ 40522388.982600003480911, 3530565.871399999130517 ], [ 40522408.427299998700619, 3530570.5592 ], [ 40522456.680100001394749, 3530358.381799999158829 ], [ 40522454.076899997889996, 3530354.084800000768155 ] ] ] ] } },
{ "type": "Feature", "properties": { "OBJECTID": 7761, "DKBH": " ", "YDDM": "E11", "DKMJ": 5474.9, "YDJRX": " ", "RJL": " ", "JZMD": " ", "LDL": " ", "JDCW": " ", "DTSTZB": " ", "CSSJZB": " ", "REMARK": " ", "PLANNAME": "江阴市中心城区主城控制性详细规划", "PLANDATE": "2014-05-10T00:00:00Z", "PLANUNIT": "江阴市城乡规划设计院", "PASSDATE": "2014-05-25T00:00:00Z", "STARTTIME": "2014-08-15T12:00:00Z", "FGUID": "0a993e3f-89e7-470f-98ba-a70f50b573fb", "CADNAME": "10E11自然水域", "DXKJKF": " ", "YDXZ": "自然水域", "FTZMC": " ", "JZGD": "/", "JC": "主城城中分区控规", "SHAPE_Length": 585.80110346020047, "SHAPE_Area": 5474.9916004733423 }, "geometry": { "type": "MultiPolygon", "coordinates": [ [ [ [ 40522525.8499, 3530054.722199999261647 ], [ 40522506.2914, 3530050.533999998588115 ], [ 40522445.543499998748302, 3530317.189199999440461 ], [ 40522461.515600003302097, 3530321.400899999309331 ], [ 40522465.686499997973442, 3530318.8753 ], [ 40522525.8499, 3530054.722199999261647 ] ] ] ] } },
{ "type": "Feature", "properties": { "OBJECTID": 7799, "DKBH": "ZC-CZ-B05-31", "YDDM": "Rax", "DKMJ": 8053.4, "YDJRX": " ", "RJL": "≤0.6", "JZMD": "≤40%", "LDL": "≥30%", "JDCW": "0.6个/100生", "DTSTZB": " ", "CSSJZB": " ", "REMARK": " ", "PLANNAME": "江阴市中心城区主城控制性详细规划", "PLANDATE": "2014-05-10T00:00:00Z", "PLANUNIT": "江阴市城乡规划设计院", "PASSDATE": "2014-05-25T00:00:00Z", "STARTTIME": "2014-08-15T12:00:00Z", "FGUID": "bf250d6d-b86c-4953-a447-9a3143e35081", "CADNAME": "01Rax幼托用地", "DXKJKF": " ", "YDXZ": "幼托用地", "FTZMC": "ZC-CZ-B05-19-52.dwg", "JZGD": "/", "JC": "主城城中分区控规", "SHAPE_Length": 357.44943209892773, "SHAPE_Area": 8053.5219838230287 }, "geometry": { "type": "MultiPolygon", "coordinates": [ [ [ [ 40523772.565399996936321, 3531429.02949999878183 ], [ 40523682.870399996638298, 3531403.540699999779463 ], [ 40523661.8622, 3531480.698099999222904 ], [ 40523759.0889, 3531506.596099999733269 ], [ 40523769.342600002884865, 3531499.187499999534339 ], [ 40523773.478200003504753, 3531429.2887 ], [ 40523772.565399996936321, 3531429.02949999878183 ] ] ] ] } },
{ "type": "Feature", "properties": { "OBJECTID": 7846, "DKBH": "ZC-CZ-B04-17", "YDDM": "G1", "DKMJ": 7070.1, "YDJRX": " ", "RJL": " ", "JZMD": " ", "LDL": "≥65%", "JDCW": " ", "DTSTZB": " ", "CSSJZB": " ", "REMARK": " ", "PLANNAME": "江阴市中心城区主城控制性详细规划", "PLANDATE": "2014-05-10T00:00:00Z", "PLANUNIT": "江阴市城乡规划设计院", "PASSDATE": "2014-05-25T00:00:00Z", "STARTTIME": "2014-10-10T12:00:00Z", "FGUID": "6c48a779-215d-496d-b9a3-a51376132aed", "CADNAME": "08G1公园绿地", "DXKJKF": " ", "YDXZ": "公园绿地", "FTZMC": "ZC-CZ-B04-14-39.dwg", "JZGD": "/", "JC": " ", "SHAPE_Length": 326.48331753483819, "SHAPE_Area": 7070.2231808173947 }, "geometry": { "type": "MultiPolygon", "coordinates": [ [ [ [ 40522428.024300001561642, 3531193.9648999995552 ], [ 40522347.598300002515316, 3531180.437199999578297 ], [ 40522336.798500001430511, 3531188.734599999617785 ], [ 40522331.365599997341633, 3531246.382100000511855 ], [ 40522335.386, 3531251.578299999237061 ], [ 40522423.017899997532368, 3531265.702399997971952 ], [ 40522429.3512, 3531260.949999999720603 ], [ 40522436.289499998092651, 3531205.058500000275671 ], [ 40522428.024300001561642, 3531193.9648999995552 ] ] ] ] } },
{ "type": "Feature", "properties": { "OBJECTID": 8038, "DKBH": "ZC-CZ-A04-23", "YDDM": "G3", "DKMJ": 4073.5, "YDJRX": " ", "RJL": " ", "JZMD": " ", "LDL": "≥50%", "JDCW": " ", "DTSTZB": " ", "CSSJZB": " ", "REMARK": " ", "PLANNAME": "江阴市中心城区主城控制性详细规划", "PLANDATE": "2014-05-10T00:00:00Z", "PLANUNIT": "江阴市城乡规划设计院", "PASSDATE": "2014-05-25T00:00:00Z", "STARTTIME": "2014-08-15T12:00:00Z", "FGUID": "b749736d-45c3-4622-b5d6-ecdd4ba28e02", "CADNAME": "08G3广场用地", "DXKJKF": " ", "YDXZ": "广场用地", "FTZMC": "ZC-CZ-A04-21-36.dwg", "JZGD": "/", "JC": "主城城中分区控规", "SHAPE_Length": 252.30148123142135, "SHAPE_Area": 4073.5868277082564 }, "geometry": { "type": "MultiPolygon", "coordinates": [ [ [ [ 40520290.882700003683567, 3531127.461199999321252 ], [ 40520230.247000001370907, 3531125.472699999343604 ], [ 40520228.149499997496605, 3531178.2198 ], [ 40520227.4662000015378, 3531195.400899999774992 ], [ 40520271.638400003314018, 3531197.660500001162291 ], [ 40520287.662600003182888, 3531182.814899999648333 ], [ 40520288.797600001096725, 3531137.8289 ], [ 40520290.882700003683567, 3531127.461199999321252 ] ] ] ] } },
{ "type": "Feature", "properties": { "OBJECTID": 8150, "DKBH": " ", "YDDM": "E11", "DKMJ": 26428.2, "YDJRX": " ", "RJL": " ", "JZMD": " ", "LDL": " ", "JDCW": " ", "DTSTZB": " ", "CSSJZB": " ", "REMARK": " ", "PLANNAME": "江阴市中心城区主城控制性详细规划", "PLANDATE": "2014-05-10T00:00:00Z", "PLANUNIT": "江阴市城乡规划设计院", "PASSDATE": "2014-05-25T00:00:00Z", "STARTTIME": "2014-08-15T12:00:00Z", "FGUID": "c3d51b9a-e3af-4210-9fa1-24991cd73b37", "CADNAME": "10E11自然水域", "DXKJKF": " ", "YDXZ": "自然水域", "FTZMC": " ", "JZGD": "/", "JC": "主城城中分区控规", "SHAPE_Length": 1047.4088812836826, "SHAPE_Area": 26428.683734324659 }, "geometry": { "type": "MultiPolygon", "coordinates": [ [ [ [ 40524236.207000002264977, 3530365.449599999468774 ], [ 40524179.0766, 3530356.410199999809265 ], [ 40524178.3975, 3530363.217299999669194 ], [ 40524177.843500003218651, 3530368.111100000329316 ], [ 40524177.116400003433228, 3530375.437400000635535 ], [ 40524172.4085, 3530426.150399998761714 ], [ 40524171.982900001108646, 3530430.9199 ], [ 40524171.620899997651577, 3530433.907899999525398 ], [ 40524163.570100001990795, 3530520.322599999140948 ], [ 40524158.489, 3530521.64159999974072 ], [ 40524158.29280000180006, 3530522.541600000113249 ], [ 40524152.282499998807907, 3530589.097199998330325 ], [ 40524157.962499998509884, 3530589.291600000113249 ], [ 40524153.0339, 3530634.427400000393391 ], [ 40524151.702600002288818, 3530646.313699999824166 ], [ 40524145.855899997055531, 3530646.348600000143051 ], [ 40524145.589900001883507, 3530654.080699999351054 ], [ 40524150.788900002837181, 3530657.387799999676645 ], [ 40524145.924999997019768, 3530717.369099999777973 ], [ 40524140.285099998116493, 3530720.055299999658018 ], [ 40524133.6919, 3530806.446600001305342 ], [ 40524193.467600002884865, 3530818.497 ], [ 40524200.350000001490116, 3530724.476599999703467 ], [ 40524236.207000002264977, 3530365.449599999468774 ] ] ] ] } },
{ "type": "Feature", "properties": { "OBJECTID": 8570, "DKBH": " ", "YDDM": "E11", "DKMJ": 2886.2, "YDJRX": " ", "RJL": " ", "JZMD": " ", "LDL": " ", "JDCW": " ", "DTSTZB": " ", "CSSJZB": " ", "REMARK": " ", "PLANNAME": "江阴市中心城区主城控制性详细规划", "PLANDATE": "2014-05-10T00:00:00Z", "PLANUNIT": "江阴市城乡规划设计院", "PASSDATE": "2014-05-25T00:00:00Z", "STARTTIME": "2014-08-15T12:00:00Z", "FGUID": "ba438c16-3c87-40d8-a0b0-8755959e7d6b", "CADNAME": "10E11自然水域", "DXKJKF": " ", "YDXZ": "自然水域", "FTZMC": " ", "JZGD": "/", "JC": "主城城中分区控规", "SHAPE_Length": 392.78001080675426, "SHAPE_Area": 2886.2298917995386 }, "geometry": { "type": "MultiPolygon", "coordinates": [ [ [ [ 40520797.988300003111362, 3529344.632600000593811 ], [ 40520781.98870000243187, 3529344.241199999582022 ], [ 40520774.6488, 3529498.535799999721348 ], [ 40520775.617200002074242, 3529525.040199999697506 ], [ 40520791.598399996757507, 3529524.223799999337643 ], [ 40520790.663000002503395, 3529498.6239 ], [ 40520797.988300003111362, 3529344.632600000593811 ] ] ] ] } },
{ "type": "Feature", "properties": { "OBJECTID": 8802, "DKBH": "ZC-CZ-A04-51", "YDDM": "B2", "DKMJ": 17275.9, "YDJRX": "A、B、S、G", "RJL": "2.0-6.0", "JZMD": "≤60%", "LDL": "≥15%", "JDCW": "0.6个/100M2", "DTSTZB": " ", "CSSJZB": " ", "REMARK": " ", "PLANNAME": "江阴市中心城区主城控制性详细规划", "PLANDATE": "2013-05-10T00:00:00Z", "PLANUNIT": "江阴市城乡规划设计院", "PASSDATE": "2013-05-25T00:00:00Z", "STARTTIME": "2014-08-15T12:00:00Z", "FGUID": "74d540dd-2cc6-42ac-9a7f-660f5f55019a", "CADNAME": "03B2商务用地", "DXKJKF": " ", "YDXZ": "商务用地", "FTZMC": "ZC-CZ-A04-37-70.dwg", "JZGD": "/", "JC": " ", "SHAPE_Length": 532.67092278896712, "SHAPE_Area": 17278.657462213509 }, "geometry": { "type": "MultiPolygon", "coordinates": [ [ [ [ 40521259.083999998867512, 3530713.178899999707937 ], [ 40521172.606799997389317, 3530680.510699999518692 ], [ 40521161.1153, 3530688.002699999604374 ], [ 40521156.945600003004074, 3530764.997999999206513 ], [ 40521155.039700001478195, 3530800.19249999942258 ], [ 40521316.8783999979496, 3530828.699499999638647 ], [ 40521320.644299998879433, 3530760.982299999799579 ], [ 40521298.615199998021126, 3530727.744000000413507 ], [ 40521259.083999998867512, 3530713.178899999707937 ] ] ] ] } },
{ "type": "Feature", "properties": { "OBJECTID": 8869, "DKBH": "ZC-CZ-B05-27", "YDDM": "R2", "DKMJ": 20678.5, "YDJRX": "A、B、S、G", "RJL": "1.2-3.5", "JZMD": "≤30%", "LDL": "≥30%", "JDCW": "0.5个/100M2", "DTSTZB": " ", "CSSJZB": " ", "REMARK": " ", "PLANNAME": "江阴市中心城区主城控制性详细规划", "PLANDATE": "2013-05-10T00:00:00Z", "PLANUNIT": "江阴市城乡规划设计院", "PASSDATE": "2013-05-25T00:00:00Z", "STARTTIME": "2014-08-15T12:00:00Z", "FGUID": "b50dc45e-e17e-4176-86e2-0e8733c0d590", "CADNAME": "01R2二类居住用地", "DXKJKF": " ", "YDXZ": "二类居住用地", "FTZMC": "ZC-CZ-B05-19-52.dwg", "JZGD": "/", "JC": " ", "SHAPE_Length": 731.84593625435036, "SHAPE_Area": 20678.83420652122 }, "geometry": { "type": "MultiPolygon", "coordinates": [ [ [ [ 40523727.244599997997284, 3531674.647599998861551 ], [ 40523762.507799997925758, 3531542.6927 ], [ 40523755.426600001752377, 3531530.45769999967888 ], [ 40523655.5563, 3531503.855500000528991 ], [ 40523623.383299998939037, 3531620.676699999254197 ], [ 40523522.693999998271465, 3531593.644999999087304 ], [ 40523515.707900002598763, 3531625.992499998770654 ], [ 40523720.497299998998642, 3531678.593000001274049 ], [ 40523727.244599997997284, 3531674.647599998861551 ] ] ] ] } },
{ "type": "Feature", "properties": { "OBJECTID": 9079, "DKBH": "ZC-CZ-A04-22", "YDDM": "RB", "DKMJ": 27215.5, "YDJRX": "A、B、S、U、G", "RJL": "1.2-4.0", "JZMD": "≤50%", "LDL": "≥15%", "JDCW": "0.7个/100M2", "DTSTZB": " ", "CSSJZB": " ", "REMARK": " ", "PLANNAME": "江阴市中心城区主城控制性详细规划", "PLANDATE": "2013-05-10T00:00:00Z", "PLANUNIT": "江阴市城乡规划设计院", "PASSDATE": "2013-05-25T00:00:00Z", "STARTTIME": "2014-08-15T12:00:00Z", "FGUID": "9362bfe1-e2e4-4db7-be7f-4d404ae7bd3c", "CADNAME": "01RB商住混合用地", "DXKJKF": " ", "YDXZ": "商住混合用地", "FTZMC": "ZC-CZ-A04-21-36.dwg", "JZGD": "/", "JC": " ", "SHAPE_Length": 693.98285261857006, "SHAPE_Area": 27213.802596739915 }, "geometry": { "type": "MultiPolygon", "coordinates": [ [ [ [ 40520165.098800003528595, 3531195.715399999637157 ], [ 40520195.23870000243187, 3531193.752500000409782 ], [ 40520227.4662000015378, 3531195.400899999774992 ], [ 40520230.247000001370907, 3531125.472699999343604 ], [ 40520290.882700003683567, 3531127.461199999321252 ], [ 40520292.801, 3531117.923299999441952 ], [ 40520295.125600002706051, 3531025.788299999665469 ], [ 40520164.296800002455711, 3531022.103199999779463 ], [ 40520157.092, 3531028.447999999858439 ], [ 40520149.4754, 3531034.291999999433756 ], [ 40520138.216399997472763, 3531042.12459999974817 ], [ 40520125.079899996519089, 3531052.037200000137091 ], [ 40520112.433700002729893, 3531062.568199999630451 ], [ 40520100.3068, 3531073.69319999916479 ], [ 40520098.001599997282028, 3531192.283100000116974 ], [ 40520165.098800003528595, 3531195.715399999637157 ] ] ] ] } },
{ "type": "Feature", "properties": { "OBJECTID": 9084, "DKBH": "ZC-CZ-B05-17", "YDDM": "B2", "DKMJ": 10129.0, "YDJRX": "A、B、S、G", "RJL": "≤3.5", "JZMD": "≤50%", "LDL": "≥25%", "JDCW": "1.0个/100㎡", "DTSTZB": " ", "CSSJZB": " ", "REMARK": " ", "PLANNAME": "江阴市中心城区主城控制性详细规划", "PLANDATE": "2014-05-10T00:00:00Z", "PLANUNIT": "江阴市城乡规划设计院", "PASSDATE": "2014-05-25T00:00:00Z", "STARTTIME": "2014-10-10T12:00:00Z", "FGUID": "d7bb14b7-84b4-4113-93f2-7546de1b3de3", "CADNAME": "03B2商务用地", "DXKJKF": " ", "YDXZ": "商务用地", "FTZMC": "ZC-CZ-B05-01-18.dwg", "JZGD": "/", "JC": " ", "SHAPE_Length": 413.25462394094615, "SHAPE_Area": 10129.203256171288 }, "geometry": { "type": "MultiPolygon", "coordinates": [ [ [ [ 40523402.6431, 3530667.521300000138581 ], [ 40523342.241099998354912, 3530644.156 ], [ 40523297.165, 3530760.685099999886006 ], [ 40523399.18469999730587, 3530785.923099999316037 ], [ 40523402.6431, 3530667.521300000138581 ] ] ] ] } },
{ "type": "Feature", "properties": { "OBJECTID": 9350, "DKBH": "ZC-CZ-A05-41", "YDDM": "Aa", "DKMJ": 8427.2, "YDJRX": " ", "RJL": "1.0-2.0", "JZMD": "≤55%", "LDL": "≥20%", "JDCW": "0.5个/100㎡", "DTSTZB": " ", "CSSJZB": " ", "REMARK": " ", "PLANNAME": "江阴市中心城区主城控制性详细规划", "PLANDATE": "2014-05-10T00:00:00Z", "PLANUNIT": "江阴市城乡规划设计院", "PASSDATE": "2014-05-25T00:00:00Z", "STARTTIME": "2014-08-15T12:00:00Z", "FGUID": "1fa67c6e-7aa6-4c13-8072-4ba4e4e48e2d", "CADNAME": "02Aa居住区级综合公共服务设施用地", "DXKJKF": " ", "YDXZ": "居住区级综合公共服务设施用地", "FTZMC": "ZC-CZ-A05-25-45.dwg", "JZGD": "/", "JC": "主城城中分区控规", "SHAPE_Length": 372.79115759068321, "SHAPE_Area": 8427.3452977514316 }, "geometry": { "type": "MultiPolygon", "coordinates": [ [ [ [ 40520423.162299998104572, 3529338.96309999935329 ], [ 40520366.326499998569489, 3529337.5724 ], [ 40520350.703500002622604, 3529352.817799999378622 ], [ 40520350.703199997544289, 3529394.317200000397861 ], [ 40520347.203000001609325, 3529414.317400000523776 ], [ 40520347.202600002288818, 3529456.431599999312311 ], [ 40520419.151299998164177, 3529457.134599999058992 ], [ 40520423.162299998104572, 3529338.96309999935329 ] ] ] ] } },
{ "type": "Feature", "properties": { "OBJECTID": 9481, "DKBH": "ZC-CZ-B04-30", "YDDM": "R2", "DKMJ": 28948.7, "YDJRX": "A、B、S、G", "RJL": "≤3.5", "JZMD": "≤40%", "LDL": "≥20%", "JDCW": "0.5个/100㎡", "DTSTZB": " ", "CSSJZB": " ", "REMARK": " ", "PLANNAME": "江阴市中心城区主城控制性详细规划", "PLANDATE": "2014-05-10T00:00:00Z", "PLANUNIT": "江阴市城乡规划设计院", "PASSDATE": "2014-05-25T00:00:00Z", "STARTTIME": "2014-10-10T12:00:00Z", "FGUID": "44989963-d7cb-4965-8c61-77c3186b5959", "CADNAME": "01R2二类居住用地", "DXKJKF": " ", "YDXZ": "二类居住用地", "FTZMC": "ZC-CZ-B04-14-39.dwg", "JZGD": "/", "JC": " ", "SHAPE_Length": 688.98109196490122, "SHAPE_Area": 28949.204021398768 }, "geometry": { "type": "MultiPolygon", "coordinates": [ [ [ [ 40522378.798100002110004, 3530337.854199998546392 ], [ 40522301.441399998962879, 3530317.455999999772757 ], [ 40522279.168399997055531, 3530331.499800000339746 ], [ 40522269.273699998855591, 3530383.550999998580664 ], [ 40522262.1003, 3530402.545699999202043 ], [ 40522240.285999998450279, 3530517.302000000141561 ], [ 40522250.010799996554852, 3530532.36780000012368 ], [ 40522364.331, 3530559.9284 ], [ 40522413.2988, 3530343.331899999175221 ], [ 40522408.699100002646446, 3530342.11909999884665 ], [ 40522378.798100002110004, 3530337.854199998546392 ] ] ] ] } },
{ "type": "Feature", "properties": { "OBJECTID": 9552, "DKBH": "ZC-CZ-A04-18", "YDDM": "B1", "DKMJ": 16352.7, "YDJRX": "A、B、S、G", "RJL": "≤5.0", "JZMD": "≤55%", "LDL": "≥15%", "JDCW": "1.5个/100M2", "DTSTZB": " ", "CSSJZB": " ", "REMARK": " ", "PLANNAME": "江阴市中心城区主城控制性详细规划", "PLANDATE": "2013-05-10T00:00:00Z", "PLANUNIT": "江阴市城乡规划设计院", "PASSDATE": "2013-05-25T00:00:00Z", "STARTTIME": "2014-08-15T12:00:00Z", "FGUID": "30e46f1d-c799-4e79-8eb8-477ccfa960d7", "CADNAME": "03B1商业用地", "DXKJKF": " ", "YDXZ": "商业用地", "FTZMC": "ZC-CZ-A04-01-20.dwg", "JZGD": "/", "JC": " ", "SHAPE_Length": 551.51698618385115, "SHAPE_Area": 16352.983881162656 }, "geometry": { "type": "MultiPolygon", "coordinates": [ [ [ [ 40521006.346500001847744, 3531499.404599999543279 ], [ 40521021.0026, 3531311.070600000675768 ], [ 40521016.335299998521805, 3531311.118499999400228 ], [ 40520936.782700002193451, 3531302.662999998778105 ], [ 40520935.199600003659725, 3531303.977599999401718 ], [ 40520920.282799996435642, 3531492.973799999803305 ], [ 40521006.346500001847744, 3531499.404599999543279 ] ] ] ] } },
{ "type": "Feature", "properties": { "OBJECTID": 9706, "DKBH": "ZC-CZ-B05-60", "YDDM": "R2", "DKMJ": 33062.5, "YDJRX": "A、B、S、G", "RJL": "1.2-3.0", "JZMD": "≤30%", "LDL": "≥30%", "JDCW": "0.5个/100M2", "DTSTZB": " ", "CSSJZB": " ", "REMARK": " ", "PLANNAME": "江阴市中心城区主城控制性详细规划", "PLANDATE": "2013-05-10T00:00:00Z", "PLANUNIT": "江阴市城乡规划设计院", "PASSDATE": "2013-05-25T00:00:00Z", "STARTTIME": "2014-08-15T12:00:00Z", "FGUID": "ac8392c9-6591-44d5-b5dc-29fecb4da9de", "CADNAME": "01R2二类居住用地", "DXKJKF": " ", "YDXZ": "二类居住用地", "FTZMC": "ZC-CZ-B05-53-73.dwg", "JZGD": "/", "JC": " ", "SHAPE_Length": 716.83142839542404, "SHAPE_Area": 33063.062177082553 }, "geometry": { "type": "MultiPolygon", "coordinates": [ [ [ [ 40523578.3627, 3530475.984299999661744 ], [ 40523548.736000001430511, 3530471.264400000218302 ], [ 40523537.385399997234344, 3530481.366000000853091 ], [ 40523539.466700002551079, 3530531.275099999736995 ], [ 40523540.364100001752377, 3530552.793699999339879 ], [ 40523545.527800001204014, 3530592.612900000996888 ], [ 40523548.697800002992153, 3530668.627899999730289 ], [ 40523565.527999997138977, 3530688.337199998088181 ], [ 40523660.853, 3530707.554099999368191 ], [ 40523675.625600002706051, 3530697.514699999243021 ], [ 40523680.272799998521805, 3530671.693499999586493 ], [ 40523687.2601, 3530652.629599998705089 ], [ 40523714.776500001549721, 3530499.740799999795854 ], [ 40523710.3191, 3530493.46250000083819 ], [ 40523678.898100003600121, 3530488.45659999968484 ], [ 40523639.900399997830391, 3530482.243900000117719 ], [ 40523603.602300003170967, 3530476.461099999491125 ], [ 40523578.3627, 3530475.984299999661744 ] ] ] ] } },
{ "type": "Feature", "properties": { "OBJECTID": 9935, "DKBH": "ZC-CZ-B02-08", "YDDM": "S41", "DKMJ": 9864.4, "YDJRX": " ", "RJL": "≤0.5", "JZMD": "≤30%", "LDL": "≥20%", "JDCW": " ", "DTSTZB": " ", "CSSJZB": " ", "REMARK": " ", "PLANNAME": "《江阴市中心城区主城控制性详细规划》（城西片区）调整", "PLANDATE": "2022-06-15T00:00:00Z", "PLANUNIT": "江阴市城乡规划设计院", "PASSDATE": "2022-07-15T00:00:00Z", "STARTTIME": "2022-08-03T16:39:42Z", "FGUID": null, "CADNAME": "06S41公共交通场站用地", "DXKJKF": " ", "YDXZ": "公共交通场站用地", "FTZMC": "ZC-CZ-B02-01-21.dwg", "JZGD": "/", "JC": null, "SHAPE_Length": 398.26214642102917, "SHAPE_Area": 9864.3688831817617 }, "geometry": { "type": "MultiPolygon", "coordinates": [ [ [ [ 40521688.7909, 3531379.072499999310821 ], [ 40521649.270499996840954, 3531374.87209999980405 ], [ 40521644.6633, 3531468.358300000894815 ], [ 40521749.1483, 3531479.9070999994874 ], [ 40521754.2025, 3531386.024899999145418 ], [ 40521708.678900003433228, 3531381.186300000175834 ], [ 40521688.7909, 3531379.072499999310821 ] ] ] ] } },
{ "type": "Feature", "properties": { "OBJECTID": 10003, "DKBH": "ZC-CZ-A03-41", "YDDM": "Rax", "DKMJ": 15502.1, "YDJRX": " ", "RJL": "0.6-1.0", "JZMD": "≤30%", "LDL": "≥35%", "JDCW": "0.6个/100生", "DTSTZB": " ", "CSSJZB": " ", "REMARK": " ", "PLANNAME": "江阴市中心城区主城控制性详细规划", "PLANDATE": "2014-05-10T00:00:00Z", "PLANUNIT": "江阴市城乡规划设计院", "PASSDATE": "2014-05-25T00:00:00Z", "STARTTIME": "2014-08-15T12:00:00Z", "FGUID": "79120b83-e36d-4631-8c5c-a9487510c9b3", "CADNAME": "01Rax幼托用地", "DXKJKF": " ", "YDXZ": "幼托用地", "FTZMC": "ZC-CZ-A03-36-60.dwg", "JZGD": "/", "JC": "主城城中分区控规", "SHAPE_Length": 500.13650983436975, "SHAPE_Area": 15509.54668474505 }, "geometry": { "type": "MultiPolygon", "coordinates": [ [ [ [ 40519813.611199997365475, 3531061.731199999339879 ], [ 40519666.7751, 3531054.555100001394749 ], [ 40519664.0762, 3531146.702400000300258 ], [ 40519676.639799997210503, 3531160.28999999910593 ], [ 40519715.246799997985363, 3531162.553199999034405 ], [ 40519753.803400002419949, 3531165.55519999936223 ], [ 40519792.295400001108646, 3531169.294599999673665 ], [ 40519809.156900003552437, 3531171.09580000070855 ], [ 40519813.611199997365475, 3531061.731199999339879 ] ] ] ] } },
{ "type": "Feature", "properties": { "OBJECTID": 10004, "DKBH": "ZC-CZ-A04-17", "YDDM": "Rax", "DKMJ": 5427.8, "YDJRX": " ", "RJL": "≤1.0", "JZMD": "≤30%", "LDL": "≥35%", "JDCW": "0.6个/100生", "DTSTZB": " ", "CSSJZB": " ", "REMARK": " ", "PLANNAME": "江阴市中心城区主城控制性详细规划", "PLANDATE": "2014-05-10T00:00:00Z", "PLANUNIT": "江阴市城乡规划设计院", "PASSDATE": "2014-05-25T00:00:00Z", "STARTTIME": "2014-08-15T12:00:00Z", "FGUID": "249471b9-82dc-4f08-b983-000d80544ca7", "CADNAME": "01Rax幼托用地", "DXKJKF": " ", "YDXZ": "幼托用地", "FTZMC": "ZC-CZ-A04-01-20.dwg", "JZGD": "/", "JC": "主城城中分区控规", "SHAPE_Length": 298.41366401006894, "SHAPE_Area": 5427.9262749992595 }, "geometry": { "type": "MultiPolygon", "coordinates": [ [ [ [ 40521006.346500001847744, 3531499.404599999543279 ], [ 40520920.282799996435642, 3531492.973799999803305 ], [ 40520915.336000002920628, 3531555.647599999327213 ], [ 40521001.4688, 3531562.083499998785555 ], [ 40521006.346500001847744, 3531499.404599999543279 ] ] ] ] } },
{ "type": "Feature", "properties": { "OBJECTID": 10005, "DKBH": "ZC-CZ-A05-39", "YDDM": "Rax", "DKMJ": 10665.1, "YDJRX": " ", "RJL": "0.6-1.0", "JZMD": "≤30%", "LDL": "≥35%", "JDCW": "0.6个/100生", "DTSTZB": " ", "CSSJZB": " ", "REMARK": " ", "PLANNAME": "江阴市中心城区主城控制性详细规划", "PLANDATE": "2014-05-10T00:00:00Z", "PLANUNIT": "江阴市城乡规划设计院", "PASSDATE": "2014-05-25T00:00:00Z", "STARTTIME": "2014-08-15T12:00:00Z", "FGUID": "aed91252-1ca5-4267-a2ee-a6c5689b4334", "CADNAME": "01Rax幼托用地", "DXKJKF": " ", "YDXZ": "幼托用地", "FTZMC": "ZC-CZ-A05-25-45.dwg", "JZGD": "/", "JC": "主城城中分区控规", "SHAPE_Length": 414.98473830825657, "SHAPE_Area": 10665.315364442082 }, "geometry": { "type": "MultiPolygon", "coordinates": [ [ [ [ 40520419.151299998164177, 3529457.134599999058992 ], [ 40520347.202600002288818, 3529456.431599999312311 ], [ 40520347.202, 3529537.9819 ], [ 40520356.1356, 3529546.471099998336285 ], [ 40520469.55290000140667, 3529540.676699999719858 ], [ 40520471.6858000010252, 3529457.647799998987466 ], [ 40520419.151299998164177, 3529457.134599999058992 ] ] ] ] } },
{ "type": "Feature", "properties": { "OBJECTID": 10027, "DKBH": "ZC-CZ-B04-18", "YDDM": "RB", "DKMJ": 23675.3, "YDJRX": "A、B、S、U、G", "RJL": "1.2-3.5", "JZMD": "≤45%", "LDL": "≥15%", "JDCW": "0.7个/100M2", "DTSTZB": " ", "CSSJZB": " ", "REMARK": " ", "PLANNAME": "江阴市中心城区主城控制性详细规划", "PLANDATE": "2013-05-10T00:00:00Z", "PLANUNIT": "江阴市城乡规划设计院", "PASSDATE": "2013-05-25T00:00:00Z", "STARTTIME": "2014-08-15T12:00:00Z", "FGUID": "a9c098eb-840a-4593-9289-4fe1121d29d4", "CADNAME": "01RB商住混合用地", "DXKJKF": " ", "YDXZ": "商住混合用地", "FTZMC": "ZC-CZ-B04-14-39.dwg", "JZGD": "/", "JC": " ", "SHAPE_Length": 762.53340052755539, "SHAPE_Area": 23675.692774801191 }, "geometry": { "type": "MultiPolygon", "coordinates": [ [ [ [ 40522688.838600002229214, 3531237.833800000604242 ], [ 40522463.044200003147125, 3531199.855300000868738 ], [ 40522452.040600001811981, 3531208.053500000853091 ], [ 40522445.056900002062321, 3531264.311300000641495 ], [ 40522449.462499998509884, 3531270.387199999764562 ], [ 40522747.669, 3531328.536799998953938 ], [ 40522763.102200001478195, 3531316.970399999525398 ], [ 40522763.648900002241135, 3531311.040699999779463 ], [ 40522761.999399997293949, 3531290.803699999116361 ], [ 40522763.8354, 3531270.888000000268221 ], [ 40522748.896799996495247, 3531251.484899999573827 ], [ 40522707.9811, 3531244.602900000289083 ], [ 40522688.838600002229214, 3531237.833800000604242 ] ] ] ] } },
{ "type": "Feature", "properties": { "OBJECTID": 10028, "DKBH": "ZC-CZ-B04-06", "YDDM": "RB", "DKMJ": 55032.7, "YDJRX": "A、B、S、U、G", "RJL": "≤2.5", "JZMD": "≤35%", "LDL": "≥30%", "JDCW": "0.7个/100M2", "DTSTZB": " ", "CSSJZB": " ", "REMARK": " ", "PLANNAME": "江阴市中心城区主城控制性详细规划", "PLANDATE": "2013-05-10T00:00:00Z", "PLANUNIT": "江阴市城乡规划设计院", "PASSDATE": "2013-05-25T00:00:00Z", "STARTTIME": "2014-08-15T12:00:00Z", "FGUID": "c3499adc-1d53-48b6-95ea-77e34f3b2bfc", "CADNAME": "01RB商住混合用地", "DXKJKF": " ", "YDXZ": "商住混合用地", "FTZMC": "ZC-CZ-B04-01-13.dwg", "JZGD": "/", "JC": " ", "SHAPE_Length": 914.85672693508332, "SHAPE_Area": 55033.653485057905 }, "geometry": { "type": "MultiPolygon", "coordinates": [ [ [ [ 40522098.1422, 3530903.772999999579042 ], [ 40521857.864600002765656, 3530868.521999999415129 ], [ 40521840.418399997055531, 3530882.878199999220669 ], [ 40521838.498599998652935, 3530922.808499999344349 ], [ 40521834.0422, 3530942.617499999236315 ], [ 40521828.289399996399879, 3531062.270100000314415 ], [ 40521834.328599996864796, 3531069.767999999690801 ], [ 40521980.428000003099442, 3531094.3418 ], [ 40522010.593199998140335, 3531095.866499999538064 ], [ 40522069.762699998915195, 3531105.818899999838322 ], [ 40522090.4318, 3531091.429499999154359 ], [ 40522095.6545, 3531063.955299999564886 ], [ 40522099.685999996960163, 3531024.004899999126792 ], [ 40522117.398900002241135, 3530930.824999999720603 ], [ 40522098.1422, 3530903.772999999579042 ] ] ] ] } },
{ "type": "Feature", "properties": { "OBJECTID": 10030, "DKBH": "ZC-CZ-B04-15", "YDDM": "A6", "DKMJ": 68365.2, "YDJRX": " ", "RJL": "≤2.8", "JZMD": "≤30%", "LDL": "≥35%", "JDCW": "0.4个/100M2", "DTSTZB": " ", "CSSJZB": " ", "REMARK": " ", "PLANNAME": "江阴市中心城区主城控制性详细规划", "PLANDATE": "2013-05-10T00:00:00Z", "PLANUNIT": "江阴市城乡规划设计院", "PASSDATE": "2013-05-25T00:00:00Z", "STARTTIME": "2014-08-15T12:00:00Z", "FGUID": "0962e9d5-de67-45a1-a8e7-ae8d85bd1aa2", "CADNAME": "02A6社会福利用地", "DXKJKF": " ", "YDXZ": "社会福利用地", "FTZMC": "ZC-CZ-B04-14-39.dwg", "JZGD": "/", "JC": " ", "SHAPE_Length": 1043.2515500902682, "SHAPE_Area": 68366.520440627763 }, "geometry": { "type": "MultiPolygon", "coordinates": [ [ [ [ 40522750.101300001144409, 3531345.312499999534339 ], [ 40522448.233499996364117, 3531286.448999999091029 ], [ 40522441.722599998116493, 3531291.169999999459833 ], [ 40522419.3054, 3531471.754099999088794 ], [ 40522428.241800002753735, 3531485.303300001192838 ], [ 40522602.82320000231266, 3531535.724099999759346 ], [ 40522632.6166, 3531540.685799999628216 ], [ 40522709.475900001823902, 3531562.883600000292063 ], [ 40522738.761, 3531542.897899999748915 ], [ 40522743.9415, 3531486.699199999682605 ], [ 40522749.262699998915195, 3531467.104700000490993 ], [ 40522759.351800002157688, 3531357.6557 ], [ 40522750.101300001144409, 3531345.312499999534339 ] ] ] ] } },
{ "type": "Feature", "properties": { "OBJECTID": 10052, "DKBH": "ZC-CZ-B04-02", "YDDM": "G1", "DKMJ": 9918.6, "YDJRX": " ", "RJL": " ", "JZMD": " ", "LDL": "≥65%", "JDCW": " ", "DTSTZB": " ", "CSSJZB": " ", "REMARK": " ", "PLANNAME": "《江阴市中心城区主城控制性详细规划》（城西片区）调整", "PLANDATE": "2022-06-15T00:00:00Z", "PLANUNIT": "江阴市城乡规划设计院", "PASSDATE": "2022-07-15T00:00:00Z", "STARTTIME": "2022-08-03T16:39:42Z", "FGUID": null, "CADNAME": "08G1公园绿地", "DXKJKF": " ", "YDXZ": "公园绿地", "FTZMC": "ZC-CZ-B04-01-13.dwg", "JZGD": "/", "JC": null, "SHAPE_Length": 1330.4263413349704, "SHAPE_Area": 9918.5876378497323 }, "geometry": { "type": "MultiPolygon", "coordinates": [ [ [ [ 40521527.6908999979496, 3531194.9825 ], [ 40521347.4573, 3531161.605299999471754 ], [ 40521347.997100003063679, 3531178.612099999096245 ], [ 40521342.444300003349781, 3531278.458699999842793 ], [ 40521361.192500002682209, 3531300.507500000298023 ], [ 40521404.2333, 3531305.082100001163781 ], [ 40521402.346583917737007, 3531286.578555345535278 ], [ 40521400.600236892700195, 3531268.06123548746109 ], [ 40521398.994363777339458, 3531249.531205176841468 ], [ 40521397.529052726924419, 3531230.989529847633094 ], [ 40521396.204387664794922, 3531212.437275826931 ], [ 40521395.020448282361031, 3531193.875510096549988 ], [ 40521393.977300003170967, 3531175.30530000012368 ], [ 40521526.788500003516674, 3531199.900500001385808 ], [ 40521575.7029, 3531208.791899999137968 ], [ 40521757.575499996542931, 3531242.472900000400841 ], [ 40521752.762500002980232, 3531342.126699999440461 ], [ 40521762.7231, 3531343.18529999954626 ], [ 40521767.3195, 3531247.585699999704957 ], [ 40521767.332900002598763, 3531247.330899999476969 ], [ 40521767.758500002324581, 3531239.273699999321252 ], [ 40521576.60530000180006, 3531203.874099999200553 ], [ 40521527.6908999979496, 3531194.9825 ] ] ] ] } },
{ "type": "Feature", "properties": { "OBJECTID": 10054, "DKBH": "ZC-CZ-B02-01", "YDDM": "G1", "DKMJ": 225801.4, "YDJRX": " ", "RJL": " ", "JZMD": " ", "LDL": "≥65%", "JDCW": " ", "DTSTZB": " ", "CSSJZB": " ", "REMARK": " ", "PLANNAME": "《江阴市中心城区主城控制性详细规划》（城西片区）调整", "PLANDATE": "2022-06-15T00:00:00Z", "PLANUNIT": "江阴市城乡规划设计院", "PASSDATE": "2022-07-15T00:00:00Z", "STARTTIME": "2022-08-03T16:39:42Z", "FGUID": null, "CADNAME": "08G1公园绿地", "DXKJKF": " ", "YDXZ": "公园绿地", "FTZMC": "ZC-CZ-B02-01-21.dwg", "JZGD": "/", "JC": null, "SHAPE_Length": 1911.7946996064115, "SHAPE_Area": 225801.4226232479 }, "geometry": { "type": "MultiPolygon", "coordinates": [ [ [ [ 40521390.1673, 3531827.897299999371171 ], [ 40521330.452299997210503, 3531814.569299999158829 ], [ 40521312.4643, 3531828.186299999710172 ], [ 40521309.085500001907349, 3531888.99849999928847 ], [ 40521313.800300002098083, 3531939.337499999441206 ], [ 40521292.19650000333786, 3532328.174099999479949 ], [ 40521303.609300002455711, 3532343.397499999497086 ], [ 40521317.49040325731039, 3532346.792482373770326 ], [ 40521331.376358024775982, 3532350.167567789088935 ], [ 40521345.267135612666607, 3532353.522749423515052 ], [ 40521359.162708275020123, 3532356.858020305167884 ], [ 40521373.063043586909771, 3532360.173373400699347 ], [ 40521386.968117795884609, 3532363.468802330549806 ], [ 40521400.877899996936321, 3532366.7443 ], [ 40521402.8697, 3532367.242299999110401 ], [ 40521404.84910000115633, 3532367.793499999679625 ], [ 40521406.817699998617172, 3532368.390700000338256 ], [ 40521408.7773, 3532369.026500000152737 ], [ 40521410.729500003159046, 3532369.6941 ], [ 40521412.676299996674061, 3532370.38649999955669 ], [ 40521414.618900001049042, 3532371.096100000198931 ], [ 40521416.559299997985363, 3532371.816299999598414 ], [ 40521418.4991, 3532372.5395 ], [ 40521420.4397, 3532373.258700000587851 ], [ 40521422.383299998939037, 3532373.966699999757111 ], [ 40521424.330899998545647, 3532374.65669999923557 ], [ 40521426.284699998795986, 3532375.3213 ], [ 40521428.246299996972084, 3532375.953299999237061 ], [ 40521430.216899998486042, 3532376.545699999667704 ], [ 40521432.198299996554852, 3532377.0913 ], [ 40521434.1923, 3532377.582899999339134 ], [ 40521438.229199886322021, 3532378.514675973914564 ], [ 40521442.266489021480083, 3532379.444774329196662 ], [ 40521446.304161064326763, 3532380.373195290099829 ], [ 40521450.342220298945904, 3532381.299938439857215 ], [ 40521454.38066291064024, 3532382.225003778468817 ], [ 40521458.419490337371826, 3532383.148391007445753 ], [ 40521462.458700001239777, 3532384.070099998731166 ], [ 40521469.862899996340275, 3532385.755099998787045 ], [ 40521483.177789770066738, 3532388.770313738379627 ], [ 40521496.49679946154356, 3532391.767293989192694 ], [ 40521509.819898597896099, 3532394.746035336982459 ], [ 40521523.147062294185162, 3532397.706532239448279 ], [ 40521536.478267662227154, 3532400.648778855334967 ], [ 40521549.813486181199551, 3532403.572769998107105 ], [ 40521563.1527, 3532406.478500000666827 ], [ 40521565.166299998760223, 3532406.882299999706447 ], [ 40521567.192699998617172, 3532407.2275 ], [ 40521569.229900002479553, 3532407.521899999585003 ], [ 40521571.276500001549721, 3532407.773099998943508 ], [ 40521573.330700002610683, 3532407.989099998958409 ], [ 40521575.390699997544289, 3532408.177499999757856 ], [ 40521577.454899996519089, 3532408.3459 ], [ 40521579.521499998867512, 3532408.502299999818206 ], [ 40521581.589100003242493, 3532408.654500000178814 ], [ 40521583.655699998140335, 3532408.810100000817329 ], [ 40521585.719700001180172, 3532408.976899999659508 ], [ 40521587.779700003564358, 3532409.16249999916181 ], [ 40521589.833700001239777, 3532409.375099999830127 ], [ 40521591.8803, 3532409.621899999212474 ], [ 40521592.5577, 3532409.718099999707192 ], [ 40521610.684500001370907, 3532413.355299999471754 ], [ 40521620.521582946181297, 3532415.436472534202039 ], [ 40521630.360761635005474, 3532417.507724344264716 ], [ 40521640.202022545039654, 3532419.569053411018103 ], [ 40521650.045356743037701, 3532421.620457648765296 ], [ 40521659.890754692256451, 3532423.661934792529792 ], [ 40521669.738204345107079, 3532425.693482994101942 ], [ 40521679.587700001895428, 3532427.715099999215454 ], [ 40521702.1307, 3532435.874899999704212 ], [ 40521710.1113, 3532437.49170000012964 ], [ 40521735.881899997591972, 3531901.473099999595433 ], [ 40521420.2095, 3531831.016499999444932 ], [ 40521390.1673, 3531827.897299999371171 ] ] ] ] } },
{ "type": "Feature", "properties": { "OBJECTID": 10056, "DKBH": "ZC-CZ-B02-04", "YDDM": "G1", "DKMJ": 72029.8, "YDJRX": " ", "RJL": " ", "JZMD": " ", "LDL": "≥65%", "JDCW": " ", "DTSTZB": " ", "CSSJZB": " ", "REMARK": " ", "PLANNAME": "《江阴市中心城区主城控制性详细规划》（城西片区）调整", "PLANDATE": "2022-06-15T00:00:00Z", "PLANUNIT": "江阴市城乡规划设计院", "PASSDATE": "2022-07-15T00:00:00Z", "STARTTIME": "2022-08-03T16:39:42Z", "FGUID": null, "CADNAME": "08G1公园绿地", "DXKJKF": " ", "YDXZ": "公园绿地", "FTZMC": "ZC-CZ-B02-01-21.dwg", "JZGD": "/", "JC": null, "SHAPE_Length": 1211.5238168283122, "SHAPE_Area": 72029.813383593617 }, "geometry": { "type": "MultiPolygon", "coordinates": [ [ [ [ 40521449.627700001001358, 3531357.172299999278039 ], [ 40521360.715499997138977, 3531347.722099999897182 ], [ 40521337.5273, 3531367.452900000382215 ], [ 40521334.4291, 3531423.863700000569224 ], [ 40521329.837499998509884, 3531443.6418999992311 ], [ 40521318.3257, 3531653.238699998706579 ], [ 40521320.17509999871254, 3531683.385899999178946 ], [ 40521315.982100002467632, 3531759.723299999255687 ], [ 40521328.472900003194809, 3531776.216699998825788 ], [ 40521372.392700001597404, 3531786.0195 ], [ 40521391.1501, 3531793.792299999855459 ], [ 40521526.814499996602535, 3531824.071699999738485 ], [ 40521524.249213434755802, 3531804.488358734641224 ], [ 40521521.542642585933208, 3531784.924043595325202 ], [ 40521518.694925300776958, 3531765.379774093162268 ], [ 40521515.706214897334576, 3531745.856568455230445 ], [ 40521512.576663963496685, 3531726.355443655978888 ], [ 40521509.306433893740177, 3531706.877416013274342 ], [ 40521505.8957, 3531687.423499999102205 ], [ 40521483.6853, 3531563.3755 ], [ 40521467.402900002896786, 3531472.436299999244511 ], [ 40521466.445807233452797, 3531467.055821540299803 ], [ 40521465.500898361206055, 3531461.673190057277679 ], [ 40521464.568183891475201, 3531456.288432836066931 ], [ 40521463.647659294307232, 3531450.901577591430396 ], [ 40521462.73933219909668, 3531445.512651979923248 ], [ 40521461.843212857842445, 3531440.121683480683714 ], [ 40521460.959299996495247, 3531434.728699999395758 ], [ 40521459.186384722590446, 3531423.672340393066406 ], [ 40521457.46478271484375, 3531412.607875049114227 ], [ 40521455.79452895373106, 3531401.535541891586035 ], [ 40521454.175661079585552, 3531390.45557928038761 ], [ 40521452.608207702636719, 3531379.368225634098053 ], [ 40521451.092211291193962, 3531368.273719549179077 ], [ 40521449.627700001001358, 3531357.172299999278039 ] ] ] ] } },
{ "type": "Feature", "properties": { "OBJECTID": 10224, "DKBH": "ZC-CZ-A05-11", "YDDM": "R2", "DKMJ": 63580.2, "YDJRX": "A、B、S、G", "RJL": "≤2.5", "JZMD": "≤30%", "LDL": "≥30%", "JDCW": "0.8个/100M2", "DTSTZB": " ", "CSSJZB": " ", "REMARK": " ", "PLANNAME": "江阴市中心城区主城控制性详细规划", "PLANDATE": "2013-05-10T00:00:00Z", "PLANUNIT": "江阴市城乡规划设计院", "PASSDATE": "2013-05-25T00:00:00Z", "STARTTIME": "2014-08-15T12:00:00Z", "FGUID": "52874e69-b181-4c1a-8438-19f602174b12", "CADNAME": "01R2二类居住用地", "DXKJKF": " ", "YDXZ": "二类居住用地", "FTZMC": "ZC-CZ-A05-01-24.dwg", "JZGD": "/", "JC": " ", "SHAPE_Length": 995.34302358532943, "SHAPE_Area": 63579.208492259379 }, "geometry": { "type": "MultiPolygon", "coordinates": [ [ [ [ 40519756.100000001490116, 3529780.5608 ], [ 40519731.183600001037121, 3529776.506799999624491 ], [ 40519621.970200002193451, 3529774.081899999175221 ], [ 40519591.8997, 3529776.91509999986738 ], [ 40519528.414700001478195, 3529775.505600000265986 ], [ 40519508.034999996423721, 3529795.05820000031963 ], [ 40519504.960500001907349, 3529954.976100000552833 ], [ 40519524.5647, 3529975.64780000038445 ], [ 40519692.1448, 3529981.30919999955222 ], [ 40519813.487099997699261, 3529985.408599998801947 ], [ 40519829.122699998319149, 3529970.208599999547005 ], [ 40519828.763099998235703, 3529953.9789 ], [ 40519827.863799996674061, 3529937.770200000144541 ], [ 40519826.425899997353554, 3529921.6003 ], [ 40519812.756399996578693, 3529792.295399999711663 ], [ 40519801.089199997484684, 3529781.559799999464303 ], [ 40519756.100000001490116, 3529780.5608 ] ] ] ] } },
{ "type": "Feature", "properties": { "OBJECTID": 10226, "DKBH": "ZC-CZ-A05-12", "YDDM": "A1", "DKMJ": 12647.4, "YDJRX": " ", "RJL": "1.5-4.0", "JZMD": "≤40%", "LDL": "≥30%", "JDCW": "1.0个/100M2", "DTSTZB": " ", "CSSJZB": " ", "REMARK": " ", "PLANNAME": "江阴市中心城区主城控制性详细规划", "PLANDATE": "2013-05-10T00:00:00Z", "PLANUNIT": "江阴市城乡规划设计院", "PASSDATE": "2013-05-25T00:00:00Z", "STARTTIME": "2014-08-15T12:00:00Z", "FGUID": "bddcb256-cb4a-48fc-b0eb-4b1ead0b5c31", "CADNAME": "02A1行政办公用地", "DXKJKF": " ", "YDXZ": "行政办公用地", "FTZMC": "ZC-CZ-A05-01-24.dwg", "JZGD": "/", "JC": " ", "SHAPE_Length": 632.03975594679775, "SHAPE_Area": 12640.993513528098 }, "geometry": { "type": "MultiPolygon", "coordinates": [ [ [ [ 40519713.277999997138977, 3529752.102999999653548 ], [ 40519738.3496999964118, 3529749.158799999859184 ], [ 40519794.836400002241135, 3529750.41309999814257 ], [ 40519807.1008, 3529738.633099999744445 ], [ 40519807.914899997413158, 3529693.640099999494851 ], [ 40519808.053999997675419, 3529692.763800000306219 ], [ 40519781.9723, 3529694.839699999429286 ], [ 40519740.233900003135204, 3529696.750900000799447 ], [ 40519673.905299998819828, 3529697.490600000135601 ], [ 40519658.709600001573563, 3529698.493499998934567 ], [ 40519643.571400001645088, 3529700.151 ], [ 40519628.518700003623962, 3529702.459999999031425 ], [ 40519613.579800002276897, 3529705.416299999225885 ], [ 40519598.782200001180172, 3529709.014300000853837 ], [ 40519584.1536, 3529713.247299998998642 ], [ 40519569.7212999984622, 3529718.107500000391155 ], [ 40519555.512000001966953, 3529723.585699998307973 ], [ 40519530.338699996471405, 3529733.486999999731779 ], [ 40519521.8658, 3529736.605399999767542 ], [ 40519529.46, 3529744.52089999942109 ], [ 40519574.449199996888638, 3529745.519899999257177 ], [ 40519594.366700001060963, 3529749.462899999227375 ], [ 40519713.277999997138977, 3529752.102999999653548 ] ] ] ] } },
{ "type": "Feature", "properties": { "OBJECTID": 10284, "DKBH": "ZC-CZ-A03-16", "YDDM": "R2", "DKMJ": 101146.2, "YDJRX": "A、B、S、G", "RJL": "≤2.5", "JZMD": "≤30%", "LDL": "≥30%", "JDCW": "0.8个/100㎡", "DTSTZB": " ", "CSSJZB": " ", "REMARK": " ", "PLANNAME": "江阴市中心城区主城控制性详细规划", "PLANDATE": "2014-05-10T00:00:00Z", "PLANUNIT": "江阴市城乡规划设计院", "PASSDATE": "2014-05-25T00:00:00Z", "STARTTIME": "2015-12-01T12:00:00Z", "FGUID": " ", "CADNAME": "01R2二类居住用地", "DXKJKF": " ", "YDXZ": "二类居住用地", "FTZMC": "ZC-CZ-A03-01-20.dwg", "JZGD": "/", "JC": " ", "SHAPE_Length": 1493.2489428534388, "SHAPE_Area": 105865.61816074856 }, "geometry": { "type": "MultiPolygon", "coordinates": [ [ [ [ 40519964.548, 3531312.366100000217557 ], [ 40519482.92059999704361, 3531283.40779999922961 ], [ 40519482.900600001215935, 3531284.453200001269579 ], [ 40519478.999200001358986, 3531304.328899999614805 ], [ 40519475.1703, 3531382.609799999278039 ], [ 40519607.648100003600121, 3531390.7492 ], [ 40519600.097099997103214, 3531555.804999999236315 ], [ 40519951.83839999884367, 3531573.01499999826774 ], [ 40519964.548, 3531312.366100000217557 ] ] ] ] } },
{ "type": "Feature", "properties": { "OBJECTID": 10335, "DKBH": "ZC-CZ-B05-75", "YDDM": "U15", "DKMJ": 4785.7, "YDJRX": " ", "RJL": "≤1.0", "JZMD": "≤45%", "LDL": "≥20%", "JDCW": " ", "DTSTZB": " ", "CSSJZB": " ", "REMARK": " ", "PLANNAME": "江阴市中心城区主城控制性详细规划", "PLANDATE": "2014-05-10T00:00:00Z", "PLANUNIT": "江阴市城乡规划设计院", "PASSDATE": "2014-05-25T00:00:00Z", "STARTTIME": "2014-10-10T12:00:00Z", "FGUID": "d04ced3d-3d18-4134-b547-65ccb837193f", "CADNAME": "07U15通信用地", "DXKJKF": " ", "YDXZ": "通信用地", "FTZMC": "ZC-CZ-B05-19-52.dwg", "JZGD": "/", "JC": " ", "SHAPE_Length": 272.16191348410075, "SHAPE_Area": 4785.7487794233712 }, "geometry": { "type": "MultiPolygon", "coordinates": [ [ [ [ 40523505.9586, 3531467.629300000146031 ], [ 40523459.6615, 3531455.2972 ], [ 40523438.4784, 3531468.260799999348819 ], [ 40523426.5849, 3531523.491199999116361 ], [ 40523425.0242, 3531527.338600000366569 ], [ 40523486.892899997532368, 3531540.661799999885261 ], [ 40523505.9586, 3531467.629300000146031 ] ] ] ] } },
{ "type": "Feature", "properties": { "OBJECTID": 10336, "DKBH": "ZC-CZ-B05-24", "YDDM": "U16", "DKMJ": 4699.1, "YDJRX": " ", "RJL": "≤0.8", "JZMD": "≤45%", "LDL": "≥20%", "JDCW": " ", "DTSTZB": " ", "CSSJZB": " ", "REMARK": " ", "PLANNAME": "江阴市中心城区主城控制性详细规划", "PLANDATE": "2014-05-10T00:00:00Z", "PLANUNIT": "江阴市城乡规划设计院", "PASSDATE": "2014-05-25T00:00:00Z", "STARTTIME": "2014-10-10T12:00:00Z", "FGUID": "31210762-6f72-4197-a925-fa661bf593ed", "CADNAME": "07U16广播电视用地", "DXKJKF": " ", "YDXZ": "广播电视用地", "FTZMC": "ZC-CZ-B05-19-52.dwg", "JZGD": "/", "JC": " ", "SHAPE_Length": 268.66375038728086, "SHAPE_Area": 4699.183485441773 }, "geometry": { "type": "MultiPolygon", "coordinates": [ [ [ [ 40523486.892899997532368, 3531540.661799999885261 ], [ 40523425.0242, 3531527.338600000366569 ], [ 40523418.952799998223782, 3531542.30629999935627 ], [ 40523409.2628, 3531587.303699999582022 ], [ 40523417.601400002837181, 3531600.793799999170005 ], [ 40523467.827299997210503, 3531613.694399999454618 ], [ 40523486.892899997532368, 3531540.661799999885261 ] ] ] ] } },
{ "type": "Feature", "properties": { "OBJECTID": 10338, "DKBH": "ZC-CZ-A03-13", "YDDM": "R2", "DKMJ": 112313.4, "YDJRX": "A、B、S、G", "RJL": "≤2.5", "JZMD": "≤30%", "LDL": "≥30%", "JDCW": "0.8个/100M2", "DTSTZB": " ", "CSSJZB": " ", "REMARK": " ", "PLANNAME": "江阴市中心城区主城控制性详细规划", "PLANDATE": "2013-05-10T00:00:00Z", "PLANUNIT": "江阴市城乡规划设计院", "PASSDATE": "2013-05-25T00:00:00Z", "STARTTIME": "2014-08-15T12:00:00Z", "FGUID": "f9032a0a-420b-4fb5-bc41-4a425864fc3b", "CADNAME": "01R2二类居住用地", "DXKJKF": " ", "YDXZ": "二类居住用地", "FTZMC": "ZC-CZ-A03-01-20.dwg", "JZGD": "/", "JC": " ", "SHAPE_Length": 1434.6014120399832, "SHAPE_Area": 112318.9305194972 }, "geometry": { "type": "MultiPolygon", "coordinates": [ [ [ [ 40519941.404700003564358, 3531602.5406 ], [ 40519578.917099997401237, 3531584.80489999987185 ], [ 40519548.781599998474121, 3531586.8347 ], [ 40519488.852899998426437, 3531583.9024 ], [ 40519467.899499997496605, 3531602.901399998925626 ], [ 40519465.139200001955032, 3531659.334299999289215 ], [ 40519460.666199997067451, 3531679.139700000174344 ], [ 40519459.6197, 3531700.535099999513477 ], [ 40519459.799400001764297, 3531705.211899999529123 ], [ 40519474.873400002717972, 3531705.963999998755753 ], [ 40519471.527199998497963, 3531797.358099998906255 ], [ 40519591.9797, 3531802.842299999203533 ], [ 40519590.326800003647804, 3531836.632999999448657 ], [ 40519874.014300003647804, 3531849.549399999435991 ], [ 40519900.967699997127056, 3531851.156600000802428 ], [ 40519927.8653, 3531853.521000000182539 ], [ 40519941.404700003564358, 3531602.5406 ] ] ] ] } },
{ "type": "Feature", "properties": { "OBJECTID": 10339, "DKBH": "ZC-CZ-A04-24", "YDDM": "RB", "DKMJ": 9870.4, "YDJRX": "A、B、S、U、G", "RJL": "1.2-3.0", "JZMD": "≤55%", "LDL": "≥15%", "JDCW": "0.7个/100M2", "DTSTZB": " ", "CSSJZB": " ", "REMARK": " ", "PLANNAME": "江阴市中心城区主城控制性详细规划", "PLANDATE": "2013-05-10T00:00:00Z", "PLANUNIT": "江阴市城乡规划设计院", "PASSDATE": "2013-05-25T00:00:00Z", "STARTTIME": "2014-08-15T12:00:00Z", "FGUID": "1c53dd5a-4de7-45b0-9488-596332c6668e", "CADNAME": "01RB商住混合用地", "DXKJKF": " ", "YDXZ": "商住混合用地", "FTZMC": "ZC-CZ-A04-21-36.dwg", "JZGD": "/", "JC": " ", "SHAPE_Length": 423.46417259513271, "SHAPE_Area": 9876.7537032839555 }, "geometry": { "type": "MultiPolygon", "coordinates": [ [ [ [ 40520297.5458, 3530930.477999999653548 ], [ 40520208.7548, 3530926.13910000026226 ], [ 40520207.89580000191927, 3530935.9512 ], [ 40520206.359399996697903, 3530945.6801 ], [ 40520204.152900002896786, 3530955.279400000348687 ], [ 40520201.287, 3530964.702899999450892 ], [ 40520197.7755, 3530973.905199998989701 ], [ 40520193.6351, 3530982.842399999499321 ], [ 40520188.885799996554852, 3530991.471300000324845 ], [ 40520183.550300002098083, 3530999.750699998345226 ], [ 40520177.654399998486042, 3531007.640700000338256 ], [ 40520171.226300001144409, 3531015.1034 ], [ 40520164.296800002455711, 3531022.103199999779463 ], [ 40520295.125600002706051, 3531025.788299999665469 ], [ 40520297.397299997508526, 3530935.742700000293553 ], [ 40520297.5458, 3530930.477999999653548 ] ] ] ] } },
{ "type": "Feature", "properties": { "OBJECTID": 10354, "DKBH": "ZC-CZ-A05-13", "YDDM": "G1", "DKMJ": 8850.3, "YDJRX": " ", "RJL": " ", "JZMD": " ", "LDL": "≥65%", "JDCW": " ", "DTSTZB": " ", "CSSJZB": " ", "REMARK": " ", "PLANNAME": "江阴市中心城区主城控制性详细规划", "PLANDATE": "2013-05-10T00:00:00Z", "PLANUNIT": "江阴市城乡规划设计院", "PASSDATE": "2013-05-25T00:00:00Z", "STARTTIME": "2014-08-15T12:00:00Z", "FGUID": "63f775fd-f92d-44cd-aa14-0b56acf5518d", "CADNAME": "08G1公园绿地", "DXKJKF": " ", "YDXZ": "公园绿地", "FTZMC": "ZC-CZ-A05-01-24.dwg", "JZGD": "/", "JC": " ", "SHAPE_Length": 660.75980133822907, "SHAPE_Area": 8852.7428790967551 }, "geometry": { "type": "MultiPolygon", "coordinates": [ [ [ [ 40519811.866800002753735, 3529668.707100000698119 ], [ 40519811.99719999730587, 3529661.502799999434501 ], [ 40519619.936999998986721, 3529673.552199999801815 ], [ 40519579.554499998688698, 3529685.3596 ], [ 40519539.353, 3529697.76909999968484 ], [ 40519513.212899997830391, 3529707.818399999756366 ], [ 40519512.840400002896786, 3529727.198199999518692 ], [ 40519521.8658, 3529736.605399999767542 ], [ 40519530.338699996471405, 3529733.486999999731779 ], [ 40519555.512000001966953, 3529723.585699998307973 ], [ 40519569.7212999984622, 3529718.107500000391155 ], [ 40519584.1536, 3529713.247299998998642 ], [ 40519598.782200001180172, 3529709.014300000853837 ], [ 40519613.579800002276897, 3529705.416299999225885 ], [ 40519628.518700003623962, 3529702.459999999031425 ], [ 40519643.571400001645088, 3529700.151 ], [ 40519658.709600001573563, 3529698.493499998934567 ], [ 40519673.905299998819828, 3529697.490600000135601 ], [ 40519740.233900003135204, 3529696.750900000799447 ], [ 40519781.9723, 3529694.839699999429286 ], [ 40519808.053999997675419, 3529692.763800000306219 ], [ 40519811.866800002753735, 3529668.707100000698119 ] ] ] ] } },
{ "type": "Feature", "properties": { "OBJECTID": 10355, "DKBH": "ZC-CZ-A05-14", "YDDM": "G1", "DKMJ": 16710.7, "YDJRX": " ", "RJL": " ", "JZMD": " ", "LDL": "≥65%", "JDCW": " ", "DTSTZB": " ", "CSSJZB": " ", "REMARK": " ", "PLANNAME": "江阴市中心城区主城控制性详细规划", "PLANDATE": "2013-05-10T00:00:00Z", "PLANUNIT": "江阴市城乡规划设计院", "PASSDATE": "2013-05-25T00:00:00Z", "STARTTIME": "2014-08-15T12:00:00Z", "FGUID": "8a5dd56d-3e81-4306-8e80-262d86a9669d", "CADNAME": "08G1公园绿地", "DXKJKF": " ", "YDXZ": "公园绿地", "FTZMC": "ZC-CZ-A05-01-24.dwg", "JZGD": "/", "JC": " ", "SHAPE_Length": 720.63783679723031, "SHAPE_Area": 16711.62345944369 }, "geometry": { "type": "MultiPolygon", "coordinates": [ [ [ [ 40519801.1135, 3529589.093999999109656 ], [ 40519523.803000003099442, 3529588.510799999814481 ], [ 40519511.779799997806549, 3529600.28019999852404 ], [ 40519511.387999996542931, 3529620.649599998723716 ], [ 40519514.3108000010252, 3529650.71169999986887 ], [ 40519513.8332, 3529675.551699999719858 ], [ 40519532.496, 3529668.170999999623746 ], [ 40519614.3662, 3529644.0756 ], [ 40519812.544100001454353, 3529631.27849999954924 ], [ 40519813.0863, 3529601.311200000345707 ], [ 40519801.1135, 3529589.093999999109656 ] ] ] ] } },
{ "type": "Feature", "properties": { "OBJECTID": 10369, "DKBH": "ZC-CZ-B05-53", "YDDM": "R2", "DKMJ": 193271.6, "YDJRX": "A、B、S、G", "RJL": "≤2.5", "JZMD": "≤30%", "LDL": "≥30%", "JDCW": "0.6个/100M2", "DTSTZB": " ", "CSSJZB": " ", "REMARK": " ", "PLANNAME": "江阴市中心城区主城控制性详细规划", "PLANDATE": "2013-05-10T00:00:00Z", "PLANUNIT": "江阴市城乡规划设计院", "PASSDATE": "2013-05-25T00:00:00Z", "STARTTIME": "2014-08-15T12:00:00Z", "FGUID": "fa6e665c-8fc6-42cb-a14c-a54d1d08e9b0", "CADNAME": "01R2二类居住用地", "DXKJKF": " ", "YDXZ": "二类居住用地", "FTZMC": "ZC-CZ-B05-53-73.dwg", "JZGD": "/", "JC": " ", "SHAPE_Length": 1992.8256993076377, "SHAPE_Area": 193277.55789860844 }, "geometry": { "type": "MultiPolygon", "coordinates": [ [ [ [ 40523501.0154, 3530569.264399999286979 ], [ 40523492.8107, 3530372.547899999190122 ], [ 40523488.065499998629093, 3530342.73079999955371 ], [ 40523486.386200003325939, 3530302.5028 ], [ 40523484.8415, 3530265.468599999789149 ], [ 40523468.271499998867512, 3530247.746499999891967 ], [ 40523423.537299998104572, 3530242.85789999878034 ], [ 40523404.035800002515316, 3530237.2059 ], [ 40523308.325599998235703, 3530226.746799999848008 ], [ 40523293.051600001752377, 3530224.84499999973923 ], [ 40523277.841700002551079, 3530222.484899999573827 ], [ 40523262.709700003266335, 3530219.66869999980554 ], [ 40523247.669100001454353, 3530216.3989 ], [ 40523194.133500002324581, 3530203.914699998218566 ], [ 40523009.762699998915195, 3530160.920199998654425 ], [ 40522979.751500003039837, 3530157.515800000168383 ], [ 40522921.3187, 3530143.889599999878556 ], [ 40522899.246699996292591, 3530160.656699999701232 ], [ 40522896.8556, 3530217.0447 ], [ 40522892.51129999756813, 3530236.878600000403821 ], [ 40522890.643299996852875, 3530280.93019999936223 ], [ 40522892.445600003004074, 3530321.0428 ], [ 40522888.208700001239777, 3530420.954099999275059 ], [ 40522898.4221, 3530436.554499999154359 ], [ 40522950.935000002384186, 3530456.86809999961406 ], [ 40522968.325499996542931, 3530467.347899999469519 ], [ 40523134.442100003361702, 3530531.606699999421835 ], [ 40523159.002700001001358, 3530466.0131 ], [ 40523294.8961, 3530517.290600000414997 ], [ 40523282.928400002419949, 3530548.249399999156594 ], [ 40523429.065499998629093, 3530604.702699999790639 ], [ 40523500.135499998927116, 3530632.157299998681992 ], [ 40523498.351800002157688, 3530589.392499999608845 ], [ 40523501.0154, 3530569.264399999286979 ] ] ] ] } },
{ "type": "Feature", "properties": { "OBJECTID": 10374, "DKBH": "ZC-CZ-A05-64", "YDDM": "G2", "DKMJ": 5706.2, "YDJRX": " ", "RJL": " ", "JZMD": " ", "LDL": "≥80%", "JDCW": " ", "DTSTZB": " ", "CSSJZB": " ", "REMARK": " ", "PLANNAME": "《江阴市中心城区主城控制性详细规划》（城西片区）调整", "PLANDATE": "2022-06-15T00:00:00Z", "PLANUNIT": "江阴市城乡规划设计院", "PASSDATE": "2022-07-15T00:00:00Z", "STARTTIME": "2022-08-03T16:39:42Z", "FGUID": null, "CADNAME": "08G2防护绿地", "DXKJKF": " ", "YDXZ": "防护绿地", "FTZMC": "ZC-CZ-A05-46-74.dwg", "JZGD": "/", "JC": null, "SHAPE_Length": 441.85045435821814, "SHAPE_Area": 5706.1621485043452 }, "geometry": { "type": "MultiPolygon", "coordinates": [ [ [ [ 40521396.02929999679327, 3529618.33229999942705 ], [ 40521397.7069, 3529588.1379 ], [ 40521392.807899996638298, 3529588.466899999883026 ], [ 40521382.4133, 3529589.164699999149889 ], [ 40521295.647100001573563, 3529594.989899999462068 ], [ 40521267.836900003254414, 3529595.8687 ], [ 40521250.259099997580051, 3529595.954299999400973 ], [ 40521229.089699998497963, 3529595.576100000180304 ], [ 40521223.862300001084805, 3529595.295699999667704 ], [ 40521215.368699997663498, 3529594.497899999842048 ], [ 40521206.925300002098083, 3529593.2799 ], [ 40521206.185099996626377, 3529623.53669999865815 ], [ 40521215.204099997878075, 3529624.661099999211729 ], [ 40521224.264700002968311, 3529625.378100001253188 ], [ 40521240.505500003695488, 3529625.849699999205768 ], [ 40521257.427100002765656, 3529625.963900000788271 ], [ 40521285.408699996769428, 3529625.438299999572337 ], [ 40521369.021899998188019, 3529620.067300000227988 ], [ 40521391.130900003015995, 3529618.647099998779595 ], [ 40521396.02929999679327, 3529618.33229999942705 ] ] ] ] } },
{ "type": "Feature", "properties": { "OBJECTID": 10492, "DKBH": "ZC-CZ-B04-27", "YDDM": "RB", "DKMJ": 32053.1, "YDJRX": "A、B、S、U、G", "RJL": "≤4", "JZMD": "≤45%", "LDL": "≥20%", "JDCW": "0.7个/100M2", "DTSTZB": " ", "CSSJZB": " ", "REMARK": " ", "PLANNAME": "江阴市中心城区主城控制性详细规划", "PLANDATE": "2013-05-10T00:00:00Z", "PLANUNIT": "江阴市城乡规划设计院", "PASSDATE": "2013-05-25T00:00:00Z", "STARTTIME": "2014-08-15T12:00:00Z", "FGUID": "8da84587-e3e6-42b2-bda9-1dc620842fd5", "CADNAME": "01RB商住混合用地", "DXKJKF": " ", "YDXZ": "商住混合用地", "FTZMC": "ZC-CZ-B04-14-39.dwg", "JZGD": "/", "JC": " ", "SHAPE_Length": 758.19410579722569, "SHAPE_Area": 32053.685738274169 }, "geometry": { "type": "MultiPolygon", "coordinates": [ [ [ [ 40522359.920400001108646, 3530579.4381 ], [ 40522247.503600001335144, 3530552.336599999573082 ], [ 40522231.6853, 3530562.5469 ], [ 40522204.675800003111362, 3530704.633 ], [ 40522200.644199997186661, 3530744.58339999942109 ], [ 40522188.066799998283386, 3530810.748699999880046 ], [ 40522303.768299996852875, 3530827.812199999578297 ], [ 40522359.920400001108646, 3530579.4381 ] ] ] ] } },
{ "type": "Feature", "properties": { "OBJECTID": 10521, "DKBH": "ZC-CZ-A05-50", "YDDM": "S4", "DKMJ": 9089.4, "YDJRX": "/", "RJL": "/", "JZMD": "/", "LDL": "/", "JDCW": "/", "DTSTZB": null, "CSSJZB": null, "REMARK": null, "PLANNAME": "《江阴市中心城区主城控制性详细规划》（城西片区）调整", "PLANDATE": "2022-06-15T00:00:00Z", "PLANUNIT": "江阴市城乡规划设计院", "PASSDATE": "2022-07-15T00:00:00Z", "STARTTIME": "2022-08-03T16:39:42Z", "FGUID": null, "CADNAME": "06S4交通场站用地", "DXKJKF": null, "YDXZ": "交通场站用地", "FTZMC": "ZC-CZ-A05-46-74.dwg", "JZGD": "/", "JC": null, "SHAPE_Length": 447.78011965384667, "SHAPE_Area": 9089.3675776803266 }, "geometry": { "type": "MultiPolygon", "coordinates": [ [ [ [ 40521367.286300003528595, 3529852.421699999365956 ], [ 40521345.345299996435642, 3529852.147499999497086 ], [ 40521306.122500002384186, 3529989.242499998770654 ], [ 40521306.122500002384186, 3530032.331299999263138 ], [ 40521343.195699997246265, 3530033.583699999377131 ], [ 40521369.3675, 3530008.244900000747293 ], [ 40521373.816100001335144, 3529925.566300000529736 ], [ 40521377.9881, 3529852.555699999444187 ], [ 40521374.6307, 3529852.5137 ], [ 40521367.286300003528595, 3529852.421699999365956 ] ] ] ] } },
{ "type": "Feature", "properties": { "OBJECTID": 10523, "DKBH": "ZC-CZ-A05-66", "YDDM": "S41", "DKMJ": 33036.8, "YDJRX": " ", "RJL": " ", "JZMD": " ", "LDL": " ", "JDCW": " ", "DTSTZB": " ", "CSSJZB": " ", "REMARK": " ", "PLANNAME": "《江阴市中心城区主城控制性详细规划》（城西片区）调整", "PLANDATE": "2022-06-15T00:00:00Z", "PLANUNIT": "江阴市城乡规划设计院", "PASSDATE": "2022-07-15T00:00:00Z", "STARTTIME": "2022-08-03T16:39:42Z", "FGUID": null, "CADNAME": "06S41公共交通场站用地", "DXKJKF": " ", "YDXZ": "公共交通场站用地", "FTZMC": "ZC-CZ-A05-46-74.dwg", "JZGD": "/", "JC": null, "SHAPE_Length": 706.90142464112193, "SHAPE_Area": 33036.840415199906 }, "geometry": { "type": "MultiPolygon", "coordinates": [ [ [ [ 40521302.951300002634525, 3529356.987099999096245 ], [ 40521225.256899997591972, 3529355.086299999151379 ], [ 40521212.4547, 3529367.276899999473244 ], [ 40521208.416500002145767, 3529532.329899999778718 ], [ 40521216.0233, 3529533.961499999742955 ], [ 40521223.7249, 3529535.061099998652935 ], [ 40521231.4841, 3529535.623499998822808 ], [ 40521255.044299997389317, 3529535.68129999935627 ], [ 40521280.4181, 3529535.247499999590218 ], [ 40521305.7795, 3529534.346699999179691 ], [ 40521331.120300002396107, 3529532.979099999181926 ], [ 40521356.4313, 3529531.145299999509007 ], [ 40521385.0405, 3529528.80489999987185 ], [ 40521396.173299998044968, 3529527.894299998879433 ], [ 40521401.076300002634525, 3529527.49309999961406 ], [ 40521402.309299997985363, 3529505.300499998964369 ], [ 40521399.535499997437, 3529467.422099999617785 ], [ 40521404.292900003492832, 3529387.563699999358505 ], [ 40521381.7795, 3529362.417100000195205 ], [ 40521322.859899997711182, 3529360.975300000514835 ], [ 40521302.951300002634525, 3529356.987099999096245 ] ] ] ] } },
{ "type": "Feature", "properties": { "OBJECTID": 10600, "DKBH": "ZC-CZ-B05-14", "YDDM": "Rax", "DKMJ": 14820.9, "YDJRX": " ", "RJL": "≤1.0", "JZMD": "≤30%", "LDL": "≥35%", "JDCW": "0.6个/100生", "DTSTZB": " ", "CSSJZB": " ", "REMARK": " ", "PLANNAME": "江阴市中心城区主城控制性详细规划", "PLANDATE": "2014-05-10T00:00:00Z", "PLANUNIT": "江阴市城乡规划设计院", "PASSDATE": "2014-05-25T00:00:00Z", "STARTTIME": "2014-08-15T12:00:00Z", "FGUID": "3a67035c-daa7-4e0e-86bc-9b0e5232bf61", "CADNAME": "01Rax幼托用地", "DXKJKF": " ", "YDXZ": "幼托用地", "FTZMC": "ZC-CZ-B05-01-18.dwg", "JZGD": "/", "JC": "主城城中分区控规", "SHAPE_Length": 513.36620077965097, "SHAPE_Area": 14821.215820700783 }, "geometry": { "type": "MultiPolygon", "coordinates": [ [ [ [ 40523185.956, 3530583.7004 ], [ 40523127.4864, 3530561.082699998747557 ], [ 40523109.104400001466274, 3530639.871500000823289 ], [ 40523105.3766999989748, 3530675.14780000038445 ], [ 40523097.887500002980232, 3530738.376699999440461 ], [ 40523183.8635, 3530759.645999998785555 ], [ 40523191.924500003457069, 3530753.3794 ], [ 40523192.987400002777576, 3530594.03309999871999 ], [ 40523185.956, 3530583.7004 ] ] ] ] } },
{ "type": "Feature", "properties": { "OBJECTID": 10932, "DKBH": "ZC-CZ-B04-13", "YDDM": "R2", "DKMJ": 87201.6, "YDJRX": "A、B、S、G", "RJL": "≤2.5", "JZMD": "≤30%", "LDL": "≥30%", "JDCW": "0.6个/100M2", "DTSTZB": " ", "CSSJZB": " ", "REMARK": " ", "PLANNAME": "江阴市中心城区主城控制性详细规划", "PLANDATE": "2013-05-10T00:00:00Z", "PLANUNIT": "江阴市城乡规划设计院", "PASSDATE": "2013-05-25T00:00:00Z", "STARTTIME": "2014-08-15T12:00:00Z", "FGUID": "6b8ad4f8-6afb-426b-a373-b721e32eef7a", "CADNAME": "01R2二类居住用地", "DXKJKF": " ", "YDXZ": "二类居住用地", "FTZMC": "ZC-CZ-B04-01-13.dwg", "JZGD": "/", "JC": " ", "SHAPE_Length": 1178.3192527128613, "SHAPE_Area": 87203.244662604222 }, "geometry": { "type": "MultiPolygon", "coordinates": [ [ [ [ 40521962.806000001728535, 3530224.541799998376518 ], [ 40521885.4494, 3530204.143599999602884 ], [ 40521872.597599998116493, 3530213.562800000421703 ], [ 40521870.608499996364117, 3530254.936999999452382 ], [ 40521866.152099996805191, 3530274.745899999514222 ], [ 40521857.8402, 3530447.626899999100715 ], [ 40521865.548199996352196, 3530457.4148 ], [ 40522186.080700002610683, 3530518.595799999311566 ], [ 40522201.289300002157688, 3530508.253799999598414 ], [ 40522212.0299, 3530451.752899999264628 ], [ 40522216.0612, 3530411.8026 ], [ 40522234.7364, 3530313.560999999754131 ], [ 40522221.642399996519089, 3530292.794300000183284 ], [ 40522167.0176, 3530278.39039999851957 ], [ 40522148.5709, 3530269.906300000846386 ], [ 40521992.707000002264977, 3530228.806699999608099 ], [ 40521962.806000001728535, 3530224.541799998376518 ] ] ] ] } },
{ "type": "Feature", "properties": { "OBJECTID": 10933, "DKBH": "ZC-CZ-B04-33", "YDDM": "R2", "DKMJ": 81325.8, "YDJRX": "A、B、S、G", "RJL": "≤2.5", "JZMD": "≤30%", "LDL": "≥30%", "JDCW": "0.6个/100M2", "DTSTZB": " ", "CSSJZB": " ", "REMARK": " ", "PLANNAME": "江阴市中心城区主城控制性详细规划", "PLANDATE": "2013-05-10T00:00:00Z", "PLANUNIT": "江阴市城乡规划设计院", "PASSDATE": "2013-05-25T00:00:00Z", "STARTTIME": "2014-08-15T12:00:00Z", "FGUID": "7c9c1146-3299-44ad-acdf-5c4bc20cc4be", "CADNAME": "01R2二类居住用地", "DXKJKF": " ", "YDXZ": "二类居住用地", "FTZMC": "ZC-CZ-B04-14-39.dwg", "JZGD": "/", "JC": " ", "SHAPE_Length": 1153.5529147559005, "SHAPE_Area": 81327.3073213475 }, "geometry": { "type": "MultiPolygon", "coordinates": [ [ [ [ 40522585.6188, 3530388.770999999251217 ], [ 40522505.339599996805191, 3530367.602099999319762 ], [ 40522489.8864, 3530376.964100000914186 ], [ 40522479.907399997115135, 3530420.843999999575317 ], [ 40522472.059299997985363, 3530439.57010000012815 ], [ 40522442.444399997591972, 3530569.793099999893457 ], [ 40522448.9864, 3530580.337200000882149 ], [ 40522758.9855, 3530655.072200000751764 ], [ 40522779.248999997973442, 3530656.356999999843538 ], [ 40522808.4137, 3530663.3881 ], [ 40522824.405699998140335, 3530651.943300000391901 ], [ 40522828.227300003170967, 3530610.486700001172721 ], [ 40522828.413800001144409, 3530570.333999999798834 ], [ 40522837.5933, 3530470.755299999844283 ], [ 40522824.258500002324581, 3530451.697800000198185 ], [ 40522769.6725, 3530437.304099999368191 ], [ 40522751.2258, 3530428.820200000423938 ], [ 40522615.5198, 3530393.036000000312924 ], [ 40522585.6188, 3530388.770999999251217 ] ] ] ] } },
{ "type": "Feature", "properties": { "OBJECTID": 10934, "DKBH": "ZC-CZ-B04-05", "YDDM": "R2", "DKMJ": 58628.4, "YDJRX": "A、B、S、G", "RJL": "≤2.5", "JZMD": "≤30%", "LDL": "≥35%", "JDCW": "0.8个/100M2", "DTSTZB": " ", "CSSJZB": " ", "REMARK": " ", "PLANNAME": "江阴市中心城区主城控制性详细规划", "PLANDATE": "1899-12-30T00:00:01Z", "PLANUNIT": "江阴市城乡规划设计院", "PASSDATE": "1899-12-30T00:00:01Z", "STARTTIME": "2014-08-15T12:00:00Z", "FGUID": "9dfae6aa-6965-4fa4-ad8b-69b421e03a5e", "CADNAME": "01R2二类居住用地", "DXKJKF": " ", "YDXZ": "二类居住用地", "FTZMC": "ZC-CZ-B04-01-13.dwg", "JZGD": "/", "JC": " ", "SHAPE_Length": 937.97754907708156, "SHAPE_Area": 58629.494504635375 }, "geometry": { "type": "MultiPolygon", "coordinates": [ [ [ [ 40521999.699299998581409, 3531121.920599998440593 ], [ 40521834.871799997985363, 3531094.196699999738485 ], [ 40521826.427500002086163, 3531100.998100000433624 ], [ 40521819.35419999808073, 3531248.1222 ], [ 40521821.409400001168251, 3531278.255899999756366 ], [ 40521818.528099998831749, 3531338.187199998646975 ], [ 40521832.148900002241135, 3531354.084299999754876 ], [ 40521872.883699998259544, 3531358.413800000213087 ], [ 40521913.029799997806549, 3531359.161199999041855 ], [ 40522012.47070000320673, 3531369.730400000233203 ], [ 40522037.49719999730587, 3531351.154500000178814 ], [ 40522048.046400003135204, 3531295.659400000236928 ], [ 40522055.219999998807907, 3531276.66469999961555 ], [ 40522077.8904, 3531157.404799999669194 ], [ 40522063.079800002276897, 3531136.130499999038875 ], [ 40522018.84179999679327, 3531128.689699999522418 ], [ 40521999.699299998581409, 3531121.920599998440593 ] ] ] ] } },
{ "type": "Feature", "properties": { "OBJECTID": 10935, "DKBH": "ZC-CZ-B04-19", "YDDM": "RB", "DKMJ": 26073.3, "YDJRX": "A、B、S、U、G", "RJL": "≤2.8", "JZMD": "≤35%", "LDL": "≥30%", "JDCW": "0.7个/100M2", "DTSTZB": " ", "CSSJZB": " ", "REMARK": " ", "PLANNAME": "江阴市中心城区主城控制性详细规划", "PLANDATE": "2013-05-10T00:00:00Z", "PLANUNIT": "江阴市城乡规划设计院", "PASSDATE": "2013-05-25T00:00:00Z", "STARTTIME": "2014-08-15T12:00:00Z", "FGUID": "24d3d173-76a5-45f6-9f46-f1124598ca07", "CADNAME": "01RB商住混合用地", "DXKJKF": " ", "YDXZ": "商住混合用地", "FTZMC": "ZC-CZ-B04-14-39.dwg", "JZGD": "/", "JC": " ", "SHAPE_Length": 647.70235524557802, "SHAPE_Area": 26073.793978216254 }, "geometry": { "type": "MultiPolygon", "coordinates": [ [ [ [ 40522299.2232, 3530933.273699999321252 ], [ 40522196.625, 3530918.221499999053776 ], [ 40522167.22070000320673, 3530939.153100000694394 ], [ 40522157.4736, 3530990.428299999330193 ], [ 40522157.380199998617172, 3530990.919899998698384 ], [ 40522150.206799998879433, 3531009.914599999319762 ], [ 40522144.033299997448921, 3531042.390500000212342 ], [ 40522133.4819, 3531097.89629999967292 ], [ 40522148.179899998009205, 3531119.008600000292063 ], [ 40522192.556900002062321, 3531126.472799998708069 ], [ 40522211.6994, 3531133.241899999789894 ], [ 40522253.44990000128746, 3531140.264099998865277 ], [ 40522275.383500002324581, 3531041.078499999828637 ], [ 40522299.2232, 3530933.273699999321252 ] ] ] ] } },
{ "type": "Feature", "properties": { "OBJECTID": 10967, "DKBH": "ZC-CZ-B04-14", "YDDM": "RB", "DKMJ": 57377.0, "YDJRX": "A、B、S、U、G", "RJL": "≤3.0", "JZMD": "≤30%", "LDL": "≥30%", "JDCW": "0.7个/100M2", "DTSTZB": " ", "CSSJZB": " ", "REMARK": " ", "PLANNAME": "江阴市中心城区主城控制性详细规划", "PLANDATE": "2013-05-10T00:00:00Z", "PLANUNIT": "江阴市城乡规划设计院", "PASSDATE": "2013-05-25T00:00:00Z", "STARTTIME": "2014-08-15T12:00:00Z", "FGUID": "b9fc6aea-3f73-4d32-9168-4ed2a41855c8", "CADNAME": "01RB商住混合用地", "DXKJKF": " ", "YDXZ": "商住混合用地", "FTZMC": "ZC-CZ-B04-14-39.dwg", "JZGD": "/", "JC": " ", "SHAPE_Length": 982.18454569696905, "SHAPE_Area": 57378.050984027985 }, "geometry": { "type": "MultiPolygon", "coordinates": [ [ [ [ 40522422.39190000295639, 3531281.808099998626858 ], [ 40522117.1721, 3531232.614599999506027 ], [ 40522102.332099996507168, 3531243.021199999377131 ], [ 40522095.0819, 3531281.161299998871982 ], [ 40522094.785400003194809, 3531301.463299999479204 ], [ 40522083.580200001597404, 3531360.408300000242889 ], [ 40522099.79389999806881, 3531386.800699999555945 ], [ 40522154.061300002038479, 3531402.473699999041855 ], [ 40522172.305, 3531411.3857 ], [ 40522388.356700003147125, 3531473.783799999859184 ], [ 40522404.230099998414516, 3531463.314500000327826 ], [ 40522426.141500003635883, 3531286.805200000293553 ], [ 40522422.39190000295639, 3531281.808099998626858 ] ] ] ] } },
{ "type": "Feature", "properties": { "OBJECTID": 10968, "DKBH": "ZC-CZ-B04-12", "YDDM": "RB", "DKMJ": 88979.3, "YDJRX": "A、B、S、U、G", "RJL": "1.5-4.0", "JZMD": "≤55%", "LDL": "≥15%", "JDCW": "0.7个/100M2", "DTSTZB": " ", "CSSJZB": " ", "REMARK": " ", "PLANNAME": "江阴市中心城区主城控制性详细规划", "PLANDATE": "2013-05-10T00:00:00Z", "PLANUNIT": "江阴市城乡规划设计院", "PASSDATE": "2013-05-25T00:00:00Z", "STARTTIME": "2014-08-15T12:00:00Z", "FGUID": "d8250154-807c-44a6-ad9d-5ea233eeb2e9", "CADNAME": "01RB商住混合用地", "DXKJKF": " ", "YDXZ": "商住混合用地", "FTZMC": "ZC-CZ-B04-01-13.dwg", "JZGD": "/", "JC": " ", "SHAPE_Length": 1180.2283069131875, "SHAPE_Area": 88980.9542157018 }, "geometry": { "type": "MultiPolygon", "coordinates": [ [ [ [ 40522182.855499997735023, 3530538.3413 ], [ 40521867.219099998474121, 3530478.0948 ], [ 40521855.948700003325939, 3530486.970200000330806 ], [ 40521845.056400001049042, 3530713.5258 ], [ 40521847.111699998378754, 3530743.6595 ], [ 40521846.398400001227856, 3530758.494900000281632 ], [ 40521967.864200003445148, 3530778.2736 ], [ 40522141.529399998486042, 3530803.885400000493973 ], [ 40522145.613399997353554, 3530782.400500000920147 ], [ 40522152.786799997091293, 3530763.405799999367446 ], [ 40522192.7923, 3530552.954100000206381 ], [ 40522182.855499997735023, 3530538.3413 ] ] ] ] } },
{ "type": "Feature", "properties": { "OBJECTID": 11115, "DKBH": " ", "YDDM": "E11", "DKMJ": 5801.9, "YDJRX": " ", "RJL": " ", "JZMD": " ", "LDL": " ", "JDCW": " ", "DTSTZB": " ", "CSSJZB": " ", "REMARK": " ", "PLANNAME": "《江阴市中心城区主城控制性详细规划》（ZC-CZ-B04基本控制单元?", "PLANDATE": "2014-07-01T00:00:00Z", "PLANUNIT": "江阴市城乡规划设计院", "PASSDATE": "2014-07-12T00:00:00Z", "STARTTIME": "2014-09-24T12:00:00Z", "FGUID": "f111a359-1725-4b19-99b4-0e032da40a69", "CADNAME": "10E11自然水域", "DXKJKF": " ", "YDXZ": "自然水域", "FTZMC": " ", "JZGD": "/", "JC": "主城城中分区控规", "SHAPE_Length": 620.09550062249366, "SHAPE_Area": 5804.0206252814423 }, "geometry": { "type": "MultiPolygon", "coordinates": [ [ [ [ 40521845.187600001692772, 3530783.681699998211116 ], [ 40521844.302699998021126, 3530802.085400001145899 ], [ 40521845.991099998354912, 3530804.137299998197705 ], [ 40521883.760300002992153, 3530810.631999999750406 ], [ 40521921.590499997138977, 3530816.761300000362098 ], [ 40521959.478200003504753, 3530822.524799999780953 ], [ 40521959.782200001180172, 3530822.5696 ], [ 40522121.405299998819828, 3530846.350699999369681 ], [ 40522135.343099996447563, 3530836.428899998776615 ], [ 40522136.867299996316433, 3530828.410199999809265 ], [ 40521962.389300003647804, 3530802.737399999052286 ], [ 40521912.845200002193451, 3530795.127299999818206 ], [ 40521863.402900002896786, 3530786.881500000599772 ], [ 40521845.187600001692772, 3530783.681699998211116 ] ] ] ] } },
{ "type": "Feature", "properties": { "OBJECTID": 11116, "DKBH": " ", "YDDM": "E11", "DKMJ": 8435.5, "YDJRX": " ", "RJL": " ", "JZMD": " ", "LDL": " ", "JDCW": " ", "DTSTZB": " ", "CSSJZB": " ", "REMARK": " ", "PLANNAME": "《江阴市中心城区主城控制性详细规划》（ZC-CZ-B04基本控制单元?", "PLANDATE": "2014-07-01T00:00:00Z", "PLANUNIT": "江阴市城乡规划设计院", "PASSDATE": "2014-07-12T00:00:00Z", "STARTTIME": "2014-09-24T12:00:00Z", "FGUID": "8cecae81-0be0-44d3-82b3-6fa787b5c7e4", "CADNAME": "10E11自然水域", "DXKJKF": " ", "YDXZ": "自然水域", "FTZMC": " ", "JZGD": "/", "JC": "主城城中分区控规", "SHAPE_Length": 884.6527766032824, "SHAPE_Area": 8433.3851452876461 }, "geometry": { "type": "MultiPolygon", "coordinates": [ [ [ [ 40522346.627999998629093, 3530842.304999998770654 ], [ 40522403.991899996995926, 3530590.063000000547618 ], [ 40522384.547200001776218, 3530585.375200000591576 ], [ 40522327.125600002706051, 3530837.869800000451505 ], [ 40522326.125600002706051, 3530841.028999999165535 ], [ 40522324.617799997329712, 3530843.979700000490993 ], [ 40522322.643399998545647, 3530846.641000000294298 ], [ 40522320.256700001657009, 3530848.939699999522418 ], [ 40522317.523199997842312, 3530850.8128 ], [ 40522314.518, 3530852.208900000434369 ], [ 40522311.3235, 3530853.089599999133497 ], [ 40522308.027400001883507, 3530853.4307 ], [ 40522304.720299996435642, 3530853.223000000696629 ], [ 40522183.3766999989748, 3530835.420699998736382 ], [ 40522182.249700002372265, 3530841.35010000038892 ], [ 40522193.472800001502037, 3530857.116099999751896 ], [ 40522301.817100003361702, 3530873.011399999726564 ], [ 40522307.225100003182888, 3530873.433099998626858 ], [ 40522312.640500001609325, 3530873.119199999142438 ], [ 40522317.963600002229214, 3530872.075500000268221 ], [ 40522323.096500001847744, 3530870.32120000012219 ], [ 40522327.944899998605251, 3530867.888599999248981 ], [ 40522332.419600002467632, 3530864.822299998719245 ], [ 40522336.438299998641014, 3530861.178899998310953 ], [ 40522339.927000001072884, 3530857.0252 ], [ 40522342.8218, 3530852.437699998728931 ], [ 40522345.069200001657009, 3530847.50069999974221 ], [ 40522346.627999998629093, 3530842.304999998770654 ] ] ] ] } },
{ "type": "Feature", "properties": { "OBJECTID": 11134, "DKBH": "ZC-CZ-B05-15", "YDDM": "B1", "DKMJ": 8987.0, "YDJRX": "A、B、S、G", "RJL": "1.0-3.5", "JZMD": "≤50%", "LDL": "≥20%", "JDCW": "0.6个/100㎡", "DTSTZB": " ", "CSSJZB": " ", "REMARK": " ", "PLANNAME": "江阴市中心城区主城控制性详细规划", "PLANDATE": "2014-05-10T00:00:00Z", "PLANUNIT": "江阴市城乡规划设计院", "PASSDATE": "2014-05-25T00:00:00Z", "STARTTIME": "2014-10-10T12:00:00Z", "FGUID": "0d3a5470-d98a-455e-bcb1-8af3badee276", "CADNAME": "03B1商业用地", "DXKJKF": " ", "YDXZ": "商业用地", "FTZMC": "ZC-CZ-B05-01-18.dwg", "JZGD": "/", "JC": " ", "SHAPE_Length": 666.61699211210214, "SHAPE_Area": 8987.1348935531787 }, "geometry": { "type": "MultiPolygon", "coordinates": [ [ [ [ 40523297.165, 3530760.685099999886006 ], [ 40523208.0233, 3530738.632800000254065 ], [ 40523207.883199997246265, 3530759.667199998628348 ], [ 40523213.582000002264977, 3530766.997699999716133 ], [ 40523435.97860000282526, 3530822.0154 ], [ 40523456.2764, 3530823.431200000923127 ], [ 40523491.45440000295639, 3530832.133699998725206 ], [ 40523503.399400003254414, 3530823.018899999558926 ], [ 40523503.818499997258186, 3530806.032400000840425 ], [ 40523500.858900003135204, 3530786.257799999322742 ], [ 40523399.18469999730587, 3530785.923099999316037 ], [ 40523297.165, 3530760.685099999886006 ] ] ] ] } },
{ "type": "Feature", "properties": { "OBJECTID": 11196, "DKBH": "ZC-CZ-B07-23", "YDDM": "G2", "DKMJ": 7568.5, "YDJRX": " ", "RJL": " ", "JZMD": " ", "LDL": "≥80%", "JDCW": " ", "DTSTZB": " ", "CSSJZB": " ", "REMARK": " ", "PLANNAME": "《江阴市中心城区主城控制性详细规划》（通江路线形及沿线地块建", "PLANDATE": "2015-05-10T00:00:00Z", "PLANUNIT": "江阴市城乡规划设计院", "PASSDATE": "2015-06-19T00:00:00Z", "STARTTIME": "2015-08-19T12:00:00Z", "FGUID": " ", "CADNAME": "08G2防护绿地", "DXKJKF": " ", "YDXZ": "防护绿地", "FTZMC": "ZC-CZ-B07-17-40.dwg", "JZGD": "/", "JC": " ", "SHAPE_Length": 562.71396504507459, "SHAPE_Area": 7567.4900438673885 }, "geometry": { "type": "MultiPolygon", "coordinates": [ [ [ [ 40523918.0889, 3530036.193 ], [ 40523794.672700002789497, 3530015.646799999289215 ], [ 40523790.795699998736382, 3530045.389000000897795 ], [ 40523919.688699997961521, 3530067.197899999562651 ], [ 40523956.82320000231266, 3530074.401799999177456 ], [ 40523978.094300001859665, 3530080.164800000376999 ], [ 40524037.363799996674061, 3530093.885700000450015 ], [ 40524041.005400002002716, 3530063.989599999506027 ], [ 40524015.516000002622604, 3530057.999699998646975 ], [ 40523986.005599997937679, 3530051.065000000875443 ], [ 40523963.2685, 3530044.9784 ], [ 40523918.0889, 3530036.193 ] ] ] ] } },
{ "type": "Feature", "properties": { "OBJECTID": 11316, "DKBH": " ", "YDDM": "E11", "DKMJ": 9107.8, "YDJRX": " ", "RJL": " ", "JZMD": " ", "LDL": " ", "JDCW": " ", "DTSTZB": " ", "CSSJZB": " ", "REMARK": " ", "PLANNAME": "江阴市中心城区主城控制性详细规划", "PLANDATE": "2013-05-10T00:00:00Z", "PLANUNIT": "江阴市城乡规划设计院", "PASSDATE": "2013-05-25T00:00:00Z", "STARTTIME": "2014-08-15T12:00:00Z", "FGUID": "cdca8867-5bc8-4f35-95f9-428e3fc6d29d", "CADNAME": "10E11自然水域", "DXKJKF": " ", "YDXZ": "自然水域", "FTZMC": " ", "JZGD": "/", "JC": " ", "SHAPE_Length": 671.093713693273, "SHAPE_Area": 9111.8165224046552 }, "geometry": { "type": "MultiPolygon", "coordinates": [ [ [ [ 40519811.99719999730587, 3529661.502799999434501 ], [ 40519812.544100001454353, 3529631.27849999954924 ], [ 40519614.3662, 3529644.0756 ], [ 40519532.496, 3529668.170999999623746 ], [ 40519513.8332, 3529675.551699999719858 ], [ 40519513.212899997830391, 3529707.818399999756366 ], [ 40519539.353, 3529697.76909999968484 ], [ 40519579.554499998688698, 3529685.3596 ], [ 40519619.936999998986721, 3529673.552199999801815 ], [ 40519811.99719999730587, 3529661.502799999434501 ] ] ] ] } },
{ "type": "Feature", "properties": { "OBJECTID": 11435, "DKBH": "ZC-CZ-B02-06", "YDDM": "G1", "DKMJ": 16030.4, "YDJRX": " ", "RJL": " ", "JZMD": " ", "LDL": "≥65%", "JDCW": " ", "DTSTZB": " ", "CSSJZB": " ", "REMARK": " ", "PLANNAME": "《江阴市中心城区主城控制性详细规划》（城西片区）调整", "PLANDATE": "2022-06-15T00:00:00Z", "PLANUNIT": "江阴市城乡规划设计院", "PASSDATE": "2022-07-15T00:00:00Z", "STARTTIME": "2022-08-03T16:39:42Z", "FGUID": null, "CADNAME": "08G1公园绿地", "DXKJKF": " ", "YDXZ": "公园绿地", "FTZMC": "ZC-CZ-B02-01-21.dwg", "JZGD": "/", "JC": null, "SHAPE_Length": 1059.3832580333947, "SHAPE_Area": 16030.420724890197 }, "geometry": { "type": "MultiPolygon", "coordinates": [ [ [ [ 40521737.344099998474121, 3531871.060699999798089 ], [ 40521760.630900003015995, 3531386.708299999125302 ], [ 40521754.2025, 3531386.024899999145418 ], [ 40521749.1483, 3531479.9070999994874 ], [ 40521719.4525, 3531476.624699999112636 ], [ 40521715.131700001657009, 3531637.128299999516457 ], [ 40521702.92230000346899, 3531752.654699999839067 ], [ 40521679.4525, 3531858.13969999877736 ], [ 40521737.344099998474121, 3531871.060699999798089 ] ] ] ] } },
{ "type": "Feature", "properties": { "OBJECTID": 11437, "DKBH": "ZC-CZ-B04-03", "YDDM": "G1", "DKMJ": 14747.4, "YDJRX": " ", "RJL": " ", "JZMD": " ", "LDL": "≥65%", "JDCW": " ", "DTSTZB": " ", "CSSJZB": " ", "REMARK": " ", "PLANNAME": "《江阴市中心城区主城控制性详细规划》（城西片区）调整", "PLANDATE": "2022-06-15T00:00:00Z", "PLANUNIT": "江阴市城乡规划设计院", "PASSDATE": "2022-07-15T00:00:00Z", "STARTTIME": "2022-08-03T16:39:42Z", "FGUID": null, "CADNAME": "08G1公园绿地", "DXKJKF": " ", "YDXZ": "公园绿地", "FTZMC": "ZC-CZ-B04-01-13.dwg", "JZGD": "/", "JC": null, "SHAPE_Length": 2336.0906596704854, "SHAPE_Area": 14747.389735896297 }, "geometry": { "type": "MultiPolygon", "coordinates": [ [ [ [ 40521768.290299996733665, 3531229.202099999412894 ], [ 40521776.7513, 3531094.836699998937547 ], [ 40521777.44030000269413, 3531079.590700000524521 ], [ 40521780.7615, 3531026.7111 ], [ 40521783.699100002646446, 3530986.4347 ], [ 40521786.361699998378754, 3530952.836299998220056 ], [ 40521786.4727, 3530949.568099999334663 ], [ 40521787.954499997198582, 3530930.851499999407679 ], [ 40521790.918499998748302, 3530890.583100000862032 ], [ 40521792.542900003492832, 3530856.796100000385195 ], [ 40521782.635300002992153, 3530854.635099999140948 ], [ 40521780.936099998652935, 3530889.9759 ], [ 40521777.983499996364117, 3530930.0898999995552 ], [ 40521776.486100003123283, 3530949.003499999176711 ], [ 40521776.374899998307228, 3530952.271300000138581 ], [ 40521773.727700002491474, 3530985.675900000147521 ], [ 40521770.784500002861023, 3531026.031300000846386 ], [ 40521769.369099996984005, 3531048.371899999212474 ], [ 40521767.454300001263618, 3531079.05350000038743 ], [ 40521766.765500001609325, 3531094.296699999831617 ], [ 40521758.7025, 3531222.341499999631196 ], [ 40521579.312299996614456, 3531189.120299999136478 ], [ 40521530.3979, 3531180.228699999395758 ], [ 40521379.033299997448921, 3531152.197700000368059 ], [ 40521379.313100002706051, 3531147.164300001226366 ], [ 40521390.610299997031689, 3530943.844499998725951 ], [ 40521382.187299996614456, 3530943.432900000363588 ], [ 40521386.788099996745586, 3530860.257500000298023 ], [ 40521391.414499998092651, 3530774.835899998899549 ], [ 40521381.807300001382828, 3530781.892099999822676 ], [ 40521377.530500002205372, 3530855.142300000414252 ], [ 40521356.792900003492832, 3530957.419099999126047 ], [ 40521355.971500001847744, 3530972.18790000025183 ], [ 40521355.131099998950958, 3530987.299699999857694 ], [ 40521346.723499998450279, 3531138.479099999647588 ], [ 40521347.132700003683567, 3531151.374900000169873 ], [ 40521368.84009999781847, 3531155.394899998791516 ], [ 40521529.495700001716614, 3531185.1467 ], [ 40521578.40990000218153, 3531194.038099999073893 ], [ 40521768.290299996733665, 3531229.202099999412894 ] ] ] ] } },
{ "type": "Feature", "properties": { "OBJECTID": 11467, "DKBH": "ZC-CZ-B06-40", "YDDM": "G1", "DKMJ": 1865.2, "YDJRX": " ", "RJL": " ", "JZMD": " ", "LDL": "≥65%", "JDCW": " ", "DTSTZB": " ", "CSSJZB": " ", "REMARK": " ", "PLANNAME": "《江阴市中心城区主城控制性详细规划》（青山未来社区）调整", "PLANDATE": "2024-02-20T00:00:00Z", "PLANUNIT": "江阴市城乡规划设计院", "PASSDATE": "2024-03-20T00:00:00Z", "STARTTIME": "2024-04-10T16:59:23Z", "FGUID": null, "CADNAME": "08G1公园绿地", "DXKJKF": " ", "YDXZ": "公园绿地", "FTZMC": "ZC-CZ-B06-28-46.dwg", "JZGD": "/", "JC": null, "SHAPE_Length": 756.15060620104293, "SHAPE_Area": 1865.2209929112207 }, "geometry": { "type": "MultiPolygon", "coordinates": [ [ [ [ 40522600.586900003254414, 3529365.8213 ], [ 40522599.762100003659725, 3529345.652499999850988 ], [ 40522687.358499996364117, 3529353.987099999561906 ], [ 40522727.5101, 3529354.291299999225885 ], [ 40522791.956699997186661, 3529360.423299998510629 ], [ 40522802.622299998998642, 3529350.321299999486655 ], [ 40522801.203900001943111, 3529315.642699999734759 ], [ 40522803.475100003182888, 3529285.524699999485165 ], [ 40522800.232900001108646, 3529206.245299999136478 ], [ 40522795.221699997782707, 3529206.074699998833239 ], [ 40522798.467500001192093, 3529285.438499999698251 ], [ 40522796.1963, 3529315.556499999482185 ], [ 40522797.5335, 3529348.25429999968037 ], [ 40522790.1681, 3529355.230499999132007 ], [ 40522727.766500003635883, 3529349.293099998962134 ], [ 40522687.614699997007847, 3529348.988900000229478 ], [ 40522594.5321, 3529340.132299998775125 ], [ 40522595.563299998641014, 3529365.343299999367446 ], [ 40522600.586900003254414, 3529365.8213 ] ] ] ] } },
{ "type": "Feature", "properties": { "OBJECTID": 11468, "DKBH": "ZC-CZ-B06-20", "YDDM": "G1", "DKMJ": 785.5, "YDJRX": " ", "RJL": " ", "JZMD": " ", "LDL": "≥65%", "JDCW": " ", "DTSTZB": " ", "CSSJZB": " ", "REMARK": " ", "PLANNAME": "《江阴市中心城区主城控制性详细规划》（青山未来社区）调整", "PLANDATE": "2024-02-20T00:00:00Z", "PLANUNIT": "江阴市城乡规划设计院", "PASSDATE": "2024-03-20T00:00:00Z", "STARTTIME": "2024-04-10T16:59:23Z", "FGUID": null, "CADNAME": "08G1公园绿地", "DXKJKF": " ", "YDXZ": "公园绿地", "FTZMC": "ZC-CZ-B06-18-32.dwg", "JZGD": "/", "JC": null, "SHAPE_Length": 324.30673541468207, "SHAPE_Area": 785.46450169307047 }, "geometry": { "type": "MultiPolygon", "coordinates": [ [ [ [ 40522002.571099996566772, 3529179.0735 ], [ 40521997.523500002920628, 3529178.901499999221414 ], [ 40521985.3759, 3529247.31709999917075 ], [ 40521979.8275, 3529278.323499999009073 ], [ 40521971.2839, 3529317.614700000267476 ], [ 40521968.2755, 3529333.252899999730289 ], [ 40521973.3433, 3529333.376899998169392 ], [ 40521976.182499997317791, 3529318.618300000205636 ], [ 40521984.73309999704361, 3529279.295300000812858 ], [ 40521990.298299998044968, 3529248.194299999158829 ], [ 40522002.571099996566772, 3529179.0735 ] ] ] ] } },
{ "type": "Feature", "properties": { "OBJECTID": 11469, "DKBH": "ZC-CZ-B06-21", "YDDM": "G1", "DKMJ": 784.5, "YDJRX": " ", "RJL": " ", "JZMD": " ", "LDL": "≥65%", "JDCW": " ", "DTSTZB": " ", "CSSJZB": " ", "REMARK": " ", "PLANNAME": "《江阴市中心城区主城控制性详细规划》（青山未来社区）调整", "PLANDATE": "2024-02-20T00:00:00Z", "PLANUNIT": "江阴市城乡规划设计院", "PASSDATE": "2024-03-20T00:00:00Z", "STARTTIME": "2024-04-10T16:59:23Z", "FGUID": null, "CADNAME": "08G1公园绿地", "DXKJKF": " ", "YDXZ": "公园绿地", "FTZMC": "ZC-CZ-B06-18-32.dwg", "JZGD": "/", "JC": null, "SHAPE_Length": 323.90071597899112, "SHAPE_Area": 784.46102017262842 }, "geometry": { "type": "MultiPolygon", "coordinates": [ [ [ [ 40522022.7619, 3529179.761299999896437 ], [ 40522017.714100003242493, 3529179.589300000108778 ], [ 40522005.065499998629093, 3529250.826699999161065 ], [ 40521999.449500001966953, 3529282.210899999365211 ], [ 40521990.878300003707409, 3529321.629099999554455 ], [ 40521988.5467, 3529333.748899999074638 ], [ 40521993.614699997007847, 3529333.872899999376386 ], [ 40521995.7769, 3529322.63289999961853 ], [ 40522004.355099998414516, 3529283.182899999432266 ], [ 40522009.987899996340275, 3529251.704100000672042 ], [ 40522022.7619, 3529179.761299999896437 ] ] ] ] } },
{ "type": "Feature", "properties": { "OBJECTID": 11471, "DKBH": "ZC-CZ-B02-02", "YDDM": "G2", "DKMJ": 10393.8, "YDJRX": " ", "RJL": " ", "JZMD": " ", "LDL": "≥80%", "JDCW": " ", "DTSTZB": " ", "CSSJZB": " ", "REMARK": " ", "PLANNAME": "《江阴市中心城区主城控制性详细规划》（城西片区）调整", "PLANDATE": "2022-06-15T00:00:00Z", "PLANUNIT": "江阴市城乡规划设计院", "PASSDATE": "2022-07-15T00:00:00Z", "STARTTIME": "2022-08-03T16:39:42Z", "FGUID": null, "CADNAME": "08G2防护绿地", "DXKJKF": " ", "YDXZ": "防护绿地", "FTZMC": "ZC-CZ-B02-01-21.dwg", "JZGD": "/", "JC": null, "SHAPE_Length": 1430.7823188394505, "SHAPE_Area": 10393.843024052478 }, "geometry": { "type": "MultiPolygon", "coordinates": [ [ [ [ 40521765.597900003194809, 3531908.105299999006093 ], [ 40521755.692699998617172, 3531905.894699999596924 ], [ 40521729.941299997270107, 3532441.509299999568611 ], [ 40521787.976300001144409, 3532453.2675 ], [ 40521788.256534799933434, 3532453.323503176681697 ], [ 40521788.537025444209576, 3532453.37821203423664 ], [ 40521788.817766182124615, 3532453.431625246535987 ], [ 40521789.098749153316021, 3532453.483741759788245 ], [ 40521789.379970543086529, 3532453.534560381900519 ], [ 40521789.661421045660973, 3532453.58408014010638 ], [ 40521789.943099997937679, 3532453.632299999240786 ], [ 40521790.225215338170528, 3532453.679360253736377 ], [ 40521790.507520668208599, 3532453.725277840625495 ], [ 40521790.790008537471294, 3532453.770051955711097 ], [ 40521791.072673790156841, 3532453.813681959640235 ], [ 40521791.355514518916607, 3532453.856167137157172 ], [ 40521791.638524435460567, 3532453.897506697103381 ], [ 40521791.9217, 3532453.937699999660254 ], [ 40521792.205513283610344, 3532453.976865843869746 ], [ 40521792.48946189135313, 3532454.015043794643134 ], [ 40521792.773542396724224, 3532454.052233576308936 ], [ 40521793.057748787105083, 3532454.088434457313269 ], [ 40521793.342079155147076, 3532454.123645960818976 ], [ 40521793.626529976725578, 3532454.157868103124201 ], [ 40521793.9111, 3532454.191099999472499 ], [ 40521794.196290574967861, 3532454.223478482570499 ], [ 40521794.481575004756451, 3532454.255026399623603 ], [ 40521794.766948692500591, 3532454.285743712913245 ], [ 40521795.052410118281841, 3532454.315629958640784 ], [ 40521795.337957374751568, 3532454.344684898387641 ], [ 40521795.623588167130947, 3532454.37290828069672 ], [ 40521795.9093, 3532454.400300000328571 ], [ 40521796.195636577904224, 3532454.427031593862921 ], [ 40521796.482034675776958, 3532454.453090965282172 ], [ 40521796.768493644893169, 3532454.47847807360813 ], [ 40521797.055011741816998, 3532454.503192662727088 ], [ 40521797.34158705919981, 3532454.527234494220465 ], [ 40521797.628215618431568, 3532454.550603704992682 ], [ 40521797.914899997413158, 3532454.573299999814481 ], [ 40521798.202130950987339, 3532454.595412997994572 ], [ 40521798.48940085619688, 3532454.617012321483344 ], [ 40521798.776708595454693, 3532454.638097762595862 ], [ 40521799.064052574336529, 3532454.658669352065772 ], [ 40521799.351432792842388, 3532454.678726851474494 ], [ 40521799.638848938047886, 3532454.698270468506962 ], [ 40521799.926299996674061, 3532454.717299999669194 ], [ 40521800.214206457138062, 3532454.735909329727292 ], [ 40521800.502134315669537, 3532454.754163205157965 ], [ 40521800.790084831416607, 3532454.772061585914344 ], [ 40521801.078056327998638, 3532454.789604544173926 ], [ 40521801.366050712764263, 3532454.806791841518134 ], [ 40521801.654065847396851, 3532454.823623763397336 ], [ 40521801.942100003361702, 3532454.840099998749793 ], [ 40521802.230439536273479, 3532454.8563206740655 ], [ 40521802.518787384033203, 3532454.872343957424164 ], [ 40521802.807151786983013, 3532454.88816988421604 ], [ 40521803.095521919429302, 3532454.903798460494727 ], [ 40521803.383903503417969, 3532454.919229686260223 ], [ 40521803.672297827899456, 3532454.934463555458933 ], [ 40521803.960699997842312, 3532454.949500000104308 ], [ 40521805.98030000180006, 3532455.053299999330193 ], [ 40521807.999499998986721, 3532455.158699998632073 ], [ 40521808.287718079984188, 3532455.174326945561916 ], [ 40521808.575922004878521, 3532455.190230667125434 ], [ 40521808.86410903185606, 3532455.206411242019385 ], [ 40521809.152280800044537, 3532455.222868442069739 ], [ 40521809.440437309443951, 3532455.239602148067206 ], [ 40521809.728575013577938, 3532455.256612707395107 ], [ 40521810.0167, 3532455.273899999447167 ], [ 40521810.304470017552376, 3532455.291537798475474 ], [ 40521810.592214576900005, 3532455.309610664378852 ], [ 40521810.879928581416607, 3532455.328118681441993 ], [ 40521811.167615883052349, 3532455.347061633598059 ], [ 40521811.455274574458599, 3532455.366439520847052 ], [ 40521811.742902711033821, 3532455.386252320837229 ], [ 40521812.030500002205372, 3532455.406499999109656 ], [ 40521812.317609712481499, 3532455.427204800304025 ], [ 40521812.604673378169537, 3532455.4485033149831 ], [ 40521812.891693107783794, 3532455.470395683776587 ], [ 40521813.178667061030865, 3532455.492881655227393 ], [ 40521813.465593330562115, 3532455.515960990916938 ], [ 40521813.752471849322319, 3532455.539633823093027 ], [ 40521814.039300002157688, 3532455.56389999948442 ], [ 40521814.325537174940109, 3532455.588785506784916 ], [ 40521814.611709587275982, 3532455.614423572551459 ], [ 40521814.89781378954649, 3532455.640814542304724 ], [ 40521815.183845512568951, 3532455.6679577822797 ], [ 40521815.469806663691998, 3532455.695853173267096 ], [ 40521815.755690068006516, 3532455.724500633776188 ], [ 40521816.041500002145767, 3532455.753899998962879 ], [ 40521816.326637, 3532455.784082680474967 ], [ 40521816.611675262451172, 3532455.815176427364349 ], [ 40521816.896614067256451, 3532455.847181081306189 ], [ 40521817.181449882686138, 3532455.880096077453345 ], [ 40521817.466175079345703, 3532455.913921058177948 ], [ 40521817.750795096158981, 3532455.948655753862113 ], [ 40521818.035300001502037, 3532455.98429999826476 ], [ 40521818.319225117564201, 3532456.02089657029137 ], [ 40521818.603010177612305, 3532456.058561980724335 ], [ 40521818.886653892695904, 3532456.097295522224158 ], [ 40521819.170146934688091, 3532456.137096642982215 ], [ 40521819.453487396240234, 3532456.177964746952057 ], [ 40521819.736675068736076, 3532456.219899432267994 ], [ 40521820.01969999819994, 3532456.2629 ], [ 40521820.302137061953545, 3532456.306948169600219 ], [ 40521820.584379188716412, 3532456.352219640742987 ], [ 40521820.866422645747662, 3532456.398714065086097 ], [ 40521821.148262016475201, 3532456.446430086623877 ], [ 40521821.42989157885313, 3532456.495366990100592 ], [ 40521821.711305305361748, 3532456.545523985754699 ], [ 40521821.9925, 3532456.596899999771267 ], [ 40521822.974299997091293, 3532456.787299999501556 ], [ 40521892.5339, 3532470.880300000309944 ], [ 40521916.392700001597404, 3532453.398899999447167 ], [ 40521917.063100002706051, 3532447.11009999923408 ], [ 40521906.465499997138977, 3532444.956099998671561 ], [ 40521895.868299998342991, 3532442.799499999731779 ], [ 40521741.4023, 3532411.365100000519305 ], [ 40521765.597900003194809, 3531908.105299999006093 ] ] ] ] } },
{ "type": "Feature", "properties": { "OBJECTID": 11472, "DKBH": "ZC-CZ-A05-65", "YDDM": "G2", "DKMJ": 5773.2, "YDJRX": " ", "RJL": " ", "JZMD": " ", "LDL": "≥80%", "JDCW": " ", "DTSTZB": " ", "CSSJZB": " ", "REMARK": " ", "PLANNAME": "《江阴市中心城区主城控制性详细规划》（城西片区）调整", "PLANDATE": "2022-06-15T00:00:00Z", "PLANUNIT": "江阴市城乡规划设计院", "PASSDATE": "2022-07-15T00:00:00Z", "STARTTIME": "2022-08-03T16:39:42Z", "FGUID": null, "CADNAME": "08G2防护绿地", "DXKJKF": " ", "YDXZ": "防护绿地", "FTZMC": "ZC-CZ-A05-46-74.dwg", "JZGD": "/", "JC": null, "SHAPE_Length": 446.24554643030893, "SHAPE_Area": 5773.2088689772572 }, "geometry": { "type": "MultiPolygon", "coordinates": [ [ [ [ 40521399.396300002932549, 3529557.732299999799579 ], [ 40521401.076300002634525, 3529527.49309999961406 ], [ 40521396.173299998044968, 3529527.894299998879433 ], [ 40521385.0405, 3529528.80489999987185 ], [ 40521356.4313, 3529531.145299999509007 ], [ 40521331.120300002396107, 3529532.979099999181926 ], [ 40521305.7795, 3529534.346699999179691 ], [ 40521280.4181, 3529535.247499999590218 ], [ 40521255.044299997389317, 3529535.68129999935627 ], [ 40521231.4841, 3529535.623499998822808 ], [ 40521223.7249, 3529535.061099998652935 ], [ 40521216.0233, 3529533.961499999742955 ], [ 40521208.416500002145767, 3529532.329899999778718 ], [ 40521207.668300002813339, 3529562.909499999601394 ], [ 40521216.1457, 3529564.350700000301003 ], [ 40521224.694700002670288, 3529565.27610000083223 ], [ 40521233.2839, 3529565.682299999054521 ], [ 40521256.157899998128414, 3529565.663899999577552 ], [ 40521257.617299996316433, 3529565.655299999285489 ], [ 40521305.401500001549721, 3529564.392899999860674 ], [ 40521344.0387, 3529562.179099999833852 ], [ 40521383.221699997782707, 3529559.031699999701232 ], [ 40521394.493500001728535, 3529558.1261 ], [ 40521399.396300002932549, 3529557.732299999799579 ] ] ] ] } },
{ "type": "Feature", "properties": { "OBJECTID": 11474, "DKBH": "ZC-CZ-B05-20", "YDDM": "G1", "DKMJ": 14887.5, "YDJRX": " ", "RJL": " ", "JZMD": " ", "LDL": "≥65%", "JDCW": " ", "DTSTZB": " ", "CSSJZB": " ", "REMARK": " ", "PLANNAME": "《江阴市中心城区主城控制性详细规划》（通江路线形及沿线地块建", "PLANDATE": "2015-05-10T00:00:00Z", "PLANUNIT": "江阴市城乡规划设计院", "PASSDATE": "2015-06-19T00:00:00Z", "STARTTIME": "2015-08-19T12:00:00Z", "FGUID": " ", "CADNAME": "08G1公园绿地", "DXKJKF": " ", "YDXZ": "公园绿地", "FTZMC": "ZC-CZ-B05-19-52.dwg", "JZGD": "/", "JC": " ", "SHAPE_Length": 673.16086249659861, "SHAPE_Area": 14887.082385277878 }, "geometry": { "type": "MultiPolygon", "coordinates": [ [ [ [ 40523836.11429999768734, 3531889.518699999433011 ], [ 40523836.114600002765656, 3531853.308099998626858 ], [ 40523865.719700001180172, 3531853.308400000445545 ], [ 40523868.150200001895428, 3531811.358 ], [ 40523713.723499998450279, 3531773.784199999179691 ], [ 40523692.308799996972084, 3531842.477900000289083 ], [ 40523700.866099998354912, 3531858.707899999804795 ], [ 40523906.6263, 3531921.944500000216067 ], [ 40523909.394599996507168, 3531910.387299998197705 ], [ 40523911.80009999871254, 3531898.749199999496341 ], [ 40523866.336499996483326, 3531898.748799999710172 ], [ 40523836.11429999768734, 3531889.518699999433011 ] ] ] ] } },
{ "type": "Feature", "properties": { "OBJECTID": 11475, "DKBH": "ZC-CZ-B07-32", "YDDM": "G1", "DKMJ": 16643.3, "YDJRX": " ", "RJL": " ", "JZMD": " ", "LDL": "≥65%", "JDCW": " ", "DTSTZB": " ", "CSSJZB": " ", "REMARK": " ", "PLANNAME": "《江阴市中心城区主城控制性详细规划》（通江路线形及沿线地块建", "PLANDATE": "2015-05-10T00:00:00Z", "PLANUNIT": "江阴市城乡规划设计院", "PASSDATE": "2015-06-19T00:00:00Z", "STARTTIME": "2015-08-19T12:00:00Z", "FGUID": " ", "CADNAME": "08G1公园绿地", "DXKJKF": " ", "YDXZ": "公园绿地", "FTZMC": "ZC-CZ-B07-17-40.dwg", "JZGD": "/", "JC": " ", "SHAPE_Length": 585.99958452506144, "SHAPE_Area": 16643.61923303024 }, "geometry": { "type": "MultiPolygon", "coordinates": [ [ [ [ 40524077.0445, 3530116.210400000214577 ], [ 40524074.806100003421307, 3530115.669000000227243 ], [ 40524074.3697, 3530118.8136 ], [ 40524051.5088, 3530282.56969999987632 ], [ 40524068.498000003397465, 3530305.50349999871105 ], [ 40524182.3583, 3530323.518499999772757 ], [ 40524183.6188, 3530310.882600000593811 ], [ 40524185.963200002908707, 3530286.498599999584258 ], [ 40524186.531800001859665, 3530281.25899999961257 ], [ 40524189.8253, 3530280.846599999349564 ], [ 40524187.0709, 3530276.29270000057295 ], [ 40524189.7275, 3530251.825299998279661 ], [ 40524189.895499996840954, 3530247.208700000774115 ], [ 40524189.124200001358986, 3530237.876600000541657 ], [ 40524187.689599998295307, 3530232.68489999929443 ], [ 40524187.2988, 3530231.774499999824911 ], [ 40524186.788800001144409, 3530230.925099999643862 ], [ 40524186.169, 3530230.152299999725074 ], [ 40524185.450599998235703, 3530229.4701 ], [ 40524179.633599996566772, 3530225.568999999668449 ], [ 40524141.522699996829033, 3530201.150500000454485 ], [ 40524135.909400001168251, 3530197.769199999514967 ], [ 40524137.227300003170967, 3530195.466400000266731 ], [ 40524132.9454, 3530192.829299999400973 ], [ 40524131.095299996435642, 3530189.096299999859184 ], [ 40524099.282399997115135, 3530160.77280000038445 ], [ 40524081.6083, 3530152.014499998651445 ], [ 40524081.232299998402596, 3530151.488300000317395 ], [ 40524080.932300001382828, 3530150.24849999928847 ], [ 40524080.857299998402596, 3530148.533299998845905 ], [ 40524082.959200002253056, 3530139.264199999626726 ], [ 40524079.2883, 3530130.008299998939037 ], [ 40524081.0735, 3530129.406300000380725 ], [ 40524081.617299996316433, 3530126.060899999458343 ], [ 40524080.577299997210503, 3530123.024299999233335 ], [ 40524079.809299997985363, 3530122.000300000421703 ], [ 40524079.3455, 3530120.881199999712408 ], [ 40524078.682499997317791, 3530118.816999999340624 ], [ 40524077.0445, 3530116.210400000214577 ] ] ] ] } },
{ "type": "Feature", "properties": { "OBJECTID": 11507, "DKBH": "ZC-CZ-B05-03", "YDDM": "RB", "DKMJ": 33595.9, "YDJRX": "A、B、S、U、G", "RJL": "≤4.0", "JZMD": "≤45%", "LDL": "≥15%", "JDCW": "0.5个/100㎡", "DTSTZB": " ", "CSSJZB": " ", "REMARK": " ", "PLANNAME": "江阴市中心城区主城控制性详细规划", "PLANDATE": "2014-05-10T00:00:00Z", "PLANUNIT": "江阴市城乡规划设计院", "PASSDATE": "2014-05-25T00:00:00Z", "STARTTIME": "2015-05-04T12:00:00Z", "FGUID": " ", "CADNAME": "01RB商住混合用地", "DXKJKF": " ", "YDXZ": "商住混合用地", "FTZMC": "ZC-CZ-B05-01-18.dwg", "JZGD": "/", "JC": " ", "SHAPE_Length": 782.38200645190557, "SHAPE_Area": 34074.893537429773 }, "geometry": { "type": "MultiPolygon", "coordinates": [ [ [ [ 40523332.746100001037121, 3531615.916299998760223 ], [ 40523098.108400002121925, 3531548.0296 ], [ 40523064.284500002861023, 3531655.133299998473376 ], [ 40523073.074, 3531671.537699999753386 ], [ 40523241.4014, 3531720.152700000442564 ], [ 40523271.1924, 3531725.113599999807775 ], [ 40523315.143700003623962, 3531737.8073 ], [ 40523330.837300002574921, 3531728.7431 ], [ 40523342.301600001752377, 3531682.714599999599159 ], [ 40523352.9481, 3531654.45160000026226 ], [ 40523359.871200002729893, 3531626.655399999581277 ], [ 40523360.4573, 3531623.933999999426305 ], [ 40523332.746100001037121, 3531615.916299998760223 ] ] ] ] } },
{ "type": "Feature", "properties": { "OBJECTID": 11585, "DKBH": "ZC-CZ-B05-21", "YDDM": "A9", "DKMJ": 7813.2, "YDJRX": " ", "RJL": "≤1.8", "JZMD": "≤50%", "LDL": "≥20%", "JDCW": "0.5个/100M2", "DTSTZB": " ", "CSSJZB": " ", "REMARK": " ", "PLANNAME": "《江阴市中心城区主城控制性详细规划》（通江路线形及沿线地块建", "PLANDATE": "2015-05-10T00:00:00Z", "PLANUNIT": "江阴市城乡规划设计院", "PASSDATE": "2015-06-19T00:00:00Z", "STARTTIME": "2015-08-19T12:00:00Z", "FGUID": " ", "CADNAME": "02A9宗教用地", "DXKJKF": " ", "YDXZ": "宗教用地", "FTZMC": "ZC-CZ-B05-19-52.dwg", "JZGD": "/", "JC": " ", "SHAPE_Length": 408.79426604188041, "SHAPE_Area": 7810.4447062425734 }, "geometry": { "type": "MultiPolygon", "coordinates": [ [ [ [ 40523917.8596, 3531849.867199999280274 ], [ 40523922.570100001990795, 3531769.408099999185652 ], [ 40523870.5806, 3531769.407599999569356 ], [ 40523868.150200001895428, 3531811.358 ], [ 40523865.719700001180172, 3531853.308400000445545 ], [ 40523836.114600002765656, 3531853.308099998626858 ], [ 40523836.11429999768734, 3531889.518699999433011 ], [ 40523866.336499996483326, 3531898.748799999710172 ], [ 40523911.80009999871254, 3531898.749199999496341 ], [ 40523914.523999996483326, 3531882.547599999699742 ], [ 40523916.545100003480911, 3531866.2434 ], [ 40523917.8596, 3531849.867199999280274 ] ] ] ] } },
{ "type": "Feature", "properties": { "OBJECTID": 11586, "DKBH": "ZC-CZ-B05-41", "YDDM": "B1", "DKMJ": 13677.0, "YDJRX": "A、B、S、G", "RJL": "≤6.5", "JZMD": "≤60%", "LDL": "≥15%", "JDCW": "0.5个/100㎡", "DTSTZB": " ", "CSSJZB": " ", "REMARK": " ", "PLANNAME": "《江阴市中心城区主城控制性详细规划》（通江路线形及沿线地块建", "PLANDATE": "2015-05-10T00:00:00Z", "PLANUNIT": "江阴市城乡规划设计院", "PASSDATE": "2015-06-19T00:00:00Z", "STARTTIME": "2015-08-19T12:00:00Z", "FGUID": " ", "CADNAME": "03B1商业用地", "DXKJKF": " ", "YDXZ": "商业用地", "FTZMC": "ZC-CZ-B05-19-52.dwg", "JZGD": "/", "JC": " ", "SHAPE_Length": 456.53482991312615, "SHAPE_Area": 13667.297301088385 }, "geometry": { "type": "MultiPolygon", "coordinates": [ [ [ [ 40523942.1157, 3531070.426900000311434 ], [ 40523820.76070000231266, 3531047.782399999443442 ], [ 40523812.867399998009205, 3531053.888499999884516 ], [ 40523807.7504, 3531127.43879999872297 ], [ 40523819.0383, 3531141.825599999632686 ], [ 40523832.226999998092651, 3531144.314899999182671 ], [ 40523845.3305, 3531147.219699999783188 ], [ 40523858.3358, 3531150.536399999633431 ], [ 40523931.168200001120567, 3531170.341599999461323 ], [ 40523951.7139, 3531155.628199999220669 ], [ 40523955.926600001752377, 3531088.149400000460446 ], [ 40523942.1157, 3531070.426900000311434 ] ] ] ] } },
{ "type": "Feature", "properties": { "OBJECTID": 11587, "DKBH": "ZC-CZ-B05-29", "YDDM": "B2", "DKMJ": 4186.5, "YDJRX": "A、B、S、G", "RJL": "≤5.0", "JZMD": "≤60%", "LDL": "≥15%", "JDCW": "0.5个/100㎡", "DTSTZB": " ", "CSSJZB": " ", "REMARK": " ", "PLANNAME": "《江阴市中心城区主城控制性详细规划》（通江路线形及沿线地块建", "PLANDATE": "2015-05-10T00:00:00Z", "PLANUNIT": "江阴市城乡规划设计院", "PASSDATE": "2015-06-19T00:00:00Z", "STARTTIME": "2015-08-19T12:00:00Z", "FGUID": " ", "CADNAME": "03B2商务用地", "DXKJKF": " ", "YDXZ": "商务用地", "FTZMC": "ZC-CZ-B05-19-52.dwg", "JZGD": "/", "JC": " ", "SHAPE_Length": 257.12815286992452, "SHAPE_Area": 4186.6012094106281 }, "geometry": { "type": "MultiPolygon", "coordinates": [ [ [ [ 40523930.89190000295639, 3531627.260800000280142 ], [ 40523876.696599997580051, 3531619.955500000622123 ], [ 40523871.2592, 3531698.352799999061972 ], [ 40523911.450099997222424, 3531703.16399999987334 ], [ 40523927.220600001513958, 3531689.972199999261647 ], [ 40523930.89190000295639, 3531627.260800000280142 ] ] ] ] } },
{ "type": "Feature", "properties": { "OBJECTID": 11588, "DKBH": "ZC-CZ-B05-23", "YDDM": "B2", "DKMJ": 2766.5, "YDJRX": "A、B、S、G", "RJL": "≤1.0", "JZMD": "≤25%", "LDL": "≥15%", "JDCW": "0.5个/100㎡", "DTSTZB": " ", "CSSJZB": " ", "REMARK": " ", "PLANNAME": "《江阴市中心城区主城控制性详细规划》（通江路线形及沿线地块建", "PLANDATE": "2015-05-10T00:00:00Z", "PLANUNIT": "江阴市城乡规划设计院", "PASSDATE": "2015-06-19T00:00:00Z", "STARTTIME": "2015-08-19T12:00:00Z", "FGUID": " ", "CADNAME": "03B2商务用地", "DXKJKF": " ", "YDXZ": "商务用地", "FTZMC": "ZC-CZ-B05-19-52.dwg", "JZGD": "/", "JC": " ", "SHAPE_Length": 204.1649863874141, "SHAPE_Area": 2766.6011485282183 }, "geometry": { "type": "MultiPolygon", "coordinates": [ [ [ [ 40523910.5132, 3531719.1661 ], [ 40523870.00280000269413, 3531714.316700000315905 ], [ 40523867.055200003087521, 3531762.09250000026077 ], [ 40523870.5806, 3531769.407599999569356 ], [ 40523922.570100001990795, 3531769.408099999185652 ], [ 40523924.5304, 3531735.923599999397993 ], [ 40523910.5132, 3531719.1661 ] ] ] ] } },
{ "type": "Feature", "properties": { "OBJECTID": 11598, "DKBH": null, "YDDM": "E11", "DKMJ": 0.0, "YDJRX": null, "RJL": null, "JZMD": null, "LDL": null, "JDCW": null, "DTSTZB": null, "CSSJZB": null, "REMARK": null, "PLANNAME": "《江阴市中心城区主城控制性详细规划》（城西片区）调整", "PLANDATE": "2022-06-15T00:00:00Z", "PLANUNIT": "江阴市城乡规划设计院", "PASSDATE": "2022-07-15T00:00:00Z", "STARTTIME": "2022-08-03T16:39:42Z", "FGUID": null, "CADNAME": "10E11自然水域", "DXKJKF": null, "YDXZ": "自然水域", "FTZMC": null, "JZGD": "/", "JC": null, "SHAPE_Length": 444.16066903602911, "SHAPE_Area": 5749.6633305514379 }, "geometry": { "type": "MultiPolygon", "coordinates": [ [ [ [ 40521397.7069, 3529588.1379 ], [ 40521399.396300002932549, 3529557.732299999799579 ], [ 40521344.0387, 3529562.179099999833852 ], [ 40521305.401500001549721, 3529564.392899999860674 ], [ 40521257.617299996316433, 3529565.655299999285489 ], [ 40521256.157899998128414, 3529565.663899999577552 ], [ 40521233.2839, 3529565.682299999054521 ], [ 40521224.694700002670288, 3529565.27610000083223 ], [ 40521216.1457, 3529564.350700000301003 ], [ 40521207.668300002813339, 3529562.909499999601394 ], [ 40521206.925300002098083, 3529593.2799 ], [ 40521215.368699997663498, 3529594.497899999842048 ], [ 40521223.862300001084805, 3529595.295699999667704 ], [ 40521229.089699998497963, 3529595.576100000180304 ], [ 40521250.259099997580051, 3529595.954299999400973 ], [ 40521267.836900003254414, 3529595.8687 ], [ 40521295.647100001573563, 3529594.989899999462068 ], [ 40521397.7069, 3529588.1379 ] ] ] ] } },
{ "type": "Feature", "properties": { "OBJECTID": 11619, "DKBH": "ZC-CZ-A04-28", "YDDM": "RB", "DKMJ": 97845.4, "YDJRX": "A、B、S、U、G", "RJL": "≤2.8", "JZMD": "≤35%", "LDL": "≥25%", "JDCW": "0.6个/100㎡", "DTSTZB": " ", "CSSJZB": " ", "REMARK": " ", "PLANNAME": "江阴市中心城区主城控制性详细规划", "PLANDATE": "2014-05-10T00:00:00Z", "PLANUNIT": "江阴市城乡规划设计院", "PASSDATE": "2014-05-25T00:00:00Z", "STARTTIME": "2014-10-10T12:00:00Z", "FGUID": "c0027c87-e169-48a4-9f6b-916752fc4ad1", "CADNAME": "01RB商住混合用地", "DXKJKF": " ", "YDXZ": "商住混合用地", "FTZMC": "ZC-CZ-A04-21-36.dwg", "JZGD": "/", "JC": " ", "SHAPE_Length": 1229.2878938246502, "SHAPE_Area": 97847.195445923673 }, "geometry": { "type": "MultiPolygon", "coordinates": [ [ [ [ 40520867.403099998831749, 3531248.023499999660999 ], [ 40520887.25, 3531231.5406 ], [ 40520890.908600002527237, 3531185.185600000433624 ], [ 40520895.9714, 3531165.5228 ], [ 40520909.978299997746944, 3530988.055499999318272 ], [ 40520898.364100001752377, 3530974.856099999044091 ], [ 40520730.9665, 3530966.675800000317395 ], [ 40520547.496399998664856, 3530957.710499999113381 ], [ 40520532.0982, 3530971.972699999343604 ], [ 40520529.964900001883507, 3531048.894799999892712 ], [ 40520532.354599997401237, 3531088.976800000760704 ], [ 40520529.58219999819994, 3531188.939299999270588 ], [ 40520551.9304, 3531214.492499999701977 ], [ 40520605.3451, 3531220.170000000391155 ], [ 40520624.863399997353554, 3531225.764199999161065 ], [ 40520757.6483, 3531239.877799998503178 ], [ 40520787.8504, 3531239.568 ], [ 40520867.403099998831749, 3531248.023499999660999 ] ] ] ] } },
{ "type": "Feature", "properties": { "OBJECTID": 11620, "DKBH": "ZC-CZ-A04-30", "YDDM": "RB", "DKMJ": 102809.6, "YDJRX": "A、B、S、U、G", "RJL": "≤3.0", "JZMD": "≤35%", "LDL": "≥25%", "JDCW": "0.6个/100㎡", "DTSTZB": " ", "CSSJZB": " ", "REMARK": " ", "PLANNAME": "江阴市中心城区主城控制性详细规划", "PLANDATE": "2014-05-10T00:00:00Z", "PLANUNIT": "江阴市城乡规划设计院", "PASSDATE": "2014-05-25T00:00:00Z", "STARTTIME": "2014-10-10T12:00:00Z", "FGUID": "a67ad954-9106-4b31-9e32-d49e1f7ca8a3", "CADNAME": "01RB商住混合用地", "DXKJKF": " ", "YDXZ": "商住混合用地", "FTZMC": "ZC-CZ-A04-21-36.dwg", "JZGD": "/", "JC": " ", "SHAPE_Length": 1265.6869340383064, "SHAPE_Area": 102811.53498669542 }, "geometry": { "type": "MultiPolygon", "coordinates": [ [ [ [ 40521180.011200003325939, 3530988.619399999734014 ], [ 40520960.93469999730587, 3530977.913799999281764 ], [ 40520939.094700001180172, 3531254.626000000629574 ], [ 40520940.021700002253056, 3531255.741999999154359 ], [ 40520999.6862, 3531262.083699999377131 ], [ 40521019.204300001263618, 3531267.677899999078363 ], [ 40521132.990900002419949, 3531279.772199999541044 ], [ 40521167.246200002729893, 3531280.409799999557436 ], [ 40521173.137000001966953, 3531280.5195 ], [ 40521272.5779, 3531291.088800000492483 ], [ 40521295.76519999653101, 3531271.37239999929443 ], [ 40521298.9023, 3531214.963300000876188 ], [ 40521303.5075, 3531195.188399999868125 ], [ 40521309.223800003528595, 3531092.404599998611957 ], [ 40521307.117399998009205, 3531067.248599999118596 ], [ 40521310.51349999755621, 3531006.179899998474866 ], [ 40521299.976899996399879, 3530994.481699999887496 ], [ 40521180.011200003325939, 3530988.619399999734014 ] ] ] ] } },
{ "type": "Feature", "properties": { "OBJECTID": 11621, "DKBH": "ZC-CZ-A04-64", "YDDM": "S42", "DKMJ": 3522.2, "YDJRX": " ", "RJL": " ", "JZMD": " ", "LDL": " ", "JDCW": " ", "DTSTZB": " ", "CSSJZB": " ", "REMARK": " ", "PLANNAME": "江阴市中心城区主城控制性详细规划", "PLANDATE": "2013-05-10T00:00:00Z", "PLANUNIT": "江阴市城乡规划设计院", "PASSDATE": "2013-05-25T00:00:00Z", "STARTTIME": "2014-08-15T12:00:00Z", "FGUID": "77508b70-6459-42dc-8abb-07f3403dbf0f", "CADNAME": "06S42社会停车场用地", "DXKJKF": " ", "YDXZ": "社会停车场用地", "FTZMC": "ZC-CZ-A04-37-70.dwg", "JZGD": "/", "JC": " ", "SHAPE_Length": 236.26429215640837, "SHAPE_Area": 3523.6194561624552 }, "geometry": { "type": "MultiPolygon", "coordinates": [ [ [ [ 40520379.4916, 3530698.474700000602752 ], [ 40520382.421499997377396, 3530629.354100000113249 ], [ 40520330.0233, 3530629.858900000341237 ], [ 40520329.3389, 3530654.1541 ], [ 40520328.3358, 3530689.768699999433011 ], [ 40520337.191600002348423, 3530698.50040000025183 ], [ 40520351.289499998092651, 3530698.100299999583513 ], [ 40520365.3931, 3530698.091700000222772 ], [ 40520379.4916, 3530698.474700000602752 ] ] ] ] } },
{ "type": "Feature", "properties": { "OBJECTID": 11685, "DKBH": "ZC-CZ-B05-28", "YDDM": "R2", "DKMJ": 18994.1, "YDJRX": "A、B、S、G", "RJL": "1.2-3.5", "JZMD": "≤30%", "LDL": "≥30%", "JDCW": "0.5个/100㎡", "DTSTZB": " ", "CSSJZB": " ", "REMARK": " ", "PLANNAME": "《江阴市中心城区主城控制性详细规划》（通江路线形及沿线地块建", "PLANDATE": "2015-05-10T00:00:00Z", "PLANUNIT": "江阴市城乡规划设计院", "PASSDATE": "2015-06-19T00:00:00Z", "STARTTIME": "2015-08-19T12:00:00Z", "FGUID": " ", "CADNAME": "01R2二类居住用地", "DXKJKF": " ", "YDXZ": "二类居住用地", "FTZMC": "ZC-CZ-B05-19-52.dwg", "JZGD": "/", "JC": " ", "SHAPE_Length": 601.37620100011839, "SHAPE_Area": 18994.49841275264 }, "geometry": { "type": "MultiPolygon", "coordinates": [ [ [ [ 40523871.2592, 3531698.352799999061972 ], [ 40523876.696599997580051, 3531619.955500000622123 ], [ 40523930.89190000295639, 3531627.260800000280142 ], [ 40523932.4003000035882, 3531601.49739999929443 ], [ 40523914.2429, 3531576.383399999700487 ], [ 40523884.315700002014637, 3531568.411899999249727 ], [ 40523865.89019999653101, 3531559.881899998988956 ], [ 40523790.2139, 3531539.723899999633431 ], [ 40523777.968900002539158, 3531546.810999999754131 ], [ 40523743.038599997758865, 3531677.520399999339134 ], [ 40523747.079499997198582, 3531683.487699999473989 ], [ 40523871.2592, 3531698.352799999061972 ] ] ] ] } },
{ "type": "Feature", "properties": { "OBJECTID": 11686, "DKBH": "ZC-CZ-B07-31", "YDDM": "R2", "DKMJ": 39599.6, "YDJRX": "A、B、S、G", "RJL": "≤3.5", "JZMD": "≤45%", "LDL": "≥30%", "JDCW": "0.5个/100㎡", "DTSTZB": " ", "CSSJZB": " ", "REMARK": " ", "PLANNAME": "《江阴市中心城区主城控制性详细规划》（通江路线形及沿线地块建", "PLANDATE": "2015-05-10T00:00:00Z", "PLANUNIT": "江阴市城乡规划设计院", "PASSDATE": "2015-06-19T00:00:00Z", "STARTTIME": "2015-08-19T12:00:00Z", "FGUID": " ", "CADNAME": "01R2二类居住用地", "DXKJKF": " ", "YDXZ": "二类居住用地", "FTZMC": "ZC-CZ-B07-17-40.dwg", "JZGD": "/", "JC": " ", "SHAPE_Length": 771.06847545926348, "SHAPE_Area": 39596.910984471448 }, "geometry": { "type": "MultiPolygon", "coordinates": [ [ [ [ 40523955.19990000128746, 3529559.771999999880791 ], [ 40523866.804200001060963, 3529547.384399999864399 ], [ 40523854.488799996674061, 3529556.765599999576807 ], [ 40523832.949100002646446, 3529722.008000000845641 ], [ 40523836.836000002920628, 3529727.000599999446422 ], [ 40523962.773500002920628, 3529741.952399999834597 ], [ 40523992.976999998092651, 3529742.013599999714643 ], [ 40524053.997699998319149, 3529749.258400000166148 ], [ 40524070.1901, 3529736.082800000440329 ], [ 40524074.801600001752377, 3529682.948699999600649 ], [ 40524075.295999996364117, 3529675.426400000695139 ], [ 40524075.4749, 3529667.889999999199063 ], [ 40524070.769299998879433, 3529646.785199998877943 ], [ 40524069.172899998724461, 3529636.056599999312311 ], [ 40524066.92059999704361, 3529625.446399999316782 ], [ 40524064.02080000191927, 3529614.994599999394268 ], [ 40524060.484399996697903, 3529604.740599999669939 ], [ 40524056.32490000128746, 3529594.72319999942556 ], [ 40524028.375200003385544, 3529573.5608 ], [ 40523974.52080000191927, 3529566.013899999670684 ], [ 40523955.19990000128746, 3529559.771999999880791 ] ] ] ] } },
{ "type": "Feature", "properties": { "OBJECTID": 11687, "DKBH": "ZC-CZ-B07-21", "YDDM": "R2", "DKMJ": 37773.8, "YDJRX": "A、B、S、G", "RJL": "1.2-3.5", "JZMD": "≤45%", "LDL": "≥30%", "JDCW": "0.5个/100㎡", "DTSTZB": " ", "CSSJZB": " ", "REMARK": " ", "PLANNAME": "《江阴市中心城区主城控制性详细规划》（通江路线形及沿线地块建", "PLANDATE": "2015-05-10T00:00:00Z", "PLANUNIT": "江阴市城乡规划设计院", "PASSDATE": "2015-06-19T00:00:00Z", "STARTTIME": "2015-08-19T12:00:00Z", "FGUID": " ", "CADNAME": "01R2二类居住用地", "DXKJKF": " ", "YDXZ": "二类居住用地", "FTZMC": "ZC-CZ-B07-17-40.dwg", "JZGD": "/", "JC": " ", "SHAPE_Length": 782.66477165984008, "SHAPE_Area": 37774.466571855817 }, "geometry": { "type": "MultiPolygon", "coordinates": [ [ [ [ 40523911.0247, 3530125.411699999589473 ], [ 40523783.131099998950958, 3530104.187899999786168 ], [ 40523772.169799998402596, 3530188.278199998196214 ], [ 40523772.4087999984622, 3530213.520999999716878 ], [ 40523768.531099997460842, 3530243.2697 ], [ 40523781.061099998652935, 3530260.024299998302013 ], [ 40523989.473700001835823, 3530292.999899999704212 ], [ 40524011.993299998342991, 3530276.317299999762326 ], [ 40524030.259499996900558, 3530145.473499999847263 ], [ 40524004.480899997055531, 3530141.09859999967739 ], [ 40523911.0247, 3530125.411699999589473 ] ] ] ] } },
{ "type": "Feature", "properties": { "OBJECTID": 11732, "DKBH": "ZC-CZ-B04-29", "YDDM": "RB", "DKMJ": 118586.5, "YDJRX": "A、B、S、U、G", "RJL": "≤4.0", "JZMD": "≤55%", "LDL": "≥15%", "JDCW": "0.7个/100㎡", "DTSTZB": " ", "CSSJZB": " ", "REMARK": " ", "PLANNAME": "《江阴市中心城区主城控制性详细规划》（ZC-CZ-B04基本控制单元?", "PLANDATE": "2014-07-01T00:00:00Z", "PLANUNIT": "江阴市城乡规划设计院", "PASSDATE": "2014-07-12T00:00:00Z", "STARTTIME": "2014-09-24T12:00:00Z", "FGUID": "28d5648d-7eae-434f-b3b1-531f010e0261", "CADNAME": "01RB商住混合用地", "DXKJKF": " ", "YDXZ": "商住混合用地", "FTZMC": "ZC-CZ-B04-14-39.dwg", "JZGD": "/", "JC": "主城城中分区控规", "SHAPE_Length": 1375.1673676825699, "SHAPE_Area": 118601.35446895 }, "geometry": { "type": "MultiPolygon", "coordinates": [ [ [ [ 40522762.223700001835823, 3530676.426 ], [ 40522444.7672, 3530599.893199999816716 ], [ 40522434.0933, 3530606.515599999111146 ], [ 40522411.138400003314018, 3530707.452499999199063 ], [ 40522386.570699997246265, 3530815.482299999333918 ], [ 40522385.548600003123283, 3530835.760700000915676 ], [ 40522374.460699997842312, 3530884.516299999784678 ], [ 40522381.515299998223782, 3530894.811199999414384 ], [ 40522482.975699998438358, 3530909.696600000374019 ], [ 40522521.9662000015378, 3530915.805399999488145 ], [ 40522560.830200001597404, 3530922.673000000417233 ], [ 40522599.553000003099442, 3530930.296799999196082 ], [ 40522638.1199000030756, 3530938.67380000045523 ], [ 40522676.516199998557568, 3530947.800900001544505 ], [ 40522765.017800003290176, 3530969.752199999522418 ], [ 40522793.4578, 3530949.539599999319762 ], [ 40522798.5013, 3530894.828700000420213 ], [ 40522803.822300001978874, 3530875.234199999831617 ], [ 40522811.58330000191927, 3530791.042699999175966 ], [ 40522819.529, 3530704.846399998757988 ], [ 40522810.011200003325939, 3530691.546999999787658 ], [ 40522780.846600003540516, 3530684.515899999067187 ], [ 40522762.223700001835823, 3530676.426 ] ] ] ] } },
{ "type": "Feature", "properties": { "OBJECTID": 11743, "DKBH": "ZC-CZ-A03-45", "YDDM": "G2", "DKMJ": 4637.2, "YDJRX": " ", "RJL": " ", "JZMD": " ", "LDL": "≥80%", "JDCW": " ", "DTSTZB": " ", "CSSJZB": " ", "REMARK": " ", "PLANNAME": "江阴市中心城区主城控制性详细规划", "PLANDATE": "2014-05-10T00:00:00Z", "PLANUNIT": "江阴市城乡规划设计院", "PASSDATE": "2014-05-25T00:00:00Z", "STARTTIME": "2015-12-01T12:00:00Z", "FGUID": " ", "CADNAME": "08G2防护绿地", "DXKJKF": " ", "YDXZ": "防护绿地", "FTZMC": "ZC-CZ-A03-36-60.dwg", "JZGD": "/", "JC": " ", "SHAPE_Length": 917.48899614804122, "SHAPE_Area": 4581.2123502686236 }, "geometry": { "type": "MultiPolygon", "coordinates": [ [ [ [ 40519676.125200003385544, 3530877.37099999981001 ], [ 40519671.968599997460842, 3530877.250899999868125 ], [ 40519671.675899997353554, 3530887.246599999722093 ], [ 40519675.726800002157688, 3530887.363899999763817 ], [ 40520043.49719999730587, 3530908.1546 ], [ 40520119.337300002574921, 3530912.835599999409169 ], [ 40520119.9401, 3530907.443399999756366 ], [ 40520120.348300002515316, 3530902.91399999987334 ], [ 40520043.497299998998642, 3530898.261099999770522 ], [ 40519887.12049999833107, 3530889.088200000114739 ], [ 40519817.857299998402596, 3530884.572800000198185 ], [ 40519676.125200003385544, 3530877.37099999981001 ] ] ] ] } },
{ "type": "Feature", "properties": { "OBJECTID": 11744, "DKBH": " ", "YDDM": "E11", "DKMJ": 28394.3, "YDJRX": " ", "RJL": " ", "JZMD": " ", "LDL": " ", "JDCW": " ", "DTSTZB": " ", "CSSJZB": " ", "REMARK": " ", "PLANNAME": "江阴市中心城区主城控制性详细规划", "PLANDATE": "2014-05-10T00:00:00Z", "PLANUNIT": "江阴市城乡规划设计院", "PASSDATE": "2014-05-25T00:00:00Z", "STARTTIME": "2015-12-01T12:00:00Z", "FGUID": " ", "CADNAME": "10E11自然水域", "DXKJKF": " ", "YDXZ": "自然水域", "FTZMC": " ", "JZGD": "/", "JC": " ", "SHAPE_Length": 1960.4942137480461, "SHAPE_Area": 15003.007586728008 }, "geometry": { "type": "MultiPolygon", "coordinates": [ [ [ [ 40520290.406900003552437, 3530900.093099999707192 ], [ 40520295.404200002551079, 3530719.932699999772012 ], [ 40520293.656999997794628, 3530718.358799999579787 ], [ 40520285.4115, 3530719.528999999631196 ], [ 40520280.416599996387959, 3530899.605 ], [ 40520181.872000001370907, 3530894.789399999659508 ], [ 40520183.133699998259544, 3530884.53349999897182 ], [ 40520183.74719999730587, 3530874.218399998731911 ], [ 40520183.709799997508526, 3530863.885299999732524 ], [ 40520183.021899998188019, 3530853.575000001117587 ], [ 40520181.6862, 3530843.328499999362975 ], [ 40520179.707999996840954, 3530833.186399999074638 ], [ 40520177.095299996435642, 3530823.189099999610335 ], [ 40520173.858000002801418, 3530813.37599999923259 ], [ 40520143.816799998283386, 3530742.498300000559539 ], [ 40520123.07, 3530744.945899999234825 ], [ 40520102.291199997067451, 3530747.1058 ], [ 40520137.186499997973442, 3530829.351799999829382 ], [ 40520140.288800001144409, 3530838.309099999256432 ], [ 40520142.7012, 3530847.476400000508875 ], [ 40520144.409500002861023, 3530856.800499999895692 ], [ 40520145.4037000015378, 3530866.227599999401718 ], [ 40520145.678000003099442, 3530875.703099998645484 ], [ 40520145.2311, 3530885.171799999661744 ], [ 40520144.348499998450279, 3530889.245199999772012 ], [ 40520143.138999998569489, 3530893.233899999409914 ], [ 40519672.176299996674061, 3530870.163499998860061 ], [ 40519671.968599997460842, 3530877.25069999974221 ], [ 40519676.125200003385544, 3530877.37099999981001 ], [ 40519817.857299998402596, 3530884.572599997743964 ], [ 40519887.12049999833107, 3530889.088 ], [ 40520043.497299998998642, 3530898.260899999644607 ], [ 40520140.31530000269413, 3530904.122899999376386 ], [ 40520179.511600002646446, 3530914.697899999562651 ], [ 40520297.827200002968311, 3530920.479699998628348 ], [ 40520298.390600003302097, 3530900.483199999202043 ], [ 40520290.406900003552437, 3530900.093099999707192 ] ] ] ] } },
{ "type": "Feature", "properties": { "OBJECTID": 11745, "DKBH": " ", "YDDM": "E11", "DKMJ": 10093.6, "YDJRX": " ", "RJL": " ", "JZMD": " ", "LDL": " ", "JDCW": " ", "DTSTZB": " ", "CSSJZB": " ", "REMARK": " ", "PLANNAME": "江阴市中心城区主城控制性详细规划", "PLANDATE": "2014-05-10T00:00:00Z", "PLANUNIT": "江阴市城乡规划设计院", "PASSDATE": "2014-05-25T00:00:00Z", "STARTTIME": "2015-12-01T12:00:00Z", "FGUID": " ", "CADNAME": "10E11自然水域", "DXKJKF": " ", "YDXZ": "自然水域", "FTZMC": " ", "JZGD": "/", "JC": " ", "SHAPE_Length": 2618.2103014382233, "SHAPE_Area": 28166.201620638392 }, "geometry": { "type": "MultiPolygon", "coordinates": [ [ [ [ 40520179.511600002646446, 3530914.697899999562651 ], [ 40520297.827399998903275, 3530920.479699999559671 ], [ 40520298.390600003302097, 3530900.483199999202043 ], [ 40520290.406900003552437, 3530900.093099999707192 ], [ 40520295.404200002551079, 3530719.932699999772012 ], [ 40520293.656999997794628, 3530718.358799999579787 ], [ 40520285.4115, 3530719.528999999631196 ], [ 40520280.416599996387959, 3530899.605 ], [ 40520181.872000001370907, 3530894.789399999659508 ], [ 40520183.133699998259544, 3530884.53349999897182 ], [ 40520183.74719999730587, 3530874.218399998731911 ], [ 40520183.709799997508526, 3530863.885299999732524 ], [ 40520183.021899998188019, 3530853.575000001117587 ], [ 40520181.6862, 3530843.328499999362975 ], [ 40520179.707999996840954, 3530833.186399999074638 ], [ 40520177.095299996435642, 3530823.189099999610335 ], [ 40520173.858000002801418, 3530813.37599999923259 ], [ 40520143.816799998283386, 3530742.49849999928847 ], [ 40520123.07, 3530744.946 ], [ 40520102.291199997067451, 3530747.105999999213964 ], [ 40520137.186499997973442, 3530829.351799999829382 ], [ 40520140.288800001144409, 3530838.309099999256432 ], [ 40520142.7012, 3530847.476400000508875 ], [ 40520144.409500002861023, 3530856.800499999895692 ], [ 40520145.4037000015378, 3530866.227599999401718 ], [ 40520145.678000003099442, 3530875.703099998645484 ], [ 40520145.2311, 3530885.171799999661744 ], [ 40520144.348499998450279, 3530889.245199999772012 ], [ 40520143.138999998569489, 3530893.233899999409914 ], [ 40519672.176299996674061, 3530870.163499998860061 ], [ 40519671.9688, 3530877.25069999974221 ], [ 40519676.125200003385544, 3530877.37099999981001 ], [ 40519817.857299998402596, 3530884.572599997743964 ], [ 40519887.12049999833107, 3530889.088 ], [ 40520043.497299998998642, 3530898.260899999644607 ], [ 40520140.31530000269413, 3530904.122899999376386 ], [ 40520139.846500001847744, 3530909.379199999384582 ], [ 40520138.916000001132488, 3530917.293600000441074 ], [ 40520137.62049999833107, 3530925.156499999575317 ], [ 40520135.901600003242493, 3530932.86009999923408 ], [ 40520133.61540000140667, 3530940.414799999445677 ], [ 40520131.386200003325939, 3530946.202100000344217 ], [ 40520128.655000001192093, 3530951.769999999087304 ], [ 40520125.442900002002716, 3530957.0751 ], [ 40520121.7751, 3530962.075899999123067 ], [ 40520117.680200003087521, 3530966.7335 ], [ 40520110.293300002813339, 3530974.160300000105053 ], [ 40520100.699, 3530982.958699999842793 ], [ 40520090.969400003552437, 3530991.6072 ], [ 40520079.265, 3531001.895500000100583 ], [ 40520067.7064, 3531012.34720000019297 ], [ 40520058.2856, 3531021.300599999725819 ], [ 40520049.2245, 3531030.617899999022484 ], [ 40520040.537100002169609, 3531040.2845 ], [ 40520032.236699998378754, 3531050.2854 ], [ 40520024.301700003445148, 3531060.6749 ], [ 40520016.999200001358986, 3531071.518299999181181 ], [ 40520012.758900001645088, 3531078.655099999625236 ], [ 40520008.976599998772144, 3531086.0449 ], [ 40520005.667599998414516, 3531093.658399999141693 ], [ 40520002.844999998807907, 3531101.465300000272691 ], [ 40520000.520000003278255, 3531109.4345 ], [ 40519998.128200002014637, 3531119.602900000289083 ], [ 40519996.24099999666214, 3531129.876899998635054 ], [ 40519994.408100001513958, 3531142.7933 ], [ 40519992.959299996495247, 3531155.7585 ], [ 40519991.570699997246265, 3531171.259900000412017 ], [ 40519990.3931, 3531186.778800000436604 ], [ 40520030.352200001478195, 3531188.822700001299381 ], [ 40520031.469400003552437, 3531174.1341 ], [ 40520032.7887, 3531159.4622 ], [ 40520033.796499997377396, 3531150.202099999878556 ], [ 40520035.0066, 3531140.9663 ], [ 40520036.721900001168251, 3531130.564600000157952 ], [ 40520039.0282, 3531120.277900000568479 ], [ 40520041.0418, 3531113.3415 ], [ 40520043.596500001847744, 3531106.58559999987483 ], [ 40520046.676600001752377, 3531100.0524 ], [ 40520050.2628, 3531093.782800000160933 ], [ 40520055.995700001716614, 3531085.11699999962002 ], [ 40520062.246, 3531076.816699999850243 ], [ 40520071.7927, 3531065.306600000709295 ], [ 40520081.9172, 3531054.301199999637902 ], [ 40520092.592799998819828, 3531043.829599999822676 ], [ 40520111.138999998569489, 3531026.967199999839067 ], [ 40520129.9736, 3531010.427400000393391 ], [ 40520136.400200001895428, 3531004.5324 ], [ 40520142.663199998438358, 3530998.463799999561161 ], [ 40520148.5445, 3530992.279599999543279 ], [ 40520154.003300003707409, 3530985.719399999827147 ], [ 40520159.015699997544289, 3530978.812199999112636 ], [ 40520163.507600001990795, 3530971.351599999237806 ], [ 40520167.419699996709824, 3530963.571400000248104 ], [ 40520170.729500003159046, 3530955.516500000376254 ], [ 40520173.417900003492832, 3530947.233399999793619 ], [ 40520175.2161, 3530940.513899999205023 ], [ 40520176.704599998891354, 3530933.719100000802428 ], [ 40520178.340400002896786, 3530924.24280000012368 ], [ 40520179.511600002646446, 3530914.697899999562651 ] ] ] ] } },
{ "type": "Feature", "properties": { "OBJECTID": 11973, "DKBH": "ZC-CZ-C12-02", "YDDM": "R2", "DKMJ": 31337.6, "YDJRX": "A、B、S、G", "RJL": "1.2-3.0", "JZMD": "≤30%", "LDL": "≥30%", "JDCW": "0.5个/100㎡", "DTSTZB": " ", "CSSJZB": " ", "REMARK": " ", "PLANNAME": "《江阴市中心城区主城控制性详细规划》（ZC-CZ-C12、C13基本控制单元）调整", "PLANDATE": "2021-09-06T00:00:00Z", "PLANUNIT": "江阴市城乡规划设计院", "PASSDATE": "2021-09-22T00:00:00Z", "STARTTIME": "2021-09-23T15:40:33Z", "FGUID": null, "CADNAME": "01R2二类居住用地", "DXKJKF": " ", "YDXZ": "二类居住用地", "FTZMC": "ZC-CZ-C12-01-08.dwg", "JZGD": "/", "JC": null, "SHAPE_Length": 845.79238953174615, "SHAPE_Area": 31337.605299639024 }, "geometry": { "type": "MultiPolygon", "coordinates": [ [ [ [ 40524435.620700001716614, 3530397.00150000071153 ], [ 40524355.3935, 3530384.308500000741333 ], [ 40524333.257700003683567, 3530401.040700000245124 ], [ 40524326.180100001394749, 3530460.053699999582022 ], [ 40524322.606700003147125, 3530489.848699999507517 ], [ 40524314.565499998629093, 3530556.897299999836832 ], [ 40524314.034699998795986, 3530561.696900000330061 ], [ 40524297.723700001835823, 3530709.2972999997437 ], [ 40524306.1453, 3530720.279900000430644 ], [ 40524369.59009999781847, 3530730.022300000302494 ], [ 40524380.9921, 3530721.65610000025481 ], [ 40524406.3979, 3530556.213499999139458 ], [ 40524407.402099996805191, 3530549.674899999517947 ], [ 40524407.808415107429028, 3530547.065858602058142 ], [ 40524408.225839607417583, 3530544.458571135532111 ], [ 40524408.654363624751568, 3530541.85308527899906 ], [ 40524409.093978874385357, 3530539.249447941314429 ], [ 40524409.544679634273052, 3530536.647706448566169 ], [ 40524410.006455115973949, 3530534.047908186446875 ], [ 40524410.4793, 3530531.45009999955073 ], [ 40524411.016402184963226, 3530528.572848430369049 ], [ 40524411.567083351314068, 3530525.698164402972907 ], [ 40524412.131328575313091, 3530522.826112269889563 ], [ 40524412.709125511348248, 3530519.956755756866187 ], [ 40524413.30046271532774, 3530517.090158879291266 ], [ 40524413.905323922634125, 3530514.226385822985321 ], [ 40524414.523699998855591, 3530511.365500000771135 ], [ 40524415.924422174692154, 3530505.113264915533364 ], [ 40524417.389680854976177, 3530498.875838815700263 ], [ 40524418.919319145381451, 3530492.653888105880469 ], [ 40524420.513174049556255, 3530486.448076843749732 ], [ 40524422.171073906123638, 3530480.259068071376532 ], [ 40524423.89284411072731, 3530474.087522861547768 ], [ 40524425.6783, 3530467.934099999256432 ], [ 40524428.079729869961739, 3530460.009789823554456 ], [ 40524430.586776725947857, 3530452.118256985675544 ], [ 40524433.198987953364849, 3530444.260909199248999 ], [ 40524435.915899269282818, 3530436.439147829543799 ], [ 40524438.737026207149029, 3530428.654367982875556 ], [ 40524441.661867931485176, 3530420.90795826818794 ], [ 40524444.689900003373623, 3530413.201299998909235 ], [ 40524435.620700001716614, 3530397.00150000071153 ] ] ] ] } },
{ "type": "Feature", "properties": { "OBJECTID": 11974, "DKBH": "ZC-CZ-C12-01", "YDDM": "G1", "DKMJ": 34701.6, "YDJRX": " ", "RJL": " ", "JZMD": " ", "LDL": "≥65%", "JDCW": " ", "DTSTZB": " ", "CSSJZB": " ", "REMARK": " ", "PLANNAME": "《江阴市中心城区主城控制性详细规划》（ZC-CZ-C12、C13基本控制单元）调整", "PLANDATE": "2021-09-06T00:00:00Z", "PLANUNIT": "江阴市城乡规划设计院", "PASSDATE": "2021-09-22T00:00:00Z", "STARTTIME": "2021-09-23T15:40:33Z", "FGUID": null, "CADNAME": "08G1公园绿地", "DXKJKF": " ", "YDXZ": "公园绿地", "FTZMC": "ZC-CZ-C12-01-08.dwg", "JZGD": "/", "JC": null, "SHAPE_Length": 1277.4347336968756, "SHAPE_Area": 34701.603370255652 }, "geometry": { "type": "MultiPolygon", "coordinates": [ [ [ [ 40524301.057099997997284, 3530375.710500000510365 ], [ 40524236.207099996507168, 3530365.449699999764562 ], [ 40524200.350100003182888, 3530724.476700000464916 ], [ 40524193.467699997127056, 3530818.497099999338388 ], [ 40524341.322700001299381, 3530848.304100000765175 ], [ 40524358.32209999859333, 3530836.429300000425428 ], [ 40524243.2857, 3530813.2385 ], [ 40524236.416299998760223, 3530811.85370000032708 ], [ 40524249.554899998009205, 3530726.295300000812858 ], [ 40524249.743578597903252, 3530725.294519180431962 ], [ 40524249.999731056392193, 3530724.308847605716437 ], [ 40524250.322174064815044, 3530723.342829107772559 ], [ 40524250.709423057734966, 3530722.400916337501258 ], [ 40524251.159692756831646, 3530721.487451314460486 ], [ 40524251.670909874141216, 3530720.606644749175757 ], [ 40524252.240715019404888, 3530719.762556790839881 ], [ 40524252.866481773555279, 3530718.959078430663794 ], [ 40524253.545326225459576, 3530718.199913203250617 ], [ 40524254.274117156863213, 3530717.488560790196061 ], [ 40524255.049500003457069, 3530716.828299998305738 ], [ 40524282.7879, 3530694.78809999814257 ], [ 40524283.030497476458549, 3530694.591196457855403 ], [ 40524283.268943779170513, 3530694.389282643329352 ], [ 40524283.503129951655865, 3530694.182446240913123 ], [ 40524283.73295783251524, 3530693.970776915084571 ], [ 40524283.958328239619732, 3530693.75436645699665 ], [ 40524284.17913906276226, 3530693.533308784477413 ], [ 40524284.3953, 3530693.307700000237674 ], [ 40524286.232299998402596, 3530676.686099999584258 ], [ 40524299.6567, 3530555.215299998875707 ], [ 40524318.429899998009205, 3530398.693699999712408 ], [ 40524301.057099997997284, 3530375.710500000510365 ] ] ] ] } },
{ "type": "Feature", "properties": { "OBJECTID": 11975, "DKBH": "ZC-CZ-C13-01", "YDDM": "G1", "DKMJ": 63904.6, "YDJRX": " ", "RJL": " ", "JZMD": " ", "LDL": "≥65%", "JDCW": " ", "DTSTZB": " ", "CSSJZB": " ", "REMARK": " ", "PLANNAME": "《江阴市中心城区主城控制性详细规划》（ZC-CZ-C12、C13基本控制单元）调整", "PLANDATE": "2021-09-06T00:00:00Z", "PLANUNIT": "江阴市城乡规划设计院", "PASSDATE": "2021-09-22T00:00:00Z", "STARTTIME": "2021-09-23T15:40:33Z", "FGUID": null, "CADNAME": "08G1公园绿地", "DXKJKF": " ", "YDXZ": "公园绿地", "FTZMC": "ZC-CZ-C13-01-07.dwg", "JZGD": "/", "JC": null, "SHAPE_Length": 1073.3457365349143, "SHAPE_Area": 63904.601548206061 }, "geometry": { "type": "MultiPolygon", "coordinates": [ [ [ [ 40524674.796300001442432, 3529596.7303 ], [ 40524697.937299996614456, 3529575.32149999961257 ], [ 40524698.425899997353554, 3529517.92069999827072 ], [ 40524702.0962999984622, 3529497.950899999123067 ], [ 40524702.703699998557568, 3529426.621099999640137 ], [ 40524572.9327, 3529421.491300000343472 ], [ 40524407.981700003147125, 3529417.366700000595301 ], [ 40524377.802100002765656, 3529416.611900000367314 ], [ 40524347.963699996471405, 3529416.390899999067187 ], [ 40524321.877700001001358, 3529441.3073 ], [ 40524305.5647, 3529544.434099999256432 ], [ 40524302.841899998486042, 3529568.098500000312924 ], [ 40524392.549099996685982, 3529580.66969999903813 ], [ 40524444.934500001370907, 3529584.302499999757856 ], [ 40524585.07769999653101, 3529594.018699999898672 ], [ 40524604.9639, 3529591.888899999670684 ], [ 40524674.796300001442432, 3529596.7303 ] ] ] ] } },
{ "type": "Feature", "properties": { "OBJECTID": 12024, "DKBH": "ZC-CZ-A03-43", "YDDM": "A5", "DKMJ": 55671.6, "YDJRX": " ", "RJL": "≤1.5", "JZMD": "≤35%", "LDL": "≥35%", "JDCW": "0.6个/100㎡", "DTSTZB": " ", "CSSJZB": " ", "REMARK": " ", "PLANNAME": "江阴市中心城区主城控制性详细规划", "PLANDATE": "2014-05-10T00:00:00Z", "PLANUNIT": "江阴市城乡规划设计院", "PASSDATE": "2014-05-25T00:00:00Z", "STARTTIME": "2015-12-01T12:00:00Z", "FGUID": " ", "CADNAME": "02A5医疗卫生用地", "DXKJKF": " ", "YDXZ": "医疗卫生用地", "FTZMC": "ZC-CZ-A03-36-60.dwg", "JZGD": "/", "JC": " ", "SHAPE_Length": 1036.3245460016501, "SHAPE_Area": 55626.50020634551 }, "geometry": { "type": "MultiPolygon", "coordinates": [ [ [ [ 40520043.49719999730587, 3530908.154399999883026 ], [ 40519820.3798, 3530895.541299999225885 ], [ 40519809.156900003552437, 3531171.09580000070855 ], [ 40519923.8462999984622, 3531183.347000000532717 ], [ 40519924.838699996471405, 3531183.425399999599904 ], [ 40519931.2187, 3531183.751700000837445 ], [ 40519936.3204, 3531163.986299999523908 ], [ 40519941.05009999871254, 3531149.67960000038147 ], [ 40519946.443499997258186, 3531135.609699999447912 ], [ 40519952.4886, 3531121.806999999564141 ], [ 40519959.172200001776218, 3531108.302199999801815 ], [ 40519964.790700003504753, 3531098.044099998660386 ], [ 40519970.777900002896786, 3531087.99669999955222 ], [ 40519977.1254, 3531078.173000000882894 ], [ 40519987.8552, 3531062.92659999942407 ], [ 40519999.228299997746944, 3531048.153299999423325 ], [ 40520011.223499998450279, 3531033.881100000347942 ], [ 40520023.818899996578693, 3531020.135499999392778 ], [ 40520036.991499997675419, 3531006.942100000102073 ], [ 40520050.717200003564358, 3530994.324900000356138 ], [ 40520064.970600001513958, 3530982.307099999394268 ], [ 40520068.141599997878075, 3530979.772099999245256 ], [ 40520094.285800002515316, 3530960.60950000025332 ], [ 40520099.714100003242493, 3530955.905699999071658 ], [ 40520104.6034, 3530950.643899999093264 ], [ 40520108.896700002253056, 3530944.885300000198185 ], [ 40520112.544, 3530938.697399999480695 ], [ 40520114.1884, 3530935.379999999888241 ], [ 40520114.6756, 3530933.98839999968186 ], [ 40520116.55179999768734, 3530927.800900000147521 ], [ 40520117.959200002253056, 3530921.490099999587983 ], [ 40520119.337300002574921, 3530912.835599999409169 ], [ 40520043.49719999730587, 3530908.154399999883026 ] ] ] ] } },
{ "type": "Feature", "properties": { "OBJECTID": 12025, "DKBH": "ZC-CZ-A03-19", "YDDM": "B9", "DKMJ": 23580.3, "YDJRX": "A、B、S、G", "RJL": "≤3.0", "JZMD": "≤45%", "LDL": "≥15%", "JDCW": "1.5个/100㎡", "DTSTZB": " ", "CSSJZB": " ", "REMARK": " ", "PLANNAME": "江阴市中心城区主城控制性详细规划", "PLANDATE": "2014-05-10T00:00:00Z", "PLANUNIT": "江阴市城乡规划设计院", "PASSDATE": "2014-05-25T00:00:00Z", "STARTTIME": "2015-12-01T12:00:00Z", "FGUID": " ", "CADNAME": "03B9其他服务设施用地", "DXKJKF": " ", "YDXZ": "其他服务设施用地", "FTZMC": "ZC-CZ-A03-01-20.dwg", "JZGD": "/", "JC": " ", "SHAPE_Length": 798.75597133762244, "SHAPE_Area": 28045.95547121155 }, "geometry": { "type": "MultiPolygon", "coordinates": [ [ [ [ 40519690.475199997425079, 3531201.07990000071004 ], [ 40519657.878300003707409, 3531199.490199999883771 ], [ 40519659.7416, 3531294.039300000760704 ], [ 40519964.548, 3531312.366100000217557 ], [ 40519968.772600002586842, 3531225.725499999709427 ], [ 40519921.192699998617172, 3531223.291499999817461 ], [ 40519916.224299997091293, 3531222.7607 ], [ 40519788.0466, 3531209.068699998781085 ], [ 40519755.568300001323223, 3531205.8698 ], [ 40519723.041500002145767, 3531203.206600001081824 ], [ 40519690.475199997425079, 3531201.07990000071004 ] ] ] ] } },
{ "type": "Feature", "properties": { "OBJECTID": 12026, "DKBH": "ZC-CZ-A03-20", "YDDM": "G1", "DKMJ": 10618.8, "YDJRX": " ", "RJL": " ", "JZMD": " ", "LDL": "≥65%", "JDCW": " ", "DTSTZB": " ", "CSSJZB": " ", "REMARK": " ", "PLANNAME": "江阴市中心城区主城控制性详细规划", "PLANDATE": "2014-05-10T00:00:00Z", "PLANUNIT": "江阴市城乡规划设计院", "PASSDATE": "2014-05-25T00:00:00Z", "STARTTIME": "2015-12-01T12:00:00Z", "FGUID": " ", "CADNAME": "08G1公园绿地", "DXKJKF": " ", "YDXZ": "公园绿地", "FTZMC": "ZC-CZ-A03-01-20.dwg", "JZGD": "/", "JC": " ", "SHAPE_Length": 735.36069419413775, "SHAPE_Area": 6953.6814055669065 }, "geometry": { "type": "MultiPolygon", "coordinates": [ [ [ [ 40519988.746699996292591, 3531226.747100000269711 ], [ 40519968.772600002586842, 3531225.725499999709427 ], [ 40519951.83839999884367, 3531573.01499999826774 ], [ 40519971.814800001680851, 3531573.9926 ], [ 40519988.746699996292591, 3531226.747100000269711 ] ] ] ] } },
{ "type": "Feature", "properties": { "OBJECTID": 12027, "DKBH": "ZC-CZ-A04-21", "YDDM": "G1", "DKMJ": 15494.2, "YDJRX": " ", "RJL": " ", "JZMD": " ", "LDL": "≥65%", "JDCW": " ", "DTSTZB": " ", "CSSJZB": " ", "REMARK": " ", "PLANNAME": "江阴市中心城区主城控制性详细规划", "PLANDATE": "2014-05-10T00:00:00Z", "PLANUNIT": "江阴市城乡规划设计院", "PASSDATE": "2014-05-25T00:00:00Z", "STARTTIME": "2015-12-01T12:00:00Z", "FGUID": " ", "CADNAME": "08G1公园绿地", "DXKJKF": " ", "YDXZ": "公园绿地", "FTZMC": "ZC-CZ-A04-21-36.dwg", "JZGD": "/", "JC": " ", "SHAPE_Length": 741.74334802371152, "SHAPE_Area": 12995.225809182928 }, "geometry": { "type": "MultiPolygon", "coordinates": [ [ [ [ 40520133.389700002968311, 3531045.766799999400973 ], [ 40520133.4085, 3531045.638600000180304 ], [ 40520133.462899997830391, 3531045.71159999910742 ], [ 40520138.216399997472763, 3531042.12459999974817 ], [ 40520149.4754, 3531034.291999999433756 ], [ 40520157.092100001871586, 3531028.447999999858439 ], [ 40520164.296800002455711, 3531022.103199999779463 ], [ 40520171.226300001144409, 3531015.1034 ], [ 40520177.654399998486042, 3531007.640799998771399 ], [ 40520183.550300002098083, 3530999.750799999106675 ], [ 40520188.885899998247623, 3530991.471299999393523 ], [ 40520193.635200001299381, 3530982.84250000026077 ], [ 40520197.7755, 3530973.905199998989701 ], [ 40520201.287, 3530964.703000000212342 ], [ 40520204.152900002896786, 3530955.279499999713153 ], [ 40520206.359399996697903, 3530945.680200000759214 ], [ 40520207.895900003612041, 3530935.9512 ], [ 40520208.7548, 3530926.13910000026226 ], [ 40520209.2429, 3530916.150999999605119 ], [ 40520179.511600002646446, 3530914.697899999562651 ], [ 40520178.340400002896786, 3530924.24280000012368 ], [ 40520176.704599998891354, 3530933.719100000802428 ], [ 40520175.2161, 3530940.513899999205023 ], [ 40520173.417900003492832, 3530947.233399999793619 ], [ 40520170.729500003159046, 3530955.516500000376254 ], [ 40520167.419699996709824, 3530963.571400000248104 ], [ 40520163.507600001990795, 3530971.351599999237806 ], [ 40520159.015699997544289, 3530978.812199999112636 ], [ 40520154.003300003707409, 3530985.719399999827147 ], [ 40520148.5445, 3530992.279599999543279 ], [ 40520142.663199998438358, 3530998.463799999561161 ], [ 40520136.400200001895428, 3531004.5324 ], [ 40520129.9736, 3531010.427400000393391 ], [ 40520111.138999998569489, 3531026.967199999839067 ], [ 40520092.592799998819828, 3531043.829599999822676 ], [ 40520081.9172, 3531054.301199999637902 ], [ 40520071.7927, 3531065.306600000709295 ], [ 40520062.246, 3531076.816699999850243 ], [ 40520055.995700001716614, 3531085.11699999962002 ], [ 40520050.2628, 3531093.782800000160933 ], [ 40520046.676600001752377, 3531100.0524 ], [ 40520043.596500001847744, 3531106.58559999987483 ], [ 40520041.0418, 3531113.3415 ], [ 40520039.0282, 3531120.277900000568479 ], [ 40520036.721900001168251, 3531130.564600000157952 ], [ 40520035.0066, 3531140.9663 ], [ 40520033.796499997377396, 3531150.202099999878556 ], [ 40520032.7887, 3531159.4622 ], [ 40520031.469400003552437, 3531174.1341 ], [ 40520030.352200001478195, 3531188.822700001299381 ], [ 40520098.001599997282028, 3531192.283300000242889 ], [ 40520100.3068, 3531073.69319999916479 ], [ 40520112.433799996972084, 3531062.568199999630451 ], [ 40520125.079999998211861, 3531052.037199999671429 ], [ 40520133.389700002968311, 3531045.766799999400973 ] ] ] ] } },
{ "type": "Feature", "properties": { "OBJECTID": 12028, "DKBH": "ZC-CZ-A03-44", "YDDM": "G1", "DKMJ": 7679.3, "YDJRX": " ", "RJL": " ", "JZMD": " ", "LDL": "≥65%", "JDCW": " ", "DTSTZB": " ", "CSSJZB": " ", "REMARK": " ", "PLANNAME": "江阴市中心城区主城控制性详细规划", "PLANDATE": "2014-05-10T00:00:00Z", "PLANUNIT": "江阴市城乡规划设计院", "PASSDATE": "2014-05-25T00:00:00Z", "STARTTIME": "2015-12-01T12:00:00Z", "FGUID": " ", "CADNAME": "08G1公园绿地", "DXKJKF": " ", "YDXZ": "公园绿地", "FTZMC": "ZC-CZ-A03-36-60.dwg", "JZGD": "/", "JC": " ", "SHAPE_Length": 761.02479059973189, "SHAPE_Area": 10506.654369137732 }, "geometry": { "type": "MultiPolygon", "coordinates": [ [ [ [ 40520140.31530000269413, 3530904.122899999376386 ], [ 40520120.348300002515316, 3530902.91399999987334 ], [ 40520119.9401, 3530907.443399999756366 ], [ 40520119.113300003111362, 3530914.489799999631941 ], [ 40520117.959200002253056, 3530921.490099999587983 ], [ 40520116.55179999768734, 3530927.800900000147521 ], [ 40520114.6756, 3530933.98839999968186 ], [ 40520114.1884, 3530935.379999999888241 ], [ 40520112.544, 3530938.697399999480695 ], [ 40520108.896700002253056, 3530944.885300000198185 ], [ 40520104.6034, 3530950.643899999093264 ], [ 40520099.714100003242493, 3530955.905699999071658 ], [ 40520094.285800002515316, 3530960.60950000025332 ], [ 40520068.141599997878075, 3530979.772099999245256 ], [ 40520064.970600001513958, 3530982.307099999394268 ], [ 40520050.717200003564358, 3530994.3251 ], [ 40520036.991300001740456, 3531006.942300000227988 ], [ 40520023.8187, 3531020.136099999770522 ], [ 40520011.2231, 3531033.881699999328703 ], [ 40519999.227700002491474, 3531048.154299999587238 ], [ 40519987.854599997401237, 3531062.927600000984967 ], [ 40519977.124799996614456, 3531078.174199999775738 ], [ 40519970.777099996805191, 3531087.998299999162555 ], [ 40519964.789700001478195, 3531098.046099999453872 ], [ 40519959.170999996364117, 3531108.3046 ], [ 40519952.487800002098083, 3531121.808999999891967 ], [ 40519946.443099997937679, 3531135.610900000203401 ], [ 40519941.049900002777576, 3531149.68019999936223 ], [ 40519936.3204, 3531163.986299999523908 ], [ 40519931.2187, 3531183.751899999566376 ], [ 40519990.3931, 3531186.778800000436604 ], [ 40519991.570699997246265, 3531171.259900000412017 ], [ 40519992.959299996495247, 3531155.7585 ], [ 40519994.408100001513958, 3531142.7933 ], [ 40519996.24099999666214, 3531129.876899998635054 ], [ 40519998.128200002014637, 3531119.602900000289083 ], [ 40520000.520000003278255, 3531109.4345 ], [ 40520002.844999998807907, 3531101.465300000272691 ], [ 40520005.667599998414516, 3531093.658399999141693 ], [ 40520008.976599998772144, 3531086.0449 ], [ 40520012.758900001645088, 3531078.655099999625236 ], [ 40520016.999200001358986, 3531071.518299999181181 ], [ 40520024.301700003445148, 3531060.6749 ], [ 40520032.236699998378754, 3531050.2854 ], [ 40520040.537100002169609, 3531040.2845 ], [ 40520049.2245, 3531030.617899999022484 ], [ 40520058.2856, 3531021.300599999725819 ], [ 40520067.7064, 3531012.34720000019297 ], [ 40520079.265, 3531001.895500000100583 ], [ 40520090.969400003552437, 3530991.6072 ], [ 40520100.699, 3530982.958699999842793 ], [ 40520110.293300002813339, 3530974.160300000105053 ], [ 40520117.680200003087521, 3530966.7335 ], [ 40520121.7751, 3530962.075899999123067 ], [ 40520125.442900002002716, 3530957.0751 ], [ 40520128.655000001192093, 3530951.769999999087304 ], [ 40520131.386200003325939, 3530946.202100000344217 ], [ 40520133.61540000140667, 3530940.414799999445677 ], [ 40520135.901600003242493, 3530932.86009999923408 ], [ 40520137.62049999833107, 3530925.156499999575317 ], [ 40520138.916000001132488, 3530917.293600000441074 ], [ 40520139.846500001847744, 3530909.379199999384582 ], [ 40520140.31530000269413, 3530904.122899999376386 ] ] ] ] } },
{ "type": "Feature", "properties": { "OBJECTID": 12129, "DKBH": "ZC-CZ-B02-22", "YDDM": "G1", "DKMJ": 15650.1, "YDJRX": " ", "RJL": " ", "JZMD": " ", "LDL": "≥65%", "JDCW": " ", "DTSTZB": " ", "CSSJZB": " ", "REMARK": " ", "PLANNAME": "《江阴市中心城区主城控制性详细规划》（城西片区）调整", "PLANDATE": "2022-06-15T00:00:00Z", "PLANUNIT": "江阴市城乡规划设计院", "PASSDATE": "2022-07-15T00:00:00Z", "STARTTIME": "2022-08-03T16:39:42Z", "FGUID": null, "CADNAME": "08G1公园绿地", "DXKJKF": " ", "YDXZ": "公园绿地", "FTZMC": "ZC-CZ-B02-01-21.dwg", "JZGD": "/", "JC": null, "SHAPE_Length": 1042.6589430391778, "SHAPE_Area": 15650.076188836836 }, "geometry": { "type": "MultiPolygon", "coordinates": [ [ [ [ 40521812.426299996674061, 3531392.213499999139458 ], [ 40521780.552100002765656, 3531388.8257 ], [ 40521757.1549, 3531875.482299999333918 ], [ 40521788.8517, 3531882.556900000665337 ], [ 40521812.426299996674061, 3531392.213499999139458 ] ] ] ] } },
{ "type": "Feature", "properties": { "OBJECTID": 12133, "DKBH": "ZC-CZ-B06-01", "YDDM": "G1", "DKMJ": 95737.5, "YDJRX": " ", "RJL": " ", "JZMD": " ", "LDL": "≥65%", "JDCW": " ", "DTSTZB": " ", "CSSJZB": " ", "REMARK": " ", "PLANNAME": "《江阴市中心城区主城控制性详细规划》（青山未来社区）调整", "PLANDATE": "2024-02-20T00:00:00Z", "PLANUNIT": "江阴市城乡规划设计院", "PASSDATE": "2024-03-20T00:00:00Z", "STARTTIME": "2024-04-10T16:59:23Z", "FGUID": null, "CADNAME": "08G1公园绿地", "DXKJKF": " ", "YDXZ": "公园绿地", "FTZMC": "ZC-CZ-B06-01-17.dwg", "JZGD": "/", "JC": null, "SHAPE_Length": 2353.0403239402981, "SHAPE_Area": 95737.508515995389 }, "geometry": { "type": "MultiPolygon", "coordinates": [ [ [ [ 40521679.864500001072884, 3530073.0143 ], [ 40521684.605899997055531, 3530029.259299999568611 ], [ 40521684.22291324287653, 3530028.128180983010679 ], [ 40521683.764785766601562, 3530027.025352537631989 ], [ 40521683.233594886958599, 3530025.955799221526831 ], [ 40521682.631736747920513, 3530024.924355506431311 ], [ 40521681.961931221187115, 3530023.935683607589453 ], [ 40521681.227209083735943, 3530022.994252204429358 ], [ 40521680.430889122188091, 3530022.10431659175083 ], [ 40521679.57657241076231, 3530021.269899367820472 ], [ 40521678.668119423091412, 3530020.4947719569318 ], [ 40521677.709636680781841, 3530019.782438158523291 ], [ 40521676.705455772578716, 3530019.136117457877845 ], [ 40521675.660114280879498, 3530018.55873143626377 ], [ 40521674.57834243029356, 3530018.052889704238623 ], [ 40521673.465023033320904, 3530017.620878934394568 ], [ 40521672.325193397700787, 3530017.264651536475867 ], [ 40521671.164003364741802, 3530016.985817789565772 ], [ 40521669.986701965332031, 3530016.78563791513443 ], [ 40521668.798612095415592, 3530016.66501689190045 ], [ 40521667.605099998414516, 3530016.6245 ], [ 40521653.840899996459484, 3530019.166699999477714 ], [ 40521643.075499996542931, 3530022.696499998681247 ], [ 40521631.973700001835823, 3530027.402899998705834 ], [ 40521623.394900001585484, 3530029.924100000411272 ], [ 40521614.6479, 3530029.924100000411272 ], [ 40521603.485299997031689, 3530023.486900000832975 ], [ 40521594.858900003135204, 3530006.483699999283999 ], [ 40521590.2183, 3529989.30089999968186 ], [ 40521587.050899997353554, 3529979.1233 ], [ 40521580.031499996781349, 3529974.253499999176711 ], [ 40521571.496299996972084, 3529974.798899998888373 ], [ 40521550.408299997448921, 3529976.072299998253584 ], [ 40521542.0251, 3529987.1423 ], [ 40521534.540299996733665, 3529994.322700000368059 ], [ 40521526.756099998950958, 3529994.322700000368059 ], [ 40521520.4687, 3529988.039899999741465 ], [ 40521517.175499998033047, 3529979.064099999144673 ], [ 40521516.576700001955032, 3529968.293499999679625 ], [ 40521520.1695, 3529955.129099998623133 ], [ 40521515.964500002563, 3529939.941499999724329 ], [ 40521506.69650000333786, 3529924.612099999096245 ], [ 40521496.517099998891354, 3529917.730700000654906 ], [ 40521494.7209, 3529906.361699999775738 ], [ 40521499.511100001633167, 3529897.086700000334531 ], [ 40521503.836499996483326, 3529887.2517 ], [ 40521509.9877, 3529884.655899999663234 ], [ 40521515.4003000035882, 3529884.0003 ], [ 40521524.257700003683567, 3529887.114500000607222 ], [ 40521536.231299996376038, 3529894.489900000859052 ], [ 40521544.104099996387959, 3529895.965099999681115 ], [ 40521549.188900001347065, 3529897.2763 ], [ 40521556.405900001525879, 3529901.046099999453872 ], [ 40521562.310500003397465, 3529903.83229999942705 ], [ 40521569.527500003576279, 3529903.832299999892712 ], [ 40521570.6039, 3529902.288099998608232 ], [ 40521576.534100003540516, 3529902.161899999715388 ], [ 40521578.174500003457069, 3529904.153900000266731 ], [ 40521608.317900002002716, 3529905.7017 ], [ 40521624.956699997186661, 3529906.089900000486523 ], [ 40521632.772100001573563, 3529909.080500000156462 ], [ 40521635.56530000269413, 3529910.019300000276417 ], [ 40521638.0287000015378, 3529909.28349999897182 ], [ 40521639.958700001239777, 3529907.659499999601394 ], [ 40521644.758100003004074, 3529902.990299998782575 ], [ 40521647.1453, 3529894.8511 ], [ 40521652.3385, 3529893.398099999409169 ], [ 40521659.608900003135204, 3529893.398099999409169 ], [ 40521667.087300002574921, 3529890.1807 ], [ 40521670.722499996423721, 3529885.613900000229478 ], [ 40521671.515353620052338, 3529884.604320877697319 ], [ 40521672.240928642451763, 3529883.545356332790107 ], [ 40521672.896160118281841, 3529882.441482305061072 ], [ 40521673.478277198970318, 3529881.297364830505103 ], [ 40521673.984819404780865, 3529880.117839574348181 ], [ 40521674.413646690547466, 3529878.90789222670719 ], [ 40521674.762947075068951, 3529877.672637104522437 ], [ 40521675.031242363154888, 3529876.417295336257666 ], [ 40521675.217399589717388, 3529875.147172867786139 ], [ 40521675.320630490779877, 3529873.867638343479484 ], [ 40521675.340499997138977, 3529872.584099999628961 ], [ 40521675.152426660060883, 3529870.826516268309206 ], [ 40521674.846246711909771, 3529869.085618197452277 ], [ 40521674.423353187739849, 3529867.369333266746253 ], [ 40521673.885673515498638, 3529865.685476660262793 ], [ 40521673.235656730830669, 3529864.04171585990116 ], [ 40521672.476259224116802, 3529862.445536136161536 ], [ 40521671.610942833125591, 3529860.904205560218543 ], [ 40521670.643646232783794, 3529859.424742817413062 ], [ 40521669.578775398433208, 3529858.013884782325476 ], [ 40521668.42117690294981, 3529856.678056001197547 ], [ 40521667.176122657954693, 3529855.423339187633246 ], [ 40521665.849282205104828, 3529854.255447862204164 ], [ 40521664.4467, 3529853.179700000211596 ], [ 40521659.985432803630829, 3529849.762415765784681 ], [ 40521655.773279182612896, 3529846.042405902873725 ], [ 40521651.830732338130474, 3529842.03777515841648 ], [ 40521648.176986686885357, 3529837.768013596069068 ], [ 40521644.82982062548399, 3529833.253901481162757 ], [ 40521641.805524818599224, 3529828.517408251296729 ], [ 40521639.118818275630474, 3529823.581585883628577 ], [ 40521636.782777778804302, 3529818.470456242095679 ], [ 40521634.808771125972271, 3529813.208894609939307 ], [ 40521633.20640753954649, 3529807.822507977019995 ], [ 40521631.983484260737896, 3529802.337511300574988 ], [ 40521631.145952217280865, 3529796.780599236022681 ], [ 40521630.697889320552349, 3529791.178816437255591 ], [ 40521630.641475670039654, 3529785.559426068793982 ], [ 40521630.976984016597271, 3529779.949776768218726 ], [ 40521631.702783577144146, 3529774.377169966232032 ], [ 40521632.815340034663677, 3529768.868726849090308 ], [ 40521634.309242241084576, 3529763.451256036292762 ], [ 40521636.177217476069927, 3529758.151123642455786 ], [ 40521638.410173408687115, 3529752.994124650489539 ], [ 40521640.997243873775005, 3529748.005357443820685 ], [ 40521643.925835788249969, 3529743.209101795218885 ], [ 40521647.181699998676777, 3529738.628699999768287 ], [ 40521663.824299998581409, 3529721.8029 ], [ 40521690.921300001442432, 3529712.384899999480695 ], [ 40521720.609700001776218, 3529711.503700000233948 ], [ 40521733.837300002574921, 3529695.838099999818951 ], [ 40521739.984103016555309, 3529678.941751956939697 ], [ 40521745.012680053710938, 3529661.679562747478485 ], [ 40521748.901500694453716, 3529644.125450610648841 ], [ 40521751.633909218013287, 3529626.354583382140845 ], [ 40521753.198204040527344, 3529608.443057715892792 ], [ 40521753.587691120803356, 3529590.467572450637817 ], [ 40521752.800700001418591, 3529572.505099999252707 ], [ 40521632.361699998378754, 3529577.845300000160933 ], [ 40521627.9023, 3529578.043100000359118 ], [ 40521606.036300003528595, 3529579.012499999720603 ], [ 40521445.5453, 3529586.128499999642372 ], [ 40521444.594499997794628, 3529603.241100000217557 ], [ 40521444.6025, 3529604.2431 ], [ 40521444.627921059727669, 3529604.528223876375705 ], [ 40521444.660711288452148, 3529604.81259423494339 ], [ 40521444.70085334032774, 3529605.096020698081702 ], [ 40521444.748317711055279, 3529605.378313183318824 ], [ 40521444.803070068359375, 3529605.659282505512238 ], [ 40521444.865078881382942, 3529605.938740496058017 ], [ 40521444.934299997985363, 3529606.216499999631196 ], [ 40521445.014476798474789, 3529606.510990843642503 ], [ 40521445.099176399409771, 3529606.804213821422309 ], [ 40521445.188371650874615, 3529607.096100091468543 ], [ 40521445.282043449580669, 3529607.386580228339881 ], [ 40521445.380172722041607, 3529607.67558580590412 ], [ 40521445.482730887830257, 3529607.963048443663865 ], [ 40521445.589699998497963, 3529608.248899998608977 ], [ 40521445.706467039883137, 3529608.550053491257131 ], [ 40521445.825138092041016, 3529608.850461661815643 ], [ 40521445.94571303576231, 3529609.150112270843238 ], [ 40521446.068180076777935, 3529609.448993443977088 ], [ 40521446.192535400390625, 3529609.747093021869659 ], [ 40521446.318777449429035, 3529610.044399156235158 ], [ 40521446.446900002658367, 3529610.340899999253452 ], [ 40521446.574918493628502, 3529610.635261992923915 ], [ 40521446.702331535518169, 3529610.929886281024665 ], [ 40521446.829137794673443, 3529611.224771856795996 ], [ 40521446.955339424312115, 3529611.519917249213904 ], [ 40521447.080934517085552, 3529611.815321146976203 ], [ 40521447.205920919775963, 3529612.110982517711818 ], [ 40521447.330300003290176, 3529612.406899998895824 ], [ 40521447.449674226343632, 3529612.695593463256955 ], [ 40521447.565973274409771, 3529612.985539018642157 ], [ 40521447.679183952510357, 3529613.276704310905188 ], [ 40521447.789295189082623, 3529613.569056033622473 ], [ 40521447.896291725337505, 3529613.862561285030097 ], [ 40521448.000165559351444, 3529614.157187091186643 ], [ 40521448.100900001823902, 3529614.452900000847876 ], [ 40521448.193503864109516, 3529614.738225212786347 ], [ 40521448.280166618525982, 3529615.025411426555365 ], [ 40521448.360845558345318, 3529615.314334868919104 ], [ 40521448.435510627925396, 3529615.604871034156531 ], [ 40521448.504127494990826, 3529615.896894514095038 ], [ 40521448.566665180027485, 3529616.190279713366181 ], [ 40521448.623099997639656, 3529616.4849 ], [ 40521448.672495894134045, 3529616.787399953696877 ], [ 40521448.711418144404888, 3529617.091425239574164 ], [ 40521448.739816658198833, 3529617.396613358985633 ], [ 40521448.757659904658794, 3529617.702600121032447 ], [ 40521448.764924995601177, 3529618.009020506870002 ], [ 40521448.761603407561779, 3529618.315509027335793 ], [ 40521448.747699998319149, 3529618.621700000483543 ], [ 40521447.090499997138977, 3529648.449099998921156 ], [ 40521447.067766785621643, 3529648.736650545150042 ], [ 40521447.035699836909771, 3529649.023310243617743 ], [ 40521446.994335167109966, 3529649.30877649737522 ], [ 40521446.943714134395123, 3529649.592747687827796 ], [ 40521446.883890144526958, 3529649.874923526775092 ], [ 40521446.814926743507385, 3529650.155006367713213 ], [ 40521446.736900001764297, 3529650.43269999884069 ], [ 40521446.64818574488163, 3529650.719247756525874 ], [ 40521446.553543083369732, 3529651.003892123233527 ], [ 40521446.453012458980083, 3529651.286510347854346 ], [ 40521446.346633903682232, 3529651.566980599891394 ], [ 40521446.23445700854063, 3529651.845182120334357 ], [ 40521446.116527572274208, 3529652.120994864031672 ], [ 40521445.9929, 3529652.394299999810755 ], [ 40521445.860013008117676, 3529652.677027876488864 ], [ 40521445.724128715693951, 3529652.958327829372138 ], [ 40521445.585262291133404, 3529653.238167881499976 ], [ 40521445.443429939448833, 3529653.516516446601599 ], [ 40521445.298648826777935, 3529653.793342053424567 ], [ 40521445.150931358337402, 3529654.068613584153354 ], [ 40521445.000299997627735, 3529654.342299999203533 ], [ 40521444.843909434974194, 3529654.622614287305623 ], [ 40521444.686941146850586, 3529654.902606785297394 ], [ 40521444.529401771724224, 3529655.182276248466223 ], [ 40521444.371286384761333, 3529655.461621522437781 ], [ 40521444.212594985961914, 3529655.740641295909882 ], [ 40521444.053334407508373, 3529656.019334458280355 ], [ 40521443.8935, 3529656.297699999529868 ], [ 40521443.733331181108952, 3529656.578187925275415 ], [ 40521443.574939727783203, 3529656.859684407711029 ], [ 40521443.418336860835552, 3529657.142178296577185 ], [ 40521443.263525001704693, 3529657.425658225547522 ], [ 40521443.110507965087891, 3529657.710112631320953 ], [ 40521442.959300495684147, 3529657.995530468877405 ], [ 40521442.8099, 3529658.281899999361485 ], [ 40521442.671910680830479, 3529658.554157454054803 ], [ 40521442.538120269775391, 3529658.828504621982574 ], [ 40521442.408569328486919, 3529659.10487675620243 ], [ 40521442.283281318843365, 3529659.383208393584937 ], [ 40521442.162286758422852, 3529659.663433730602264 ], [ 40521442.045619405806065, 3529659.94548650411889 ], [ 40521441.933300003409386, 3529660.229300000704825 ], [ 40521441.833762399852276, 3529660.497670038137585 ], [ 40521441.741203300654888, 3529660.768526255618781 ], [ 40521441.655685417354107, 3529661.041687607299536 ], [ 40521441.577266685664654, 3529661.316970586311072 ], [ 40521441.505998603999615, 3529661.594191014301032 ], [ 40521441.441928140819073, 3529661.873163087759167 ], [ 40521441.3851, 3529662.153699999209493 ], [ 40521441.266099996864796, 3529663.148699999321252 ], [ 40521439.1199000030756, 3529701.775299999397248 ], [ 40521438.783299997448921, 3529707.833700001239777 ], [ 40521434.836099997162819, 3529778.877699999604374 ], [ 40521434.866298541426659, 3529779.147820054087788 ], [ 40521434.896760940551758, 3529779.417910158634186 ], [ 40521434.927495948970318, 3529779.687969922553748 ], [ 40521434.958494178950787, 3529779.957998990546912 ], [ 40521434.989761352539062, 3529780.227997124195099 ], [ 40521435.021297320723534, 3529780.497964321170002 ], [ 40521435.053099997341633, 3529780.767900000326335 ], [ 40521435.086638785898685, 3529781.050286331679672 ], [ 40521435.120454788208008, 3529781.332639634609222 ], [ 40521435.154550544917583, 3529781.614959597121924 ], [ 40521435.188922874629498, 3529781.897245883475989 ], [ 40521435.223569869995117, 3529782.179498136043549 ], [ 40521435.25849661976099, 3529782.461716332938522 ], [ 40521435.293700002133846, 3529782.743900000117719 ], [ 40521435.329224921762943, 3529783.026657994836569 ], [ 40521435.365013115108013, 3529783.309382736217231 ], [ 40521435.401063911616802, 3529783.592074155341834 ], [ 40521435.437377922236919, 3529783.874731778632849 ], [ 40521435.473957054316998, 3529784.157355367671698 ], [ 40521435.510796882212162, 3529784.439944919198751 ], [ 40521435.547899998724461, 3529784.722499999217689 ], [ 40521435.585381306707859, 3529785.005657450761646 ], [ 40521435.623111717402935, 3529785.288781940471381 ], [ 40521435.661090843379498, 3529785.571873187553138 ], [ 40521435.699319832026958, 3529785.854930758010596 ], [ 40521435.737798683345318, 3529786.137954532634467 ], [ 40521435.776524342596531, 3529786.420944349374622 ], [ 40521435.815499998629093, 3529786.703899999614805 ], [ 40521435.854765258729458, 3529786.98745615594089 ], [ 40521435.894268028438091, 3529787.270979582797736 ], [ 40521435.934003822505474, 3529787.554470180999488 ], [ 40521435.973976127803326, 3529787.837927817832679 ], [ 40521436.014183036983013, 3529788.12135201646015 ], [ 40521436.05462297052145, 3529788.404742790386081 ], [ 40521436.095299996435642, 3529788.688099999446422 ], [ 40521436.136323884129524, 3529788.972082619089633 ], [ 40521436.17756462097168, 3529789.256033360958099 ], [ 40521436.219030372798443, 3529789.539951920043677 ], [ 40521436.260717384517193, 3529789.823837995063514 ], [ 40521436.302621841430664, 3529790.10769134759903 ], [ 40521436.344751313328743, 3529790.391512040514499 ], [ 40521436.387100003659725, 3529790.675300001166761 ], [ 40521436.429763823747635, 3529790.959680004045367 ], [ 40521436.472635269165039, 3529791.244028747081757 ], [ 40521436.515714637935162, 3529791.528346299659461 ], [ 40521436.559000007808208, 3529791.81263232184574 ], [ 40521436.60249137878418, 3529792.096886694431305 ], [ 40521436.646192580461502, 3529792.381109280511737 ], [ 40521436.6901, 3529792.6653 ], [ 40521436.73429199308157, 3529792.950105173047632 ], [ 40521436.778676979243755, 3529793.2348802681081 ], [ 40521436.823255531489849, 3529793.519625186454505 ], [ 40521436.868026725947857, 3529793.804339766036719 ], [ 40521436.912992469966412, 3529794.089023768436164 ], [ 40521436.958147965371609, 3529794.373677236493677 ], [ 40521437.0035, 3529794.658299999777228 ], [ 40521437.049134135246277, 3529794.943415467627347 ], [ 40521437.094947807490826, 3529795.228502094279975 ], [ 40521437.140939705073833, 3529795.513559937011451 ], [ 40521437.187110893428326, 3529795.798588752280921 ], [ 40521437.233461372554302, 3529796.083588301669806 ], [ 40521437.279990077018738, 3529796.36855882871896 ], [ 40521437.326700001955032, 3529796.65349999954924 ], [ 40521437.373661525547504, 3529796.938868016470224 ], [ 40521437.420789711177349, 3529797.224208652507514 ], [ 40521437.468080513179302, 3529797.509522079955786 ], [ 40521437.51553725451231, 3529797.794807910453528 ], [ 40521437.563159935176373, 3529798.080066263210028 ], [ 40521437.610947139561176, 3529798.365297049749643 ], [ 40521437.6589, 3529798.650500000454485 ], [ 40521437.829099893569946, 3529799.650299382861704 ], [ 40521437.999300003051758, 3529800.650100000202656 ], [ 40521438.173600912094116, 3529801.651705230586231 ], [ 40521438.347900003194809, 3529802.653299999888986 ], [ 40521438.525603473186493, 3529803.656219620723277 ], [ 40521438.7033, 3529804.659099998883903 ], [ 40521438.884203389286995, 3529805.663118788972497 ], [ 40521439.0651, 3529806.667099999729544 ], [ 40521439.248799800872803, 3529807.671998895704746 ], [ 40521439.432499997317791, 3529808.676899999380112 ], [ 40521439.618596747517586, 3529809.682982391212136 ], [ 40521439.804700002074242, 3529810.6891 ], [ 40521439.992996446788311, 3529811.695980986114591 ], [ 40521440.1813, 3529812.7029 ], [ 40521440.39844287186861, 3529813.854785710573196 ], [ 40521440.452728576958179, 3529814.142757136374712 ], [ 40521440.50701429694891, 3529814.430728565901518 ], [ 40521440.561300002038479, 3529814.7187 ], [ 40521440.752901285886765, 3529815.728606780525297 ], [ 40521440.9445, 3529816.738499999511987 ], [ 40521441.137002639472485, 3529817.748813871759921 ], [ 40521441.329499997198582, 3529818.7591 ], [ 40521441.522800832986832, 3529819.770604391116649 ], [ 40521441.7161, 3529820.7821 ], [ 40521442.104099996387959, 3529822.810099999420345 ], [ 40521442.29729962348938, 3529823.821198010351509 ], [ 40521442.490500003099442, 3529824.83229999942705 ], [ 40521442.71141429245472, 3529825.991500055417418 ], [ 40521442.766642853617668, 3529826.281300036236644 ], [ 40521442.821871429681778, 3529826.571100013330579 ], [ 40521442.877099998295307, 3529826.86089999973774 ], [ 40521443.06969827413559, 3529827.876190911512822 ], [ 40521443.2623, 3529828.891499999444932 ], [ 40521443.426528573036194, 3529829.762442890554667 ], [ 40521443.481271430850029, 3529830.052757166326046 ], [ 40521443.536014288663864, 3529830.343071443960071 ], [ 40521443.590757146477699, 3529830.633385721594095 ], [ 40521443.645499996840954, 3529830.923699999693781 ], [ 40521443.835600845515728, 3529831.940704528708011 ], [ 40521444.025700002908707, 3529832.95769999967888 ], [ 40521444.214002594351768, 3529833.975613994523883 ], [ 40521444.4023, 3529834.993499999400228 ], [ 40521444.561985723674297, 3529835.866757137700915 ], [ 40521444.615214295685291, 3529836.157842854037881 ], [ 40521444.668442867696285, 3529836.448928568512201 ], [ 40521444.721671439707279, 3529836.740014284849167 ], [ 40521444.774899996817112, 3529837.03110000025481 ], [ 40521444.958602622151375, 3529838.050814555026591 ], [ 40521445.142300002276897, 3529839.07050000037998 ], [ 40521445.349042855203152, 3529840.237014288082719 ], [ 40521445.400728575885296, 3529840.528642859309912 ], [ 40521445.452414281666279, 3529840.820271430537105 ], [ 40521445.504100002348423, 3529841.1119 ], [ 40521445.681796208024025, 3529842.133178187534213 ], [ 40521445.859499998390675, 3529843.154499999247491 ], [ 40521446.033397369086742, 3529844.176084540784359 ], [ 40521446.2073, 3529845.19770000083372 ], [ 40521446.256436996161938, 3529845.489958097226918 ], [ 40521446.305402755737305, 3529845.782244622707367 ], [ 40521446.354202263057232, 3529846.074559568893164 ], [ 40521446.402832023799419, 3529846.366902589332312 ], [ 40521446.451288223266602, 3529846.659273684024811 ], [ 40521446.499580077826977, 3529846.951672841794789 ], [ 40521446.547700002789497, 3529847.244099999312311 ], [ 40521446.59559416025877, 3529847.536410494707525 ], [ 40521446.643302917480469, 3529847.828751027584076 ], [ 40521446.690832130610943, 3529848.121121525298804 ], [ 40521446.738174431025982, 3529848.413521646987647 ], [ 40521446.785331726074219, 3529848.705951511859894 ], [ 40521446.832309477031231, 3529848.998410983942449 ], [ 40521446.879100002348423, 3529849.290899999439716 ], [ 40521446.925752975046635, 3529849.583548828493804 ], [ 40521446.972206115722656, 3529849.876229226589203 ], [ 40521447.018463127315044, 3529850.168941139709204 ], [ 40521447.064519874751568, 3529850.461684226524085 ], [ 40521447.110378265380859, 3529850.754458487033844 ], [ 40521447.156038619577885, 3529851.047263785731047 ], [ 40521447.201499998569489, 3529851.340099999215454 ], [ 40521447.246710859239101, 3529851.632859426550567 ], [ 40521447.291707992553711, 3529851.925651729106903 ], [ 40521447.336494438350201, 3529852.218476652633399 ], [ 40521447.381065361201763, 3529852.511334180366248 ], [ 40521447.425422668457031, 3529852.804223954677582 ], [ 40521447.469567380845547, 3529853.097145992331207 ], [ 40521447.51349999755621, 3529853.390100000426173 ], [ 40521447.557270593941212, 3529853.683370345737785 ], [ 40521447.600814811885357, 3529853.976674615871161 ], [ 40521447.644128791987896, 3529854.270012855064124 ], [ 40521447.687213890254498, 3529854.563384651672095 ], [ 40521447.730072014033794, 3529854.856789767276496 ], [ 40521447.772699899971485, 3529855.150228375103325 ], [ 40521447.8151, 3529855.443700000178069 ], [ 40521447.857200413942337, 3529855.736882392317057 ], [ 40521447.899059288203716, 3529856.030099570285529 ], [ 40521447.940673820674419, 3529856.323351382743567 ], [ 40521447.982044212520123, 3529856.616637467872351 ], [ 40521448.023172371089458, 3529856.909957706462592 ], [ 40521448.064058095216751, 3529857.203311983495951 ], [ 40521448.1047, 3529857.49669999955222 ], [ 40521448.14510328322649, 3529857.790137745440006 ], [ 40521448.185249321162701, 3529858.083610832225531 ], [ 40521448.225135795772076, 3529858.377119183074683 ], [ 40521448.264764778316021, 3529858.670662521850318 ], [ 40521448.304134361445904, 3529858.964240490924567 ], [ 40521448.343246288597584, 3529859.257853128015995 ], [ 40521448.3821, 3529859.551499999593943 ], [ 40521448.420691698789597, 3529859.845022479072213 ], [ 40521448.459009163081646, 3529860.138580739032477 ], [ 40521448.497055046260357, 3529860.432174682151526 ], [ 40521448.534826271235943, 3529860.725803732406348 ], [ 40521448.572324745357037, 3529861.019467770587653 ], [ 40521448.609547823667526, 3529861.313166657462716 ], [ 40521448.646499998867512, 3529861.6069 ], [ 40521448.683136112987995, 3529861.900765412952751 ], [ 40521448.719488129019737, 3529862.194666444789618 ], [ 40521448.755548469722271, 3529862.488603233825415 ], [ 40521448.791318885982037, 3529862.782575249206275 ], [ 40521448.826801285147667, 3529863.076582133304328 ], [ 40521448.861993916332722, 3529863.370623940136284 ], [ 40521448.896899998188019, 3529863.66469999961555 ], [ 40521448.931524500250816, 3529863.958680279087275 ], [ 40521448.965848915278912, 3529864.252696334850043 ], [ 40521448.999868385493755, 3529864.546747803222388 ], [ 40521449.033582679927349, 3529864.840834140311927 ], [ 40521449.066991798579693, 3529865.13495510770008 ], [ 40521449.100097879767418, 3529865.429110414814204 ], [ 40521449.1329, 3529865.723299999255687 ], [ 40521449.165371619164944, 3529866.017539348453283 ], [ 40521449.197526924312115, 3529866.31181377125904 ], [ 40521449.229360572993755, 3529866.606123089324683 ], [ 40521449.260875694453716, 3529866.900466560851783 ], [ 40521449.292070381343365, 3529867.194844066631049 ], [ 40521449.322943411767483, 3529867.489255394786596 ], [ 40521449.353500001132488, 3529867.783699999097735 ], [ 40521449.383734568953514, 3529868.078142140526325 ], [ 40521449.413633339107037, 3529868.372618376743048 ], [ 40521449.44319724291563, 3529868.667128681670874 ], [ 40521449.472427360713482, 3529868.96167230559513 ], [ 40521449.501319877803326, 3529869.256248890887946 ], [ 40521449.529877528548241, 3529869.550858352798969 ], [ 40521449.5581, 3529869.845499999355525 ], [ 40521449.585950881242752, 3529870.14014610927552 ], [ 40521449.613454811275005, 3529870.434825121890754 ], [ 40521449.640605919063091, 3529870.729536771308631 ], [ 40521449.66740607470274, 3529871.024280428420752 ], [ 40521449.693855278193951, 3529871.31905573559925 ], [ 40521449.719951659440994, 3529871.613862487487495 ], [ 40521449.745700001716614, 3529871.908699999097735 ], [ 40521449.77111391723156, 3529872.203493845183402 ], [ 40521449.796159744262695, 3529872.498319208621979 ], [ 40521449.820842735469341, 3529872.79317545844242 ], [ 40521449.845157615840435, 3529873.088062047492713 ], [ 40521449.869102478027344, 3529873.382978618144989 ], [ 40521449.892686411738396, 3529873.677924763876945 ], [ 40521449.9159, 3529873.972899999469519 ], [ 40521449.938705407083035, 3529874.267928725574166 ], [ 40521449.961126327514648, 3529874.56298691034317 ], [ 40521449.983167640864849, 3529874.858073949348181 ], [ 40521450.004825584590435, 3529875.153189181815833 ], [ 40521450.026098251342773, 3529875.448332250118256 ], [ 40521450.046991311013699, 3529875.743502622935921 ], [ 40521450.067500002682209, 3529876.0387 ], [ 40521450.087636969983578, 3529876.333907701540738 ], [ 40521450.107377998530865, 3529876.629142343532294 ], [ 40521450.126720421016216, 3529876.924403309356421 ], [ 40521450.145662300288677, 3529877.219690083991736 ], [ 40521450.164207451045513, 3529877.515002071391791 ], [ 40521450.182352088391781, 3529877.810338952112943 ], [ 40521450.200099997222424, 3529878.105700000189245 ], [ 40521450.217456728219986, 3529878.40100217750296 ], [ 40521450.234397888183594, 3529878.696328461170197 ], [ 40521450.250926963984966, 3529878.991678237449378 ], [ 40521450.267042152583599, 3529879.287050842773169 ], [ 40521450.282739639282227, 3529879.582445681095123 ], [ 40521450.298028856515884, 3529879.877862223889679 ], [ 40521450.3129, 3529880.1733 ], [ 40521450.327332682907581, 3529880.468812484294176 ], [ 40521450.341335296630859, 3529880.764345705509186 ], [ 40521450.354909889400005, 3529881.05989897204563 ], [ 40521450.368051521480083, 3529881.355471729766577 ], [ 40521450.380764007568359, 3529881.651063144207001 ], [ 40521450.39304656535387, 3529881.946672696620226 ], [ 40521450.4049, 3529882.242300000507385 ], [ 40521450.416295133531094, 3529882.537909867241979 ], [ 40521450.427242279052734, 3529882.833536803722382 ], [ 40521450.437746040523052, 3529883.129179834853858 ], [ 40521450.447803489863873, 3529883.424838304053992 ], [ 40521450.457412719726562, 3529883.720511615276337 ], [ 40521450.466580472886562, 3529884.016198994591832 ], [ 40521450.4753, 3529884.311900000553578 ], [ 40521450.483600281178951, 3529884.60766578419134 ], [ 40521450.491436004638672, 3529884.903444230556488 ], [ 40521450.49881362169981, 3529885.199234604369849 ], [ 40521450.505727760493755, 3529885.495036005508155 ], [ 40521450.512178421020508, 3529885.790847837924957 ], [ 40521450.518170975148678, 3529886.086669332813472 ], [ 40521450.523699998855591, 3529886.382500000298023 ], [ 40521450.52873333543539, 3529886.678423507604748 ], [ 40521450.533288948237896, 3529886.974354683887213 ], [ 40521450.537366859614849, 3529887.270292996894568 ], [ 40521450.540966026484966, 3529887.566237449180335 ], [ 40521450.54408835619688, 3529887.862187206279486 ], [ 40521450.546732984483242, 3529888.158141715917736 ], [ 40521450.5489, 3529888.45409999974072 ], [ 40521450.55061049759388, 3529888.750411111395806 ], [ 40521450.551828376948833, 3529889.04672461701557 ], [ 40521450.552551262080669, 3529889.343039750587195 ], [ 40521450.552780143916607, 3529889.639355778228492 ], [ 40521450.552515022456646, 3529889.935671627055854 ], [ 40521450.551754906773567, 3529890.231986600439996 ], [ 40521450.550499998033047, 3529890.528299999423325 ], [ 40521450.548713833093643, 3529890.824543569236994 ], [ 40521450.546417236328125, 3529891.120783388614655 ], [ 40521450.54361342638731, 3529891.417019128333777 ], [ 40521450.540300361812115, 3529891.713249444495887 ], [ 40521450.536474227905273, 3529892.009473502635956 ], [ 40521450.532140880823135, 3529892.305690739303827 ], [ 40521450.5273, 3529892.60190000012517 ], [ 40521450.521960511803627, 3529892.89830585476011 ], [ 40521450.516096115112305, 3529893.194701731204987 ], [ 40521450.509708397090435, 3529893.491086959373206 ], [ 40521450.50279425829649, 3529893.787460207473487 ], [ 40521450.495353698730469, 3529894.083820760250092 ], [ 40521450.4873898178339, 3529894.380167684517801 ], [ 40521450.4789, 3529894.6765 ], [ 40521450.469864189624786, 3529894.973041546531022 ], [ 40521450.460287094116211, 3529895.269566118717194 ], [ 40521450.450172416865826, 3529895.566072821151465 ], [ 40521450.439516060054302, 3529895.862560510169715 ], [ 40521450.428316116333008, 3529896.159028232097626 ], [ 40521450.416578590869904, 3529896.455474984832108 ], [ 40521450.40429999679327, 3529896.751899999100715 ], [ 40521450.391428783535957, 3529897.048893479630351 ], [ 40521450.378000259399414, 3529897.345862448215485 ], [ 40521450.364015571773052, 3529897.642805695068091 ], [ 40521450.34947394579649, 3529897.939722060691565 ], [ 40521450.334371566772461, 3529898.236610472202301 ], [ 40521450.318714931607246, 3529898.533470181748271 ], [ 40521450.302500002086163, 3529898.830299999564886 ], [ 40521443.4746999964118, 3530027.539900000207126 ], [ 40521460.810099996626377, 3530052.871699998620898 ], [ 40521550.409699998795986, 3530076.498100000433624 ], [ 40521574.1266999989748, 3530087.4057 ], [ 40521663.023100003600121, 3530110.846699999645352 ], [ 40521679.864500001072884, 3530073.0143 ] ], [ [ 40521489.53490000218153, 3529614.207499999552965 ], [ 40521568.841700002551079, 3529610.691100000403821 ], [ 40521562.5827, 3529712.429699999745935 ], [ 40521483.275700002908707, 3529715.946099998895079 ], [ 40521489.53490000218153, 3529614.207499999552965 ] ] ] ] } },
{ "type": "Feature", "properties": { "OBJECTID": 12138, "DKBH": "ZC-CZ-B03-10", "YDDM": "R2", "DKMJ": 62603.4, "YDJRX": "A、B、S、G", "RJL": "≤2.5", "JZMD": "≤30%", "LDL": "≥30%", "JDCW": "0.8个/100㎡", "DTSTZB": " ", "CSSJZB": " ", "REMARK": " ", "PLANNAME": "《江阴市中心城区主城控制性详细规划》滨江路沿线地块更正", "PLANDATE": "2022-01-17T00:00:00Z", "PLANUNIT": "江阴市城乡规划设计院", "PASSDATE": "2022-01-21T00:00:00Z", "STARTTIME": "2022-02-14T14:48:18Z", "FGUID": null, "CADNAME": "01R2二类居住用地", "DXKJKF": " ", "YDXZ": "二类居住用地", "FTZMC": "ZC-CZ-B03-01-28.dwg", "JZGD": "/", "JC": null, "SHAPE_Length": 1060.6015847258338, "SHAPE_Area": 62604.598252623364 }, "geometry": { "type": "MultiPolygon", "coordinates": [ [ [ [ 40523130.456299997866154, 3532437.432099998928607 ], [ 40523137.1805, 3532413.858899999875575 ], [ 40523148.741499997675419, 3532417.130099999252707 ], [ 40523168.0559, 3532423.891099999193102 ], [ 40523180.033699996769428, 3532358.971299999859184 ], [ 40523182.084299996495247, 3532328.565100000239909 ], [ 40523183.91610000282526, 3532318.635299999732524 ], [ 40523200.7707, 3532250.964300000108778 ], [ 40523187.1857, 3532228.982500000391155 ], [ 40523146.682899996638298, 3532219.942699999548495 ], [ 40523127.925700001418591, 3532212.169899999164045 ], [ 40522951.6219, 3532172.81969999987632 ], [ 40522936.73650000244379, 3532182.133500000461936 ], [ 40522879.935500003397465, 3532421.492500000167638 ], [ 40522934.9415, 3532436.024300000164658 ], [ 40522939.241700001060963, 3532419.880499999504536 ], [ 40522994.854900002479553, 3532434.124899999704212 ], [ 40522999.179300002753735, 3532414.288899999111891 ], [ 40523001.177699998021126, 3532405.992700000759214 ], [ 40523079.401299998164177, 3532423.144099999219179 ], [ 40523080.113899998366833, 3532420.77049999916926 ], [ 40523130.456299997866154, 3532437.432099998928607 ] ] ] ] } },
{ "type": "Feature", "properties": { "OBJECTID": 12144, "DKBH": "ZC-CZ-C12-03", "YDDM": "Rax", "DKMJ": 10501.3, "YDJRX": " ", "RJL": "≤1.2", "JZMD": "≤40%", "LDL": "≥35%", "JDCW": "0.8个/100生", "DTSTZB": " ", "CSSJZB": " ", "REMARK": " ", "PLANNAME": "《江阴市中心城区主城控制性详细规划》（ZC-CZ-C12、C13基本控制单元）调整", "PLANDATE": "2021-09-06T00:00:00Z", "PLANUNIT": "江阴市城乡规划设计院", "PASSDATE": "2021-09-22T00:00:00Z", "STARTTIME": "2021-09-23T15:40:33Z", "FGUID": null, "CADNAME": "01Rax幼托用地", "DXKJKF": " ", "YDXZ": "幼托用地", "FTZMC": "ZC-CZ-C12-01-08.dwg", "JZGD": "/", "JC": null, "SHAPE_Length": 405.03701857822853, "SHAPE_Area": 10501.304873197896 }, "geometry": { "type": "MultiPolygon", "coordinates": [ [ [ [ 40524361.873099997639656, 3530744.016099999193102 ], [ 40524261.342100001871586, 3530728.5779 ], [ 40524255.644299998879433, 3530732.758499999530613 ], [ 40524243.2857, 3530813.2385 ], [ 40524358.32209999859333, 3530836.429300000425428 ], [ 40524360.002300001680851, 3530835.255699999630451 ], [ 40524371.912699997425079, 3530757.698699999600649 ], [ 40524361.873099997639656, 3530744.016099999193102 ] ] ] ] } },
{ "type": "Feature", "properties": { "OBJECTID": 12299, "DKBH": "ZC-CZ-A04-04", "YDDM": "R2", "DKMJ": 142958.5, "YDJRX": "A、B、S、G", "RJL": "≤3.0", "JZMD": "≤30%", "LDL": "≥25%", "JDCW": "0.4个/100㎡", "DTSTZB": " ", "CSSJZB": " ", "REMARK": " ", "PLANNAME": "《江阴市中心城区主城控制性详细规划》滨江路沿线地块更正", "PLANDATE": "2022-01-17T00:00:00Z", "PLANUNIT": "江阴市城乡规划设计院", "PASSDATE": "2022-01-21T00:00:00Z", "STARTTIME": "2022-02-14T14:48:18Z", "FGUID": null, "CADNAME": "01R2二类居住用地", "DXKJKF": " ", "YDXZ": "二类居住用地", "FTZMC": "ZC-CZ-A04-01-20.dwg", "JZGD": "/", "JC": null, "SHAPE_Length": 1561.6729074960951, "SHAPE_Area": 142961.10986428577 }, "geometry": { "type": "MultiPolygon", "coordinates": [ [ [ [ 40520143.618500001728535, 3531612.4347 ], [ 40520038.4613, 3531607.2895 ], [ 40520019.7971, 3531872.533899999689311 ], [ 40520046.670699998736382, 3531878.376899999566376 ], [ 40520073.365099996328354, 3531884.991100000217557 ], [ 40520099.857699997723103, 3531892.371299999766052 ], [ 40520126.127099998295307, 3531900.511099999304861 ], [ 40520152.15089999884367, 3531909.403899999801069 ], [ 40520177.907899998128414, 3531919.042700000107288 ], [ 40520203.376900002360344, 3531929.41869999980554 ], [ 40520228.5365, 3531940.524099999573082 ], [ 40520253.365900002419949, 3531952.349300000350922 ], [ 40520458.5775, 3532053.732699999120086 ], [ 40520460.3869, 3531988.500099999830127 ], [ 40520464.4401, 3531968.604699999094009 ], [ 40520469.418499998748302, 3531789.1009 ], [ 40520466.7516999989748, 3531759.015099999494851 ], [ 40520468.961099997162819, 3531679.351700000464916 ], [ 40520468.967500001192093, 3531679.042500000447035 ], [ 40520451.982100002467632, 3531658.717499999795109 ], [ 40520409.240500003099442, 3531652.221699998248369 ], [ 40520389.993100002408028, 3531645.756499999668449 ], [ 40520223.201700001955032, 3531620.408099998254329 ], [ 40520203.3887, 3531617.6549 ], [ 40520183.5119, 3531615.407299999613315 ], [ 40520163.5841, 3531613.666899999137968 ], [ 40520143.618500001728535, 3531612.4347 ] ] ] ] } },
{ "type": "Feature", "properties": { "OBJECTID": 12300, "DKBH": "ZC-CZ-B02-16", "YDDM": "R2", "DKMJ": 35873.3, "YDJRX": "A、B、S、G", "RJL": "≤2.5", "JZMD": "≤30%", "LDL": "≥30%", "JDCW": "0.8个/100㎡", "DTSTZB": " ", "CSSJZB": " ", "REMARK": " ", "PLANNAME": "《江阴市中心城区主城控制性详细规划》滨江路沿线地块更正", "PLANDATE": "2022-01-17T00:00:00Z", "PLANUNIT": "江阴市城乡规划设计院", "PASSDATE": "2022-01-21T00:00:00Z", "STARTTIME": "2022-02-14T14:48:18Z", "FGUID": null, "CADNAME": "01R2二类居住用地", "DXKJKF": " ", "YDXZ": "二类居住用地", "FTZMC": "ZC-CZ-B02-01-21.dwg", "JZGD": "/", "JC": null, "SHAPE_Length": 892.85257349556196, "SHAPE_Area": 35873.933956627792 }, "geometry": { "type": "MultiPolygon", "coordinates": [ [ [ [ 40522532.897299997508526, 3532079.362699999008328 ], [ 40522313.628300003707409, 3532030.423100000247359 ], [ 40522294.0431, 3532140.798099999316037 ], [ 40522523.5691, 3532192.037299999501556 ], [ 40522515.1307, 3532229.844499999657273 ], [ 40522578.984499998390675, 3532244.096299999859184 ], [ 40522583.3393, 3532226.308699999470264 ], [ 40522587.0735, 3532196.336500000208616 ], [ 40522606.097099997103214, 3532118.630499999038875 ], [ 40522592.157899998128414, 3532096.175499998964369 ], [ 40522551.654700003564358, 3532087.135300000663847 ], [ 40522532.897299997508526, 3532079.362699999008328 ] ] ] ] } },
{ "type": "Feature", "properties": { "OBJECTID": 13331, "DKBH": "ZC-CZ-B07-26", "YDDM": "R2", "DKMJ": 68033.4, "YDJRX": "A、B、S、G", "RJL": "1.2-3.0", "JZMD": "≤30%", "LDL": "≥30%", "JDCW": "0.5个/100㎡", "DTSTZB": " ", "CSSJZB": " ", "REMARK": " ", "PLANNAME": "《江阴市中心城区主城控制性详细规划》（ZC-CZ-B07基本控制单元?", "PLANDATE": "2019-05-05T00:00:00Z", "PLANUNIT": "江阴市城乡规划设计院", "PASSDATE": "2019-07-05T00:00:00Z", "STARTTIME": "2019-07-15T12:00:00Z", "FGUID": " ", "CADNAME": "01R2二类居住用地", "DXKJKF": " ", "YDXZ": "二类居住用地", "FTZMC": "ZC-CZ-B07-17-40.dwg", "JZGD": "/", "JC": " ", "SHAPE_Length": 1042.299278197019, "SHAPE_Area": 68034.728575598172 }, "geometry": { "type": "MultiPolygon", "coordinates": [ [ [ [ 40523539.676600001752377, 3529713.372100000269711 ], [ 40523483.731600001454353, 3529706.730200000107288 ], [ 40523474.7874, 3529716.253799999598414 ], [ 40523485.582999996840954, 3529775.275299998465925 ], [ 40523485.73870000243187, 3529795.578899999614805 ], [ 40523507.140100002288818, 3529912.584099999628961 ], [ 40523508.1769, 3529918.252399998251349 ], [ 40523521.297899998724461, 3529930.464200000278652 ], [ 40523666.722499996423721, 3529946.403899999801069 ], [ 40523770.950000002980232, 3529957.828099999111146 ], [ 40523787.799900002777576, 3529944.588099999818951 ], [ 40523802.793499998748302, 3529829.563500000163913 ], [ 40523813.569300003349781, 3529746.896400000434369 ], [ 40523809.682300001382828, 3529741.903599999379367 ], [ 40523654.1642, 3529723.439899999182671 ], [ 40523569.8803, 3529713.4334 ], [ 40523539.676600001752377, 3529713.372100000269711 ] ] ] ] } },
{ "type": "Feature", "properties": { "OBJECTID": 13350, "DKBH": "ZC-CZ-B03-17", "YDDM": "R2", "DKMJ": 111430.8, "YDJRX": "A、B、S、G", "RJL": "≤1.8", "JZMD": "≤30%", "LDL": "≥30%", "JDCW": "0.5个/100㎡", "DTSTZB": " ", "CSSJZB": " ", "REMARK": " ", "PLANNAME": "《江阴市中心城区主城控制性详细规划》滨江路沿线地块更正", "PLANDATE": "2022-01-17T00:00:00Z", "PLANUNIT": "江阴市城乡规划设计院", "PASSDATE": "2022-01-21T00:00:00Z", "STARTTIME": "2022-02-14T14:48:18Z", "FGUID": null, "CADNAME": "01R2二类居住用地", "DXKJKF": " ", "YDXZ": "二类居住用地", "FTZMC": "ZC-CZ-B03-01-28.dwg", "JZGD": "/", "JC": null, "SHAPE_Length": 1492.4208868686578, "SHAPE_Area": 111435.54805169998 }, "geometry": { "type": "MultiPolygon", "coordinates": [ [ [ [ 40523712.633900001645088, 3532302.253299999516457 ], [ 40523808.98870000243187, 3532132.4625 ], [ 40523801.685500003397465, 3532116.464900000486523 ], [ 40523480.647299997508526, 3532052.032299999613315 ], [ 40523455.291299998760223, 3532153.838299998547882 ], [ 40523282.91669999808073, 3532115.618099999148399 ], [ 40523265.544100001454353, 3532185.369699999224395 ], [ 40523277.956299997866154, 3532214.905699999071658 ], [ 40523326.5467, 3532243.443899999838322 ], [ 40523342.019900001585484, 3532256.590699999593198 ], [ 40523511.947300001978874, 3532356.3925 ], [ 40523631.774099998176098, 3532426.769499999005347 ], [ 40523651.453699998557568, 3532420.967899999115616 ], [ 40523688.6849, 3532347.014499998651445 ], [ 40523700.380900003015995, 3532324.484899999108166 ], [ 40523712.633900001645088, 3532302.253299999516457 ] ] ] ] } },
{ "type": "Feature", "properties": { "OBJECTID": 13352, "DKBH": "ZC-CZ-B03-08", "YDDM": "R2", "DKMJ": 75466.5, "YDJRX": "A、B、S、G", "RJL": "≤2.5", "JZMD": "≤30%", "LDL": "≥30%", "JDCW": "0.6个/100㎡", "DTSTZB": " ", "CSSJZB": " ", "REMARK": " ", "PLANNAME": "《江阴市中心城区主城控制性详细规划》滨江路沿线地块更正", "PLANDATE": "2022-01-17T00:00:00Z", "PLANUNIT": "江阴市城乡规划设计院", "PASSDATE": "2022-01-21T00:00:00Z", "STARTTIME": "2022-02-14T14:48:18Z", "FGUID": null, "CADNAME": "01R2二类居住用地", "DXKJKF": " ", "YDXZ": "二类居住用地", "FTZMC": "ZC-CZ-B03-01-28.dwg", "JZGD": "/", "JC": null, "SHAPE_Length": 1070.6633074623251, "SHAPE_Area": 75467.973925588871 }, "geometry": { "type": "MultiPolygon", "coordinates": [ [ [ [ 40522732.240099996328354, 3532127.4411 ], [ 40522673.6805, 3532114.3709 ], [ 40522652.2755, 3532127.658499999437481 ], [ 40522638.84009999781847, 3532182.537700000219047 ], [ 40522630.684500001370907, 3532201.131699999328703 ], [ 40522592.5269, 3532356.993499999400228 ], [ 40522602.0299, 3532372.84389999974519 ], [ 40522854.076700001955032, 3532437.346700000111014 ], [ 40522860.67509999871254, 3532433.358699999283999 ], [ 40522920.807899996638298, 3532179.95990000013262 ], [ 40522910.6135, 3532163.666899999137968 ], [ 40522762.282300002872944, 3532130.560100000817329 ], [ 40522732.240099996328354, 3532127.4411 ] ] ] ] } },
{ "type": "Feature", "properties": { "OBJECTID": 13357, "DKBH": "ZC-CZ-B02-17", "YDDM": "R2", "DKMJ": 65813.3, "YDJRX": "A、B、S、G", "RJL": "≤2.5", "JZMD": "≤30%", "LDL": "≥30%", "JDCW": "0.6个/100㎡", "DTSTZB": " ", "CSSJZB": " ", "REMARK": " ", "PLANNAME": "《江阴市中心城区主城控制性详细规划》滨江路沿线地块更正", "PLANDATE": "2022-01-17T00:00:00Z", "PLANUNIT": "江阴市城乡规划设计院", "PASSDATE": "2022-01-21T00:00:00Z", "STARTTIME": "2022-02-14T14:48:18Z", "FGUID": null, "CADNAME": "01R2二类居住用地", "DXKJKF": " ", "YDXZ": "二类居住用地", "FTZMC": "ZC-CZ-B02-01-21.dwg", "JZGD": "/", "JC": null, "SHAPE_Length": 1017.4686320108817, "SHAPE_Area": 65814.508426717279 }, "geometry": { "type": "MultiPolygon", "coordinates": [ [ [ [ 40522344.5709, 3531778.643899999093264 ], [ 40522051.4199, 3531727.848099999595433 ], [ 40522036.273500002920628, 3531739.279299999121577 ], [ 40522027.865099996328354, 3531818.14930000109598 ], [ 40522028.1651, 3531848.351700000930578 ], [ 40522021.117700003087521, 3531914.45509999897331 ], [ 40522035.095299996435642, 3531933.931099999230355 ], [ 40522079.015100002288818, 3531943.733899998944253 ], [ 40522097.7725, 3531951.50650000013411 ], [ 40522298.3107, 3531996.265700000803918 ], [ 40522313.341300003230572, 3531986.249699999112636 ], [ 40522349.04730000346899, 3531785.024299999698997 ], [ 40522344.5709, 3531778.643899999093264 ] ] ] ] } },
{ "type": "Feature", "properties": { "OBJECTID": 13470, "DKBH": "ZC-CZ-C03-20", "YDDM": "A2", "DKMJ": 124452.0, "YDJRX": " /", "RJL": "≤2.0", "JZMD": "≤50%", "LDL": "≥20%", "JDCW": "0.5个/100M2", "DTSTZB": " ", "CSSJZB": " ", "REMARK": " ", "PLANNAME": "《江阴市中心城区主城控制性详细规划》（ZC-CZ-C03基本控制单元）更正", "PLANDATE": "2023-06-30T00:00:00Z", "PLANUNIT": "江阴市城乡规划设计院", "PASSDATE": "2023-07-31T00:00:00Z", "STARTTIME": "2023-08-01T16:22:55Z", "FGUID": null, "CADNAME": "02A2文化设施用地", "DXKJKF": " ", "YDXZ": "文化设施用地", "FTZMC": "ZC-CZ-C03-18-33.dwg", "JZGD": "/", "JC": null, "SHAPE_Length": 1873.1538609410227, "SHAPE_Area": 123417.29378840349 }, "geometry": { "type": "MultiPolygon", "coordinates": [ [ [ [ 40523991.358900003135204, 3532557.039099999703467 ], [ 40524001.642899997532368, 3532557.030299999751151 ], [ 40524021.537500001490116, 3532557.03110000025481 ], [ 40524044.26969999819994, 3532557.297100000549108 ], [ 40524062.923699997365475, 3532557.721699999179691 ], [ 40524063.0731, 3532557.7251 ], [ 40524070.9811, 3532558.5175 ], [ 40524077.6435, 3532559.543899999000132 ], [ 40524087.722900003194809, 3532561.464299999643117 ], [ 40524103.005500003695488, 3532564.49170000012964 ], [ 40524109.80009999871254, 3532565.5981 ], [ 40524116.637699998915195, 3532566.395699999760836 ], [ 40524122.005500003695488, 3532566.701300000306219 ], [ 40524127.380900003015995, 3532566.595099999569356 ], [ 40524131.870300002396107, 3532566.119899999815971 ], [ 40524136.287299998104572, 3532565.186299999710172 ], [ 40524140.585100002586842, 3532563.804299999494106 ], [ 40524145.6391, 3532561.696099998895079 ], [ 40524150.418700002133846, 3532559.427699999883771 ], [ 40524156.6065, 3532556.265899999532849 ], [ 40524159.517499998211861, 3532554.7355 ], [ 40524170.862099997699261, 3532549.581899999175221 ], [ 40524172.6347, 3532548.448099999222904 ], [ 40524177.623499996960163, 3532545.288099999539554 ], [ 40524183.2835, 3532541.858899998944253 ], [ 40524187.4283, 3532538.22649999987334 ], [ 40524189.829899996519089, 3532535.754099998623133 ], [ 40524191.192100003361702, 3532533.899499999824911 ], [ 40524192.0379, 3532532.435699999332428 ], [ 40524193.067699998617172, 3532529.892500000540167 ], [ 40524193.755900003015995, 3532527.36369999917224 ], [ 40524196.379299998283386, 3532505.521300000138581 ], [ 40524193.685900002717972, 3532486.299700000323355 ], [ 40524198.7143, 3532446.17329999897629 ], [ 40524202.165299996733665, 3532435.853100000414997 ], [ 40524207.719300001859665, 3532420.104899999219924 ], [ 40524211.019299998879433, 3532410.664899998344481 ], [ 40524213.377099998295307, 3532403.979099999647588 ], [ 40524215.8781, 3532398.1557 ], [ 40524219.5167, 3532391.5543 ], [ 40524232.3085, 3532373.274699999485165 ], [ 40524255.606700003147125, 3532343.520299998577684 ], [ 40524257.717299997806549, 3532345.258299998939037 ], [ 40524268.87950000166893, 3532331.138099999167025 ], [ 40524271.881899997591972, 3532327.3398999995552 ], [ 40524271.9335, 3532322.935700000263751 ], [ 40524271.157300002872944, 3532321.070899999234825 ], [ 40524269.0797, 3532316.0795 ], [ 40524268.114699997007847, 3532313.0247 ], [ 40524267.489500001072884, 3532310.053299998864532 ], [ 40524267.371699996292591, 3532306.685700000263751 ], [ 40524267.697300001978874, 3532303.684299998451024 ], [ 40524268.882299996912479, 3532297.406099999789149 ], [ 40524270.6387, 3532287.672499999869615 ], [ 40524272.4137, 3532277.457299999892712 ], [ 40524270.259099997580051, 3532275.896300001535565 ], [ 40524267.464500002563, 3532274.972699999343604 ], [ 40524260.333099998533726, 3532272.685899998992682 ], [ 40524254.699500001966953, 3532270.832499999552965 ], [ 40524250.181699998676777, 3532269.357299999333918 ], [ 40524240.880500003695488, 3532266.633899997919798 ], [ 40524233.044699996709824, 3532264.415299999061972 ], [ 40524220.144100002944469, 3532262.191100000403821 ], [ 40524208.8917, 3532261.003899999894202 ], [ 40524201.48929999768734, 3532260.405099999625236 ], [ 40524185.864100001752377, 3532259.959699999075383 ], [ 40524176.2516999989748, 3532259.655099999625236 ], [ 40524162.9045, 3532258.170099999755621 ], [ 40524151.881899997591972, 3532257.728699999861419 ], [ 40524133.500500001013279, 3532256.827899999450892 ], [ 40524115.015699997544289, 3532256.498899999540299 ], [ 40524101.429700002074242, 3532255.322300000116229 ], [ 40524096.79730000346899, 3532254.46729999827221 ], [ 40524094.087899997830391, 3532253.625500000547618 ], [ 40524092.2209, 3532253.30849999981001 ], [ 40524080.3415, 3532251.463899999856949 ], [ 40524076.982699997723103, 3532246.622499999590218 ], [ 40524082.303900003433228, 3532235.093100000172853 ], [ 40524077.000299997627735, 3532232.204699999187142 ], [ 40524073.254699997603893, 3532230.254499999340624 ], [ 40524068.582500003278255, 3532228.246699998620898 ], [ 40524051.663500003516674, 3532219.440899999812245 ], [ 40524049.423500001430511, 3532218.059899998828769 ], [ 40524046.09910000115633, 3532215.965900000650436 ], [ 40524039.000500001013279, 3532210.858300000429153 ], [ 40524032.135300002992153, 3532205.94749999884516 ], [ 40524029.2143, 3532203.129300000146031 ], [ 40524026.918300002813339, 3532200.470099998638034 ], [ 40524023.575499996542931, 3532196.034699999261647 ], [ 40524017.744499996304512, 3532188.847499998752028 ], [ 40524012.940700002014637, 3532180.3797 ], [ 40524012.001900002360344, 3532177.74269999936223 ], [ 40524009.699699997901917, 3532170.440899998880923 ], [ 40524005.193499997258186, 3532152.944500000216067 ], [ 40524003.5951, 3532141.531499998643994 ], [ 40524000.801299996674061, 3532108.875300000421703 ], [ 40524000.581699997186661, 3532104.25069999974221 ], [ 40524000.9987, 3532096.7187 ], [ 40524001.692699998617172, 3532089.311899999622256 ], [ 40524007.777900002896786, 3532071.836500000208616 ], [ 40523989.509099997580051, 3532066.983099999371916 ], [ 40523979.030299998819828, 3532093.488299999851733 ], [ 40523976.695699997246265, 3532099.39350000070408 ], [ 40523974.8583, 3532104.681699999142438 ], [ 40523964.712899997830391, 3532140.798099999781698 ], [ 40523949.920100003480911, 3532192.875099999830127 ], [ 40523948.9243, 3532198.638899998739362 ], [ 40523935.530100002884865, 3532232.127299998886883 ], [ 40523914.02929999679327, 3532286.214699999429286 ], [ 40523906.8253, 3532304.71229999884963 ], [ 40523902.157700002193451, 3532318.719700000714511 ], [ 40523916.7447, 3532324.49669999955222 ], [ 40523912.4665, 3532335.20049999980256 ], [ 40523886.213699996471405, 3532401.333700000308454 ], [ 40523878.096500001847744, 3532421.610699999611825 ], [ 40523860.378300003707409, 3532466.4477 ], [ 40523854.052100002765656, 3532482.36369999917224 ], [ 40523852.714900001883507, 3532481.977099999785423 ], [ 40523842.936899997293949, 3532505.526899999473244 ], [ 40523837.508299998939037, 3532521.0107 ], [ 40523831.000500001013279, 3532537.245699999853969 ], [ 40523819.280100002884865, 3532566.27489999961108 ], [ 40523813.947899997234344, 3532579.368300000205636 ], [ 40523808.824100002646446, 3532591.977499998640269 ], [ 40523803.62610000371933, 3532604.694699999410659 ], [ 40523801.019100002944469, 3532611.751299999654293 ], [ 40523793.4746999964118, 3532629.29369999980554 ], [ 40523789.808700002729893, 3532638.981300000101328 ], [ 40523783.461099997162819, 3532655.97389999916777 ], [ 40523778.144900001585484, 3532669.2001 ], [ 40523773.005500003695488, 3532681.712499998975545 ], [ 40523768.7861, 3532692.015300000552088 ], [ 40523778.288900002837181, 3532683.871499999891967 ], [ 40523798.002099998295307, 3532666.568100000265986 ], [ 40523813.869099996984005, 3532650.6423 ], [ 40523844.793700002133846, 3532619.674499999266118 ], [ 40523851.3547, 3532613.103699999861419 ], [ 40523871.368900001049042, 3532603.307500000111759 ], [ 40523899.5731, 3532589.46129999961704 ], [ 40523907.8411, 3532585.442099999636412 ], [ 40523929.294299997389317, 3532577.8111 ], [ 40523946.383100003004074, 3532571.836499999742955 ], [ 40523960.3147, 3532567.280299998819828 ], [ 40523979.1343, 3532561.082099999766797 ], [ 40523991.358900003135204, 3532557.039099999703467 ] ] ] ] } },
{ "type": "Feature", "properties": { "OBJECTID": 13472, "DKBH": "ZC-CZ-C03-23", "YDDM": "G1", "DKMJ": 1726.3, "YDJRX": " ", "RJL": " ", "JZMD": " ", "LDL": "≥65%", "JDCW": " ", "DTSTZB": " ", "CSSJZB": " ", "REMARK": " ", "PLANNAME": "《江阴市中心城区主城控制性详细规划》（ZC-CZ-C03基本控制单元）更正", "PLANDATE": "2023-06-30T00:00:00Z", "PLANUNIT": "江阴市城乡规划设计院", "PASSDATE": "2023-07-31T00:00:00Z", "STARTTIME": "2023-08-01T16:22:55Z", "FGUID": null, "CADNAME": "08G1公园绿地", "DXKJKF": " ", "YDXZ": "公园绿地", "FTZMC": "ZC-CZ-C03-18-33.dwg", "JZGD": "/", "JC": null, "SHAPE_Length": 312.69384513010885, "SHAPE_Area": 1726.3133178917674 }, "geometry": { "type": "MultiPolygon", "coordinates": [ [ [ [ 40524085.622900001704693, 3532012.5261 ], [ 40524082.829899996519089, 3532011.667700000107288 ], [ 40524079.9133, 3532019.128499999176711 ], [ 40524077.7315, 3532023.508500000927597 ], [ 40524070.9925, 3532034.329499999061227 ], [ 40524064.718500003218651, 3532046.317699999082834 ], [ 40524051.074500001966953, 3532075.764499999582767 ], [ 40524046.1325, 3532091.504499999806285 ], [ 40524043.095299996435642, 3532100.5365 ], [ 40524042.3565, 3532111.01149999955669 ], [ 40524041.449500001966953, 3532125.461499999742955 ], [ 40524043.063500002026558, 3532133.191499999258667 ], [ 40524043.626500003039837, 3532143.615500000305474 ], [ 40524042.478299997746944, 3532152.019500000402331 ], [ 40524043.01349999755621, 3532155.495500000193715 ], [ 40524045.272100001573563, 3532159.382299998775125 ], [ 40524085.417099997401237, 3532013.247900000307709 ], [ 40524085.622900001704693, 3532012.5261 ] ] ] ] } },
{ "type": "Feature", "properties": { "OBJECTID": 13475, "DKBH": "ZC-CZ-C03-22", "YDDM": "G1", "DKMJ": 2531.7, "YDJRX": " ", "RJL": " ", "JZMD": " ", "LDL": "≥65%", "JDCW": " ", "DTSTZB": " ", "CSSJZB": " ", "REMARK": " ", "PLANNAME": "《江阴市中心城区主城控制性详细规划》（ZC-CZ-C03基本控制单元）更正", "PLANDATE": "2023-06-30T00:00:00Z", "PLANUNIT": "江阴市城乡规划设计院", "PASSDATE": "2023-07-31T00:00:00Z", "STARTTIME": "2023-08-01T16:22:55Z", "FGUID": null, "CADNAME": "08G1公园绿地", "DXKJKF": " ", "YDXZ": "公园绿地", "FTZMC": "ZC-CZ-C03-18-33.dwg", "JZGD": "/", "JC": null, "SHAPE_Length": 1134.0587208269815, "SHAPE_Area": 2531.683866623222 }, "geometry": { "type": "MultiPolygon", "coordinates": [ [ [ [ 40523979.030299998819828, 3532093.488299999851733 ], [ 40523989.509099997580051, 3532066.983099999371916 ], [ 40523990.482100002467632, 3532067.2415 ], [ 40524007.777900002896786, 3532071.836500000208616 ], [ 40524001.692699998617172, 3532089.311899999622256 ], [ 40524000.9987, 3532096.7187 ], [ 40524000.581699997186661, 3532104.25069999974221 ], [ 40524000.801299996674061, 3532108.875300000421703 ], [ 40524003.5951, 3532141.531499998643994 ], [ 40524005.193499997258186, 3532152.944500000216067 ], [ 40524009.699699997901917, 3532170.440899998880923 ], [ 40524012.001900002360344, 3532177.74269999936223 ], [ 40524012.940700002014637, 3532180.3797 ], [ 40524017.744499996304512, 3532188.847499998752028 ], [ 40524023.575499996542931, 3532196.034699999261647 ], [ 40524026.918300002813339, 3532200.470099998638034 ], [ 40524029.2143, 3532203.129300000146031 ], [ 40524031.903899997472763, 3532205.724299999885261 ], [ 40524032.135499998927116, 3532205.947699999436736 ], [ 40524039.000500001013279, 3532210.858300000429153 ], [ 40524046.09910000115633, 3532215.965900000650436 ], [ 40524049.423500001430511, 3532218.059899998828769 ], [ 40524051.663500003516674, 3532219.440899999812245 ], [ 40524068.582500003278255, 3532228.246699998620898 ], [ 40524073.254699997603893, 3532230.254499999340624 ], [ 40524077.000299997627735, 3532232.204699999187142 ], [ 40524082.303900003433228, 3532235.093100000172853 ], [ 40524083.1439, 3532233.273299999069422 ], [ 40524077.940499998629093, 3532230.439499999396503 ], [ 40524074.112499997019768, 3532228.446299999486655 ], [ 40524069.440499998629093, 3532226.438500000163913 ], [ 40524052.651299998164177, 3532217.700500001199543 ], [ 40524050.481299996376038, 3532216.362499998882413 ], [ 40524047.217299997806549, 3532214.306499999482185 ], [ 40524040.166299998760223, 3532209.233300000429153 ], [ 40524033.418499998748302, 3532204.406499999109656 ], [ 40524033.292499996721745, 3532204.284900000784546 ], [ 40524030.668499998748302, 3532201.753299999516457 ], [ 40524028.475500002503395, 3532199.2133 ], [ 40524025.151299998164177, 3532194.802500000223517 ], [ 40524019.4023, 3532187.71629999903962 ], [ 40524014.7663, 3532179.544500000309199 ], [ 40524013.8983, 3532177.106499998830259 ], [ 40524011.6233000010252, 3532169.8903 ], [ 40524007.1585, 3532152.55530000012368 ], [ 40524005.58330000191927, 3532141.307499999180436 ], [ 40524002.79730000346899, 3532108.742499999701977 ], [ 40524002.584299996495247, 3532104.258499999530613 ], [ 40524002.993500001728535, 3532096.867299999576062 ], [ 40524003.661300003528595, 3532089.740299999248236 ], [ 40524009.716300003230572, 3532072.351900001056492 ], [ 40524010.554300002753735, 3532069.945299999788404 ], [ 40524014.563299998641014, 3532054.268499999772757 ], [ 40524024.397299997508526, 3532027.115499999374151 ], [ 40524034.716899998486042, 3531996.880899998825043 ], [ 40524017.648900002241135, 3531991.635300000198185 ], [ 40523994.473300002515316, 3532048.986499999184161 ], [ 40523974.820299997925758, 3532098.697299998719245 ], [ 40523972.949299998581409, 3532104.082499999552965 ], [ 40523962.7883, 3532140.254499999340624 ], [ 40523947.967299997806549, 3532192.430499999318272 ], [ 40523946.98929999768734, 3532198.091300000436604 ], [ 40523933.67230000346899, 3532231.386500000488013 ], [ 40523912.168300002813339, 3532285.482499999459833 ], [ 40523904.943499997258186, 3532304.032699999865144 ], [ 40523900.2953, 3532317.982499999459833 ], [ 40523902.157700002193451, 3532318.7199 ], [ 40523906.8253, 3532304.71229999884963 ], [ 40523914.02929999679327, 3532286.214699999429286 ], [ 40523935.530100002884865, 3532232.127299998886883 ], [ 40523948.9243, 3532198.638899998739362 ], [ 40523949.920100003480911, 3532192.875099999830127 ], [ 40523964.712899997830391, 3532140.798099999781698 ], [ 40523974.8583, 3532104.681699999142438 ], [ 40523976.695699997246265, 3532099.39350000070408 ], [ 40523979.030299998819828, 3532093.488299999851733 ] ] ] ] } },
{ "type": "Feature", "properties": { "OBJECTID": 13519, "DKBH": "ZC-CZ-B02-12", "YDDM": "R2", "DKMJ": 229903.6, "YDJRX": "A、B、S、G", "RJL": "≤3.0", "JZMD": "≤30%", "LDL": "≥35%", "JDCW": "0.8个/100㎡", "DTSTZB": " ", "CSSJZB": " ", "REMARK": " ", "PLANNAME": "《江阴市中心城区主城控制性详细规划》滨江路沿线地块更正", "PLANDATE": "2022-01-17T00:00:00Z", "PLANUNIT": "江阴市城乡规划设计院", "PASSDATE": "2022-01-21T00:00:00Z", "STARTTIME": "2022-02-14T14:48:18Z", "FGUID": null, "CADNAME": "01R2二类居住用地", "DXKJKF": " ", "YDXZ": "二类居住用地", "FTZMC": "ZC-CZ-B02-01-21.dwg", "JZGD": "/", "JC": null, "SHAPE_Length": 2110.4049250611538, "SHAPE_Area": 229907.89775634595 }, "geometry": { "type": "MultiPolygon", "coordinates": [ [ [ [ 40522367.193099997937679, 3532535.673100000247359 ], [ 40522380.335100002586842, 3532485.261699999216944 ], [ 40522439.765500001609325, 3532497.355899999383837 ], [ 40522510.209700003266335, 3532511.691499999258667 ], [ 40522517.594499997794628, 3532494.854500000365078 ], [ 40522548.729900002479553, 3532367.677099999506027 ], [ 40522578.984499998390675, 3532244.096299999859184 ], [ 40522515.1307, 3532229.844499999657273 ], [ 40522523.5691, 3532192.037299999501556 ], [ 40522294.041299998760223, 3532140.807699999772012 ], [ 40522220.511699996888638, 3532124.382899999152869 ], [ 40522245.130500003695488, 3532015.134499999694526 ], [ 40522123.750500001013279, 3531988.043099999427795 ], [ 40522093.708099998533726, 3531984.924099999014288 ], [ 40522035.148500002920628, 3531971.8539 ], [ 40522013.328699998557568, 3531987.513500000350177 ], [ 40522008.401500001549721, 3532033.729499999899417 ], [ 40522000.680699996650219, 3532073.13329999987036 ], [ 40521974.471699997782707, 3532318.966499999165535 ], [ 40521973.711499996483326, 3532359.1127 ], [ 40521963.60530000180006, 3532453.9041 ], [ 40522367.193099997937679, 3532535.673100000247359 ] ] ] ] } },
{ "type": "Feature", "properties": { "OBJECTID": 13547, "DKBH": "ZC-CZ-C06-22-2", "YDDM": "U12", "DKMJ": 2870.6, "YDJRX": " ", "RJL": "≤0.8", "JZMD": "≤40%", "LDL": "≥15%", "JDCW": " ", "DTSTZB": " ", "CSSJZB": " ", "REMARK": " ", "PLANNAME": "《江阴市中心城区主城控制性详细规划》（ZC-CZ-B03、B05、C06基?", "PLANDATE": "2019-07-08T00:00:00Z", "PLANUNIT": "江阴市城乡规划设计院", "PASSDATE": "2019-08-22T00:00:00Z", "STARTTIME": "2019-08-23T12:00:00Z", "FGUID": " ", "CADNAME": "07U12供电用地", "DXKJKF": " ", "YDXZ": "供电用地", "FTZMC": "ZC-CZ-C06-17-29.dwg", "JZGD": "/", "JC": " ", "SHAPE_Length": 231.75129787720311, "SHAPE_Area": 2870.6598378596509 }, "geometry": { "type": "MultiPolygon", "coordinates": [ [ [ [ 40524312.258699998259544, 3531116.728299998212606 ], [ 40524323.380500003695488, 3531035.28870000038296 ], [ 40524287.5563, 3531035.248999998904765 ], [ 40524281.8103, 3531077.325499998871237 ], [ 40524276.261699996888638, 3531076.56789999967441 ], [ 40524274.12389999628067, 3531092.222599999513477 ], [ 40524287.859300002455711, 3531113.396300000138581 ], [ 40524312.258699998259544, 3531116.728299998212606 ] ] ] ] } },
{ "type": "Feature", "properties": { "OBJECTID": 13553, "DKBH": "ZC-CZ-A03-57", "YDDM": "RB", "DKMJ": 30439.7, "YDJRX": "A、B、S、U、G", "RJL": "1.2-3.5", "JZMD": "≤40%", "LDL": "≥20%", "JDCW": "0.7个/100㎡", "DTSTZB": " ", "CSSJZB": " ", "REMARK": " ", "PLANNAME": "《江阴市中心城区主城控制性详细规划》（ZC-CZ-A03）更正", "PLANDATE": "2018-04-23T00:00:00Z", "PLANUNIT": "江阴市城乡规划设计院", "PASSDATE": "2018-04-25T00:00:00Z", "STARTTIME": "2018-04-26T12:00:00Z", "FGUID": " ", "CADNAME": "01RB商住混合用地", "DXKJKF": " ", "YDXZ": "商住混合用地", "FTZMC": "ZC-CZ-A03-36-60.dwg", "JZGD": "/", "JC": " ", "SHAPE_Length": 721.00137171095992, "SHAPE_Area": 30440.316314297172 }, "geometry": { "type": "MultiPolygon", "coordinates": [ [ [ [ 40520003.304499998688698, 3530600.684600000735372 ], [ 40519818.181199997663498, 3530599.327100000344217 ], [ 40519810.123400002717972, 3530607.199900000821799 ], [ 40519808.241700001060963, 3530725.686400000471622 ], [ 40519815.931100003421307, 3530733.807599999476224 ], [ 40519899.027400001883507, 3530737.025899999309331 ], [ 40519932.008299998939037, 3530737.938099999446422 ], [ 40519965.001400001347065, 3530738.120799999684095 ], [ 40519997.9903, 3530737.574099999386817 ], [ 40520030.958999998867512, 3530736.297899998724461 ], [ 40520063.891599997878075, 3530734.292899999301881 ], [ 40520040.215300001204014, 3530684.813500000163913 ], [ 40520027.767399996519089, 3530660.373999998439103 ], [ 40520023.5211, 3530650.723500000312924 ], [ 40520019.3719, 3530641.030499999411404 ], [ 40520011.367799997329712, 3530621.522099998779595 ], [ 40520003.304499998688698, 3530600.684600000735372 ] ] ] ] } },
{ "type": "Feature", "properties": { "OBJECTID": 13643, "DKBH": "ZC-CZ-C12-32", "YDDM": "G1", "DKMJ": 0.0, "YDJRX": " ", "RJL": " ", "JZMD": " ", "LDL": "≥65%", "JDCW": " ", "DTSTZB": " ", "CSSJZB": " ", "REMARK": " ", "PLANNAME": "《江阴市中心城区主城控制性详细规划》（ZC-CZ-C12、C13基本控制", "PLANDATE": "2017-11-28T00:00:00Z", "PLANUNIT": "江阴市城乡规划设计院", "PASSDATE": "2017-11-30T00:00:00Z", "STARTTIME": "2017-12-01T12:00:00Z", "FGUID": " ", "CADNAME": "08G1公园绿地", "DXKJKF": " ", "YDXZ": "公园绿地", "FTZMC": "ZC-CZ-C12-32-35.dwg", "JZGD": "/", "JC": " ", "SHAPE_Length": 1229.8008811543411, "SHAPE_Area": 53002.342065315679 }, "geometry": { "type": "MultiPolygon", "coordinates": [ [ [ [ 40524389.014600001275539, 3529620.565699999686331 ], [ 40524298.268299996852875, 3529607.848600000143051 ], [ 40524281.132299996912479, 3529756.779499999713153 ], [ 40524251.803099997341633, 3530120.368599999230355 ], [ 40524255.762100003659725, 3530133.726800000295043 ], [ 40524257.9824, 3530143.066699999384582 ], [ 40524273.6285, 3530143.020399999339134 ], [ 40524296.798500001430511, 3530129.696499999146909 ], [ 40524314.3697, 3530117.6201 ], [ 40524323.7152, 3530115.283900000620633 ], [ 40524338.967, 3530113.9567 ], [ 40524349.8847, 3530113.730699999257922 ], [ 40524368.606799997389317, 3529941.9731 ], [ 40524401.844800002872944, 3529637.046099999453872 ], [ 40524389.014600001275539, 3529620.565699999686331 ] ] ] ] } },
{ "type": "Feature", "properties": { "OBJECTID": 13689, "DKBH": "ZC-CZ-A04-13", "YDDM": "R2", "DKMJ": 129011.8, "YDJRX": "A、B、S、G", "RJL": "≤2.0", "JZMD": "≤30%", "LDL": "≥30%", "JDCW": "0.4个/100㎡", "DTSTZB": " ", "CSSJZB": " ", "REMARK": " ", "PLANNAME": "《江阴市中心城区主城控制性详细规划》滨江路沿线地块更正", "PLANDATE": "2022-01-17T00:00:00Z", "PLANUNIT": "江阴市城乡规划设计院", "PASSDATE": "2022-01-21T00:00:00Z", "STARTTIME": "2022-02-14T14:48:18Z", "FGUID": null, "CADNAME": "01R2二类居住用地", "DXKJKF": " ", "YDXZ": "二类居住用地", "FTZMC": "ZC-CZ-A04-01-20.dwg", "JZGD": "/", "JC": null, "SHAPE_Length": 1569.6838602970392, "SHAPE_Area": 129014.14327561494 }, "geometry": { "type": "MultiPolygon", "coordinates": [ [ [ [ 40520784.714699998497963, 3531537.5853 ], [ 40520787.8393, 3531490.219100000336766 ], [ 40520869.9511, 3531495.201699999626726 ], [ 40520879.76070000231266, 3531370.913900000508875 ], [ 40520877.8451, 3531350.70049999980256 ], [ 40520880.716899998486042, 3531314.314499999396503 ], [ 40520864.67509999871254, 3531294.998900000471622 ], [ 40520805.01070000231266, 3531288.657300000544637 ], [ 40520785.492299996316433, 3531283.062899999786168 ], [ 40520690.878700003027916, 3531273.006699998863041 ], [ 40520650.732299998402596, 3531272.259300000965595 ], [ 40520554.517499998211861, 3531262.032900000456721 ], [ 40520526.8847, 3531286.199900000356138 ], [ 40520525.2209, 3531346.17729999916628 ], [ 40520521.1677, 3531366.07270000083372 ], [ 40520517.3561, 3531503.493899999652058 ], [ 40520520.023100003600121, 3531533.579699999187142 ], [ 40520517.813299998641014, 3531613.243100000545382 ], [ 40520517.806900002062321, 3531613.552099999506027 ], [ 40520534.7923, 3531633.877299999352545 ], [ 40520576.660300001502037, 3531640.240300000179559 ], [ 40520595.907499998807907, 3531646.705699999351054 ], [ 40520752.005900003015995, 3531670.4287 ], [ 40520777.2483000010252, 3531670.724700000137091 ], [ 40520833.098300002515316, 3531679.212699999567121 ], [ 40520853.173699997365475, 3531663.288099999073893 ], [ 40520856.714500002563, 3531618.427099999506027 ], [ 40520861.7773, 3531598.764499999117106 ], [ 40520866.102700002491474, 3531543.958900000434369 ], [ 40520784.714699998497963, 3531537.5853 ] ] ] ] } },
{ "type": "Feature", "properties": { "OBJECTID": 13690, "DKBH": "ZC-CZ-A04-12", "YDDM": "R2", "DKMJ": 63988.1, "YDJRX": "A、B、S、G", "RJL": "≤2.0", "JZMD": "≤30%", "LDL": "≥30%", "JDCW": "0.5个/100㎡", "DTSTZB": " ", "CSSJZB": " ", "REMARK": " ", "PLANNAME": "《江阴市中心城区主城控制性详细规划》滨江路沿线地块更正", "PLANDATE": "2022-01-17T00:00:00Z", "PLANUNIT": "江阴市城乡规划设计院", "PASSDATE": "2022-01-21T00:00:00Z", "STARTTIME": "2022-02-14T14:48:18Z", "FGUID": null, "CADNAME": "01R2二类居住用地", "DXKJKF": " ", "YDXZ": "二类居住用地", "FTZMC": "ZC-CZ-A04-01-20.dwg", "JZGD": "/", "JC": null, "SHAPE_Length": 1032.8490530094639, "SHAPE_Area": 63989.305997961907 }, "geometry": { "type": "MultiPolygon", "coordinates": [ [ [ [ 40520455.752300001680851, 3531254.140499998815358 ], [ 40520330.3543, 3531247.725899999495596 ], [ 40520314.380900003015995, 3531261.654299999121577 ], [ 40520310.837899997830391, 3531303.001100000459701 ], [ 40520305.6431, 3531322.629300000146031 ], [ 40520289.037699997425079, 3531516.415699999779463 ], [ 40520290.390699997544289, 3531541.623500000685453 ], [ 40520286.249300003051758, 3531589.954099999275059 ], [ 40520294.9217, 3531600.963100000284612 ], [ 40520365.460500001907349, 3531611.683300000149757 ], [ 40520395.6461, 3531612.730299999006093 ], [ 40520448.123499996960163, 3531620.705700000282377 ], [ 40520471.120899997651577, 3531601.487099999096245 ], [ 40520472.784500002861023, 3531541.50969999935478 ], [ 40520476.837700001895428, 3531521.614299999084324 ], [ 40520479.756700001657009, 3531416.375699999276549 ], [ 40520477.3671, 3531376.293700000271201 ], [ 40520480.026699997484684, 3531280.408099999185652 ], [ 40520455.752300001680851, 3531254.140499998815358 ] ] ] ] } },
{ "type": "Feature", "properties": { "OBJECTID": 13719, "DKBH": "ZC-CZ-B07-20", "YDDM": "B1", "DKMJ": 8547.8, "YDJRX": "A、B、S、G", "RJL": "≤2.0", "JZMD": "≤50%", "LDL": "≥10%", "JDCW": "0.6个/100㎡", "DTSTZB": " ", "CSSJZB": " ", "REMARK": " ", "PLANNAME": "《江阴市中心城区主城控制性详细规划》（ZC-CZ-B07基本控制单元?", "PLANDATE": "2019-05-05T00:00:00Z", "PLANUNIT": "江阴市城乡规划设计院", "PASSDATE": "2019-07-05T00:00:00Z", "STARTTIME": "2019-07-15T12:00:00Z", "FGUID": " ", "CADNAME": "03B1商业用地", "DXKJKF": " ", "YDXZ": "商业用地", "FTZMC": "ZC-CZ-B07-17-40.dwg", "JZGD": "/", "JC": " ", "SHAPE_Length": 581.12051717363465, "SHAPE_Area": 8547.9546911912075 }, "geometry": { "type": "MultiPolygon", "coordinates": [ [ [ [ 40523768.6228, 3529975.680799999739975 ], [ 40523532.4863, 3529949.79869999922812 ], [ 40523515.865000002086163, 3529965.334499999415129 ], [ 40523516.493900001049042, 3529980.417999999132007 ], [ 40523566.239100001752377, 3529983.9051 ], [ 40523627.6048, 3529992.855600000359118 ], [ 40523668.402500003576279, 3529999.050200000405312 ], [ 40523690.082500003278255, 3530001.579599998891354 ], [ 40523761.16889999806881, 3530009.913099999539554 ], [ 40523778.981799997389317, 3530012.2347999997437 ], [ 40523781.594800002872944, 3529992.189499999862164 ], [ 40523768.6228, 3529975.680799999739975 ] ] ] ] } },
{ "type": "Feature", "properties": { "OBJECTID": 13746, "DKBH": "ZC-CZ-C12-21", "YDDM": "G1", "DKMJ": 0.0, "YDJRX": " ", "RJL": " ", "JZMD": " ", "LDL": "≥65%", "JDCW": " ", "DTSTZB": " ", "CSSJZB": " ", "REMARK": " ", "PLANNAME": "《江阴市中心城区主城控制性详细规划》（ZC-CZ-C12、C13基本控制", "PLANDATE": "2017-11-28T00:00:00Z", "PLANUNIT": "江阴市城乡规划设计院", "PASSDATE": "2017-11-30T00:00:00Z", "STARTTIME": "2017-12-01T12:00:00Z", "FGUID": " ", "CADNAME": "08G1公园绿地", "DXKJKF": " ", "YDXZ": "公园绿地", "FTZMC": "ZC-CZ-C12-21-31.dwg", "JZGD": "/", "JC": " ", "SHAPE_Length": 533.30913846114333, "SHAPE_Area": 15508.592514912607 }, "geometry": { "type": "MultiPolygon", "coordinates": [ [ [ [ 40524332.6069, 3530272.2379 ], [ 40524347.047200001776218, 3530139.761599999386817 ], [ 40524335.8851, 3530140.745500000193715 ], [ 40524320.383000001311302, 3530144.248000000137836 ], [ 40524296.627700001001358, 3530152.523700000252575 ], [ 40524266.580799996852875, 3530179.2333 ], [ 40524260.410499997437, 3530205.376499999780208 ], [ 40524235.877400003373623, 3530311.8213 ], [ 40524236.197300001978874, 3530332.037299999035895 ], [ 40524304.810000002384186, 3530342.893299998249859 ], [ 40524326.731799997389317, 3530326.1365 ], [ 40524332.6069, 3530272.2379 ] ] ] ] } },
{ "type": "Feature", "properties": { "OBJECTID": 13755, "DKBH": "ZC-CZ-B07-24", "YDDM": "B1", "DKMJ": 11203.2, "YDJRX": "A、B、S、G", "RJL": "≤2.0", "JZMD": "≤50%", "LDL": "≥10%", "JDCW": "0.6个/100㎡", "DTSTZB": " ", "CSSJZB": " ", "REMARK": " ", "PLANNAME": "《江阴市中心城区主城控制性详细规划》（ZC-CZ-B07基本控制单元?", "PLANDATE": "2019-05-05T00:00:00Z", "PLANUNIT": "江阴市城乡规划设计院", "PASSDATE": "2019-07-05T00:00:00Z", "STARTTIME": "2019-07-15T12:00:00Z", "FGUID": " ", "CADNAME": "03B1商业用地", "DXKJKF": " ", "YDXZ": "商业用地", "FTZMC": "ZC-CZ-B07-17-40.dwg", "JZGD": "/", "JC": " ", "SHAPE_Length": 580.59230544166803, "SHAPE_Area": 11202.233269870454 }, "geometry": { "type": "MultiPolygon", "coordinates": [ [ [ [ 40524036.8099, 3530005.07619999954477 ], [ 40523814.352799996733665, 3529980.69319999916479 ], [ 40523797.5031, 3529993.933199998922646 ], [ 40523794.676299996674061, 3530015.619 ], [ 40523925.0488, 3530037.678199999500066 ], [ 40523963.61150000244379, 3530045.159199999645352 ], [ 40523985.402400001883507, 3530051.062999999616295 ], [ 40524041.011799998581409, 3530063.936399999074638 ], [ 40524043.583999998867512, 3530040.0463 ], [ 40524045.861900001764297, 3530016.1264 ], [ 40524036.8099, 3530005.07619999954477 ] ] ] ] } },
{ "type": "Feature", "properties": { "OBJECTID": 13756, "DKBH": "ZC-CZ-B07-19", "YDDM": "G1", "DKMJ": 7858.0, "YDJRX": " ", "RJL": " ", "JZMD": " ", "LDL": "≥65%", "JDCW": " ", "DTSTZB": " ", "CSSJZB": " ", "REMARK": " ", "PLANNAME": "《江阴市中心城区主城控制性详细规划》（ZC-CZ-B07基本控制单元?", "PLANDATE": "2019-05-05T00:00:00Z", "PLANUNIT": "江阴市城乡规划设计院", "PASSDATE": "2019-07-05T00:00:00Z", "STARTTIME": "2019-07-15T12:00:00Z", "FGUID": " ", "CADNAME": "08G1公园绿地", "DXKJKF": " ", "YDXZ": "公园绿地", "FTZMC": "ZC-CZ-B07-17-40.dwg", "JZGD": "/", "JC": " ", "SHAPE_Length": 584.0574545643309, "SHAPE_Area": 7858.1226726788782 }, "geometry": { "type": "MultiPolygon", "coordinates": [ [ [ [ 40523566.239100001752377, 3529983.9051 ], [ 40523516.493900001049042, 3529980.417999999132007 ], [ 40523517.7518, 3530010.5801 ], [ 40523563.020599998533726, 3530013.753499999176711 ], [ 40523623.1879, 3530022.5291 ], [ 40523664.411200001835823, 3530028.788499999325722 ], [ 40523686.605999998748302, 3530031.37790000019595 ], [ 40523757.483400002121925, 3530039.6867 ], [ 40523775.104000002145767, 3530041.983499999623746 ], [ 40523778.981799997389317, 3530012.2347999997437 ], [ 40523761.16889999806881, 3530009.913099999539554 ], [ 40523690.082500003278255, 3530001.579599998891354 ], [ 40523668.402500003576279, 3529999.050200000405312 ], [ 40523627.6048, 3529992.855600000359118 ], [ 40523566.239100001752377, 3529983.9051 ] ] ] ] } },
{ "type": "Feature", "properties": { "OBJECTID": 13757, "DKBH": "ZC-CZ-B07-23", "YDDM": "G1", "DKMJ": 7540.0, "YDJRX": " ", "RJL": " ", "JZMD": " ", "LDL": "≥65%", "JDCW": " ", "DTSTZB": " ", "CSSJZB": " ", "REMARK": " ", "PLANNAME": "《江阴市中心城区主城控制性详细规划》（ZC-CZ-B07基本控制单元?", "PLANDATE": "2019-05-05T00:00:00Z", "PLANUNIT": "江阴市城乡规划设计院", "PASSDATE": "2019-07-05T00:00:00Z", "STARTTIME": "2019-07-15T12:00:00Z", "FGUID": " ", "CADNAME": "08G1公园绿地", "DXKJKF": " ", "YDXZ": "公园绿地", "FTZMC": "ZC-CZ-B07-17-40.dwg", "JZGD": "/", "JC": " ", "SHAPE_Length": 562.78536662547515, "SHAPE_Area": 7538.9471688188141 }, "geometry": { "type": "MultiPolygon", "coordinates": [ [ [ [ 40523925.0488, 3530037.678199999500066 ], [ 40523794.676299996674061, 3530015.619 ], [ 40523790.795699998736382, 3530045.389000000897795 ], [ 40523919.688699997961521, 3530067.197899999562651 ], [ 40523956.82320000231266, 3530074.401799999177456 ], [ 40523978.094300001859665, 3530080.164800000376999 ], [ 40524037.36599999666214, 3530093.886099999304861 ], [ 40524041.011799998581409, 3530063.936399999074638 ], [ 40523985.402400001883507, 3530051.062999999616295 ], [ 40523963.61150000244379, 3530045.159199999645352 ], [ 40523925.0488, 3530037.678199999500066 ] ] ] ] } },
{ "type": "Feature", "properties": { "OBJECTID": 13758, "DKBH": "ZC-CZ-B07-22", "YDDM": "G2", "DKMJ": 8288.2, "YDJRX": " ", "RJL": " ", "JZMD": " ", "LDL": "≥80%", "JDCW": " ", "DTSTZB": " ", "CSSJZB": " ", "REMARK": " ", "PLANNAME": "《江阴市中心城区主城控制性详细规划》（ZC-CZ-B07基本控制单元?", "PLANDATE": "2019-05-05T00:00:00Z", "PLANUNIT": "江阴市城乡规划设计院", "PASSDATE": "2019-07-05T00:00:00Z", "STARTTIME": "2019-07-15T12:00:00Z", "FGUID": " ", "CADNAME": "08G2防护绿地", "DXKJKF": " ", "YDXZ": "防护绿地", "FTZMC": "ZC-CZ-B07-17-40.dwg", "JZGD": "/", "JC": " ", "SHAPE_Length": 568.4015959301471, "SHAPE_Area": 8288.3831134049342 }, "geometry": { "type": "MultiPolygon", "coordinates": [ [ [ [ 40523822.152900002896786, 3530075.387399999890476 ], [ 40523787.6483, 3530069.5334 ], [ 40523783.130900003015995, 3530104.187899999786168 ], [ 40523911.0247, 3530125.411699999589473 ], [ 40524004.480899997055531, 3530141.09859999967739 ], [ 40524030.259499996900558, 3530145.473499999847263 ], [ 40524034.505800001323223, 3530115.0578 ], [ 40523973.0467, 3530107.539099998772144 ], [ 40523956.462399996817112, 3530098.1739999987185 ], [ 40523822.152900002896786, 3530075.387399999890476 ] ] ] ] } },
{ "type": "Feature", "properties": { "OBJECTID": 13759, "DKBH": "ZC-CZ-B07-18", "YDDM": "G2", "DKMJ": 8156.9, "YDJRX": " ", "RJL": " ", "JZMD": " ", "LDL": "≥80%", "JDCW": " ", "DTSTZB": " ", "CSSJZB": " ", "REMARK": " ", "PLANNAME": "《江阴市中心城区主城控制性详细规划》（ZC-CZ-B07基本控制单元?", "PLANDATE": "2019-05-05T00:00:00Z", "PLANUNIT": "江阴市城乡规划设计院", "PASSDATE": "2019-07-05T00:00:00Z", "STARTTIME": "2019-07-15T12:00:00Z", "FGUID": " ", "CADNAME": "08G2防护绿地", "DXKJKF": " ", "YDXZ": "防护绿地", "FTZMC": "ZC-CZ-B07-17-40.dwg", "JZGD": "/", "JC": " ", "SHAPE_Length": 572.22532650172184, "SHAPE_Area": 8157.0071892870446 }, "geometry": { "type": "MultiPolygon", "coordinates": [ [ [ [ 40523558.842600002884865, 3530039.985899999272078 ], [ 40523518.893399998545647, 3530037.954999999608845 ], [ 40523520.264600001275539, 3530070.830299998633564 ], [ 40523535.329300001263618, 3530072.067800000309944 ], [ 40523593.710600003600121, 3530078.031499999575317 ], [ 40523667.438199996948242, 3530084.905799998901784 ], [ 40523767.338, 3530101.561200000345707 ], [ 40523771.915700003504753, 3530066.442699999082834 ], [ 40523666.540600001811981, 3530055.4529 ], [ 40523661.081, 3530054.574499999172986 ], [ 40523642.001400001347065, 3530052.079900000244379 ], [ 40523619.001500003039837, 3530048.190499999560416 ], [ 40523583.903800003230572, 3530042.67329999897629 ], [ 40523558.842600002884865, 3530039.985899999272078 ] ] ] ] } },
{ "type": "Feature", "properties": { "OBJECTID": 13893, "DKBH": " ", "YDDM": "E11", "DKMJ": 0.0, "YDJRX": " ", "RJL": " ", "JZMD": " ", "LDL": " ", "JDCW": " ", "DTSTZB": " ", "CSSJZB": " ", "REMARK": " ", "PLANNAME": "《江阴市中心城区主城控制性详细规划》（ZC-CZ-B07基本控制单元?", "PLANDATE": "2019-05-05T00:00:00Z", "PLANUNIT": "江阴市城乡规划设计院", "PASSDATE": "2019-07-05T00:00:00Z", "STARTTIME": "2019-07-15T12:00:00Z", "FGUID": " ", "CADNAME": "10E11自然水域", "DXKJKF": " ", "YDXZ": "自然水域", "FTZMC": " ", "JZGD": "/", "JC": " ", "SHAPE_Length": 549.52091853623301, "SHAPE_Area": 6138.7030680216621 }, "geometry": { "type": "MultiPolygon", "coordinates": [ [ [ [ 40523919.688699997961521, 3530067.197899999562651 ], [ 40523790.795500002801418, 3530045.389 ], [ 40523787.6483, 3530069.5334 ], [ 40523956.462399996817112, 3530098.1739999987185 ], [ 40523973.0467, 3530107.539099998772144 ], [ 40524034.47919999808073, 3530115.248400000389665 ], [ 40524037.36599999666214, 3530093.886099999304861 ], [ 40523978.094300001859665, 3530080.164800000376999 ], [ 40523956.82320000231266, 3530074.401799999177456 ], [ 40523919.688699997961521, 3530067.197899999562651 ] ] ] ] } },
{ "type": "Feature", "properties": { "OBJECTID": 13908, "DKBH": "ZC-CZ-A03-59", "YDDM": "RB", "DKMJ": 22283.2, "YDJRX": "A、B、S、U、G", "RJL": "1.2-3.5", "JZMD": "≤40%", "LDL": "≥20%", "JDCW": "0.7个/100㎡", "DTSTZB": " ", "CSSJZB": " ", "REMARK": " ", "PLANNAME": "《江阴市中心城区主城控制性详细规划》（ZC-CZ-A03）更正", "PLANDATE": "2018-04-23T00:00:00Z", "PLANUNIT": "江阴市城乡规划设计院", "PASSDATE": "2018-04-25T00:00:00Z", "STARTTIME": "2018-04-26T12:00:00Z", "FGUID": " ", "CADNAME": "01RB商住混合用地", "DXKJKF": " ", "YDXZ": "商住混合用地", "FTZMC": "ZC-CZ-A03-36-60.dwg", "JZGD": "/", "JC": " ", "SHAPE_Length": 589.19872586413248, "SHAPE_Area": 22283.540038149273 }, "geometry": { "type": "MultiPolygon", "coordinates": [ [ [ [ 40519957.551600001752377, 3530462.202199999708682 ], [ 40519947.1136, 3530442.530299999751151 ], [ 40519825.400799997150898, 3530457.754300000146031 ], [ 40519812.2641, 3530472.400100000668317 ], [ 40519811.531000003218651, 3530518.576499999500811 ], [ 40519810.631700001657009, 3530575.202399998903275 ], [ 40519818.57209999859333, 3530583.329400000628084 ], [ 40519823.0033999979496, 3530583.3618 ], [ 40519999.0176, 3530584.652599999681115 ], [ 40519996.3239, 3530569.094700000248849 ], [ 40519993.054399996995926, 3530553.6475 ], [ 40519989.2139, 3530538.332299999892712 ], [ 40519984.807499997317791, 3530523.170199999585748 ], [ 40519976.409199997782707, 3530502.5449 ], [ 40519967.320500001311302, 3530482.214599999599159 ], [ 40519957.551600001752377, 3530462.202199999708682 ] ] ] ] } },
{ "type": "Feature", "properties": { "OBJECTID": 13981, "DKBH": "ZC-CZ-A05-37", "YDDM": "U21", "DKMJ": 1085.2, "YDJRX": " ", "RJL": " ", "JZMD": " ", "LDL": " ", "JDCW": " ", "DTSTZB": " ", "CSSJZB": " ", "REMARK": " ", "PLANNAME": "《江阴市中心城区主城控制性详细规划》（ZC-CZ-A05基本控制单元）更正", "PLANDATE": "2019-12-17T00:00:00Z", "PLANUNIT": "江阴市城乡规划设计院", "PASSDATE": "2020-01-17T00:00:00Z", "STARTTIME": "2020-07-07T12:00:00Z", "FGUID": null, "CADNAME": "07U21排水用地", "DXKJKF": " ", "YDXZ": "排水用地", "FTZMC": "ZC-CZ-A05-25-45.dwg", "JZGD": "/", "JC": null, "SHAPE_Length": 160.47487705115105, "SHAPE_Area": 1682.2583755517217 }, "geometry": { "type": "MultiPolygon", "coordinates": [ [ [ [ 40520530.975699998438358, 3529569.761299999896437 ], [ 40520515.215899996459484, 3529554.3649 ], [ 40520485.920500002801418, 3529555.877699999604374 ], [ 40520486.678099997341633, 3529597.867499998304993 ], [ 40520530.332900002598763, 3529592.9309 ], [ 40520530.975699998438358, 3529569.761299999896437 ] ] ] ] } },
{ "type": "Feature", "properties": { "OBJECTID": 13982, "DKBH": "ZC-CZ-A05-36", "YDDM": "G2", "DKMJ": 8138.5, "YDJRX": " ", "RJL": " ", "JZMD": " ", "LDL": "≥80%", "JDCW": " ", "DTSTZB": " ", "CSSJZB": " ", "REMARK": " ", "PLANNAME": "《江阴市中心城区主城控制性详细规划》（ZC-CZ-A05基本控制单元）更正", "PLANDATE": "2019-12-17T00:00:00Z", "PLANUNIT": "江阴市城乡规划设计院", "PASSDATE": "2020-01-17T00:00:00Z", "STARTTIME": "2020-07-07T12:00:00Z", "FGUID": null, "CADNAME": "08G2防护绿地", "DXKJKF": " ", "YDXZ": "防护绿地", "FTZMC": "ZC-CZ-A05-25-45.dwg", "JZGD": "/", "JC": null, "SHAPE_Length": 470.03913090535821, "SHAPE_Area": 8135.2483155630334 }, "geometry": { "type": "MultiPolygon", "coordinates": [ [ [ [ 40520530.05290000140667, 3529603.026499999687076 ], [ 40520530.332900002598763, 3529592.9309 ], [ 40520486.678099997341633, 3529597.867499998304993 ], [ 40520485.920500002801418, 3529555.877699999604374 ], [ 40520463.9085, 3529556.986100000329316 ], [ 40520355.2681, 3529562.5365 ], [ 40520347.201700001955032, 3529571.0255 ], [ 40520347.201300002634525, 3529618.803899998776615 ], [ 40520360.791900001466274, 3529619.265899999067187 ], [ 40520374.3887, 3529619.052899999544024 ], [ 40520426.9771, 3529614.682299999520183 ], [ 40520530.05290000140667, 3529603.026499999687076 ] ] ] ] } },
{ "type": "Feature", "properties": { "OBJECTID": 14017, "DKBH": " ", "YDDM": "E11", "DKMJ": 9721.4, "YDJRX": " ", "RJL": " ", "JZMD": " ", "LDL": " ", "JDCW": " ", "DTSTZB": " ", "CSSJZB": " ", "REMARK": " ", "PLANNAME": "《江阴市中心城区主城控制性详细规划》（城西片区）调整", "PLANDATE": "2022-06-15T00:00:00Z", "PLANUNIT": "江阴市城乡规划设计院", "PASSDATE": "2022-07-15T00:00:00Z", "STARTTIME": "2022-08-03T16:39:42Z", "FGUID": null, "CADNAME": "10E11自然水域", "DXKJKF": " ", "YDXZ": "自然水域", "FTZMC": " ", "JZGD": "/", "JC": null, "SHAPE_Length": 1012.4622316945852, "SHAPE_Area": 9721.3504763205674 }, "geometry": { "type": "MultiPolygon", "coordinates": [ [ [ [ 40521768.3433, 3531387.527899998705834 ], [ 40521760.630900003015995, 3531386.708299999125302 ], [ 40521737.344099998474121, 3531871.060699999798089 ], [ 40521757.1549, 3531875.482299999333918 ], [ 40521780.552100002765656, 3531388.8257 ], [ 40521768.3433, 3531387.527899998705834 ] ] ] ] } },
{ "type": "Feature", "properties": { "OBJECTID": 14166, "DKBH": "ZC-CZ-C06-22-1", "YDDM": "S41", "DKMJ": 7523.8, "YDJRX": " ", "RJL": " ", "JZMD": " ", "LDL": " ", "JDCW": " ", "DTSTZB": " ", "CSSJZB": " ", "REMARK": " ", "PLANNAME": "《江阴市中心城区主城控制性详细规划》（ZC-CZ-B03、B05、C06基?", "PLANDATE": "2019-07-08T00:00:00Z", "PLANUNIT": "江阴市城乡规划设计院", "PASSDATE": "2019-08-22T00:00:00Z", "STARTTIME": "2019-08-23T12:00:00Z", "FGUID": " ", "CADNAME": "06S41公共交通场站用地", "DXKJKF": " ", "YDXZ": "公共交通场站用地", "FTZMC": "ZC-CZ-C06-17-29.dwg", "JZGD": "/", "JC": " ", "SHAPE_Length": 342.5275214973471, "SHAPE_Area": 7523.9097172411648 }, "geometry": { "type": "MultiPolygon", "coordinates": [ [ [ [ 40524273.947400003671646, 3531108.453899999614805 ], [ 40524217.092299997806549, 3531108.275700000114739 ], [ 40524235.884800001978874, 3531196.757100000511855 ], [ 40524310.603, 3531206.537600000854582 ], [ 40524318.548699997365475, 3531144.580399999860674 ], [ 40524273.947400003671646, 3531108.453899999614805 ] ] ] ] } },
{ "type": "Feature", "properties": { "OBJECTID": 14205, "DKBH": "ZC-CZ-B04-14-16", "YDDM": "Rax", "DKMJ": 14469.3, "YDJRX": " /", "RJL": "0.6-1.0", "JZMD": "≤30%", "LDL": "≥35%", "JDCW": "0.6个/100生", "DTSTZB": " ", "CSSJZB": " ", "REMARK": " ", "PLANNAME": "《江阴市中心城区主城控制性详细规划》（城西片区）调整", "PLANDATE": "2022-06-15T00:00:00Z", "PLANUNIT": "江阴市城乡规划设计院", "PASSDATE": "2022-07-15T00:00:00Z", "STARTTIME": "2022-08-03T16:39:42Z", "FGUID": null, "CADNAME": "01Rax幼托用地", "DXKJKF": " ", "YDXZ": "幼托用地", "FTZMC": "ZC-CZ-B04-14-39.dwg", "JZGD": "/", "JC": null, "SHAPE_Length": 530.08492278563006, "SHAPE_Area": 14469.272774895346 }, "geometry": { "type": "MultiPolygon", "coordinates": [ [ [ [ 40522197.353299997746944, 3531158.71529999980703 ], [ 40522138.183899998664856, 3531148.763099999632686 ], [ 40522117.5145, 3531163.152300000190735 ], [ 40522110.1787, 3531201.74349999986589 ], [ 40522120.881499998271465, 3531217.005700000561774 ], [ 40522310.670100003480911, 3531247.594900000840425 ], [ 40522315.53490000218153, 3531243.830699999351054 ], [ 40522320.978299997746944, 3531186.073700000531971 ], [ 40522312.055100001394749, 3531174.458899999503046 ], [ 40522227.5185, 3531160.239899998530746 ], [ 40522197.353299997746944, 3531158.71529999980703 ] ] ] ] } },
{ "type": "Feature", "properties": { "OBJECTID": 14342, "DKBH": "ZC-CZ-B07-17", "YDDM": "R2", "DKMJ": 35622.6, "YDJRX": "A、B、S、G", "RJL": "1.2-3.0", "JZMD": "≤30%", "LDL": "≥30%", "JDCW": "0.5个/100㎡", "DTSTZB": " ", "CSSJZB": " ", "REMARK": " ", "PLANNAME": "《江阴市中心城区主城控制性详细规划》（ZC-CZ-B07基本控制单元?", "PLANDATE": "2019-05-05T00:00:00Z", "PLANUNIT": "江阴市城乡规划设计院", "PASSDATE": "2019-07-05T00:00:00Z", "STARTTIME": "2019-07-15T12:00:00Z", "FGUID": " ", "CADNAME": "01R2二类居住用地", "DXKJKF": " ", "YDXZ": "二类居住用地", "FTZMC": "ZC-CZ-B07-17-40.dwg", "JZGD": "/", "JC": " ", "SHAPE_Length": 756.24014191879348, "SHAPE_Area": 35623.225666146776 }, "geometry": { "type": "MultiPolygon", "coordinates": [ [ [ [ 40523535.329300001263618, 3530072.067800000309944 ], [ 40523520.264600001275539, 3530070.830299998633564 ], [ 40523521.675300002098083, 3530104.650199999567121 ], [ 40523526.4217, 3530134.474499998614192 ], [ 40523529.450199998915195, 3530207.094 ], [ 40523545.949199996888638, 3530225.39149999897927 ], [ 40523599.443400003015995, 3530233.200599999632686 ], [ 40523728.827799998223782, 3530252.087999999523163 ], [ 40523745.868699997663498, 3530239.184100000187755 ], [ 40523749.116700001060963, 3530214.266900000162423 ], [ 40523755.132700003683567, 3530195.192899999208748 ], [ 40523767.338, 3530101.561200000345707 ], [ 40523667.438199996948242, 3530084.905799998901784 ], [ 40523593.710600003600121, 3530078.031499999575317 ], [ 40523535.329300001263618, 3530072.067800000309944 ] ] ] ] } },
{ "type": "Feature", "properties": { "OBJECTID": 14343, "DKBH": "ZC-CZ-B07-29", "YDDM": "R2", "DKMJ": 59890.3, "YDJRX": "A、B、S、G", "RJL": "1.2-3.0", "JZMD": "≤30%", "LDL": "≥30%", "JDCW": "0.5个/100㎡", "DTSTZB": " ", "CSSJZB": " ", "REMARK": " ", "PLANNAME": "《江阴市中心城区主城控制性详细规划》（ZC-CZ-B07基本控制单元?", "PLANDATE": "2019-05-05T00:00:00Z", "PLANUNIT": "江阴市城乡规划设计院", "PASSDATE": "2019-07-05T00:00:00Z", "STARTTIME": "2019-07-15T12:00:00Z", "FGUID": " ", "CADNAME": "01R2二类居住用地", "DXKJKF": " ", "YDXZ": "二类居住用地", "FTZMC": "ZC-CZ-B07-17-40.dwg", "JZGD": "/", "JC": " ", "SHAPE_Length": 1113.3718047334496, "SHAPE_Area": 59891.380374439941 }, "geometry": { "type": "MultiPolygon", "coordinates": [ [ [ [ 40523553.2676, 3529506.980499999597669 ], [ 40523454.234399996697903, 3529493.10219999961555 ], [ 40523437.215899996459484, 3529510.845200000330806 ], [ 40523466.031900003552437, 3529668.386299999896437 ], [ 40523479.520900003612041, 3529681.054399999789894 ], [ 40523520.0739, 3529685.869099999777973 ], [ 40523539.522, 3529691.702499998733401 ], [ 40523812.00900000333786, 3529724.053199999500066 ], [ 40523817.059299997985363, 3529720.121399999596179 ], [ 40523826.17400000244379, 3529650.198400000110269 ], [ 40523733.1012, 3529637.744999999646097 ], [ 40523747.430200003087521, 3529530.655700000468642 ], [ 40523593.366700001060963, 3529509.065499999560416 ], [ 40523553.2676, 3529506.980499999597669 ] ] ] ] } },
{ "type": "Feature", "properties": { "OBJECTID": 14344, "DKBH": "ZC-CZ-B07-28", "YDDM": "R2", "DKMJ": 52412.9, "YDJRX": "A、B、S、G", "RJL": "≤3.5", "JZMD": "≤45%", "LDL": "≥30%", "JDCW": "0.5个/100㎡", "DTSTZB": " ", "CSSJZB": " ", "REMARK": " ", "PLANNAME": "《江阴市中心城区主城控制性详细规划》（ZC-CZ-B07基本控制单元?", "PLANDATE": "2019-05-05T00:00:00Z", "PLANUNIT": "江阴市城乡规划设计院", "PASSDATE": "2019-07-05T00:00:00Z", "STARTTIME": "2019-07-15T12:00:00Z", "FGUID": " ", "CADNAME": "01R2二类居住用地", "DXKJKF": " ", "YDXZ": "二类居住用地", "FTZMC": "ZC-CZ-B07-17-40.dwg", "JZGD": "/", "JC": " ", "SHAPE_Length": 892.80949266137713, "SHAPE_Area": 52413.943086330823 }, "geometry": { "type": "MultiPolygon", "coordinates": [ [ [ [ 40523986.282499998807907, 3529762.870199999306351 ], [ 40523834.5093, 3529744.85120000038296 ], [ 40523829.458800002932549, 3529748.782800000626594 ], [ 40523818.659400001168251, 3529831.631699999328703 ], [ 40523804.6989, 3529938.730299999006093 ], [ 40523803.707999996840954, 3529946.331799999345094 ], [ 40523816.68, 3529962.84029999980703 ], [ 40524038.3666, 3529987.138899999205023 ], [ 40524049.171800002455711, 3529978.265700000803918 ], [ 40524049.509800001978874, 3529974.37019999884069 ], [ 40524053.660499997437, 3529926.546200000215322 ], [ 40524065.433600001037121, 3529790.889899999368936 ], [ 40524051.835100002586842, 3529774.177399998996407 ], [ 40524005.730499997735023, 3529768.70380000025034 ], [ 40523986.282499998807907, 3529762.870199999306351 ] ] ] ] } },
{ "type": "Feature", "properties": { "OBJECTID": 14841, "DKBH": "ZC-CZ-B05-67", "YDDM": "A1", "DKMJ": 2879.4, "YDJRX": " ", "RJL": "≤1.0", "JZMD": "≤35%", "LDL": "≥20%", "JDCW": "1.0个/100㎡", "DTSTZB": " ", "CSSJZB": " ", "REMARK": " ", "PLANNAME": "《江阴市中心城区主城控制性详细规划》（ZC-CZ-B01、B05、B07、C06、C12、C13基本控制单元）更正", "PLANDATE": "2020-09-14T00:00:00Z", "PLANUNIT": "江阴市城乡规划设计院", "PASSDATE": "2020-09-21T00:00:00Z", "STARTTIME": "2020-09-30T09:50:22Z", "FGUID": null, "CADNAME": "02A1行政办公用地", "DXKJKF": " ", "YDXZ": "行政办公用地", "FTZMC": "ZC-CZ-B05-53-73.dwg", "JZGD": "/", "JC": null, "SHAPE_Length": 229.52369010164489, "SHAPE_Area": 2879.4205330346299 }, "geometry": { "type": "MultiPolygon", "coordinates": [ [ [ [ 40524087.6673, 3530716.84169999929145 ], [ 40524009.5185, 3530716.841100000310689 ], [ 40524009.568530969321728, 3530721.43581771152094 ], [ 40524009.631923668086529, 3530726.030370413791388 ], [ 40524009.708679191768169, 3530730.624719380866736 ], [ 40524009.798793785274029, 3530735.218825697433203 ], [ 40524009.902271263301373, 3530739.812650382053107 ], [ 40524010.019105844199657, 3530744.406154864002019 ], [ 40524010.149300001561642, 3530748.99930000025779 ], [ 40524010.293499998748302, 3530753.837300000246614 ], [ 40524087.666900001466274, 3530753.838100000284612 ], [ 40524087.6673, 3530716.84169999929145 ] ] ] ] } },
{ "type": "Feature", "properties": { "OBJECTID": 14842, "DKBH": "ZC-CZ-B05-69", "YDDM": "B41", "DKMJ": 1841.1, "YDJRX": " ", "RJL": "≤0.5", "JZMD": "≤40%", "LDL": " ", "JDCW": " ", "DTSTZB": " ", "CSSJZB": " ", "REMARK": " ", "PLANNAME": "《江阴市中心城区主城控制性详细规划》（ZC-CZ-B01、B05、B07、C06、C12、C13基本控制单元）更正", "PLANDATE": "2020-09-14T00:00:00Z", "PLANUNIT": "江阴市城乡规划设计院", "PASSDATE": "2020-09-21T00:00:00Z", "STARTTIME": "2020-09-30T09:50:22Z", "FGUID": null, "CADNAME": "03B41加油加气站用地", "DXKJKF": " ", "YDXZ": "加油加气站用地", "FTZMC": "ZC-CZ-B05-53-73.dwg", "JZGD": "/", "JC": null, "SHAPE_Length": 175.19196842263838, "SHAPE_Area": 1891.0005541904663 }, "geometry": { "type": "MultiPolygon", "coordinates": [ [ [ [ 40524067.0035, 3530554.030900000594556 ], [ 40524068.060099996626377, 3530512.932099999859929 ], [ 40524020.754100002348423, 3530513.2459 ], [ 40524020.141922473907471, 3530518.407279133331031 ], [ 40524019.546730034053326, 3530523.570643960963935 ], [ 40524018.968523018062115, 3530528.735939025413245 ], [ 40524018.407310478389263, 3530533.903107881080359 ], [ 40524017.863100044429302, 3530539.072094976436347 ], [ 40524017.335892200469971, 3530544.242844461929053 ], [ 40524016.8257, 3530549.4153 ], [ 40524067.0035, 3530554.030900000594556 ] ] ] ] } },
{ "type": "Feature", "properties": { "OBJECTID": 14843, "DKBH": "ZC-CZ-C06-24", "YDDM": "B41", "DKMJ": 2526.2, "YDJRX": " ", "RJL": " ", "JZMD": " ", "LDL": " ", "JDCW": " ", "DTSTZB": " ", "CSSJZB": " ", "REMARK": " ", "PLANNAME": "《江阴市中心城区主城控制性详细规划》（ZC-CZ-B01、B05、B07、C06、C12、C13基本控制单元）更正", "PLANDATE": "2020-09-14T00:00:00Z", "PLANUNIT": "江阴市城乡规划设计院", "PASSDATE": "2020-09-21T00:00:00Z", "STARTTIME": "2020-09-30T09:50:22Z", "FGUID": null, "CADNAME": "03B41加油加气站用地", "DXKJKF": " ", "YDXZ": "加油加气站用地", "FTZMC": "ZC-CZ-C06-17-29.dwg", "JZGD": "/", "JC": null, "SHAPE_Length": 197.66900311977611, "SHAPE_Area": 2526.176038449802 }, "geometry": { "type": "MultiPolygon", "coordinates": [ [ [ [ 40524335.330899998545647, 3530877.699900000356138 ], [ 40524300.769100002944469, 3530870.732499999459833 ], [ 40524297.1266999989748, 3530927.384899999015033 ], [ 40524330.7491, 3530929.232099999208003 ], [ 40524345.676700003445148, 3530929.669899998698384 ], [ 40524350.292499996721745, 3530899.056099998764694 ], [ 40524335.330899998545647, 3530877.699900000356138 ] ] ] ] } },
{ "type": "Feature", "properties": { "OBJECTID": 14946, "DKBH": "ZC-CZ-B04-22", "YDDM": "RB", "DKMJ": 0.0, "YDJRX": "A、B、S、U、G", "RJL": "1.5-5.0", "JZMD": "≤55%", "LDL": "≥15%", "JDCW": "0.5个/100㎡", "DTSTZB": " ", "CSSJZB": " ", "REMARK": " ", "PLANNAME": "《江阴市中心城区主城控制性详细规划》（ZC-CZ-B04基本控制单元?", "PLANDATE": "2017-12-10T00:00:00Z", "PLANUNIT": "江阴市城乡规划设计院", "PASSDATE": "2017-12-19T00:00:00Z", "STARTTIME": "2017-12-21T12:00:00Z", "FGUID": " ", "CADNAME": "01RB商住混合用地", "DXKJKF": " ", "YDXZ": "商住混合用地", "FTZMC": "ZC-CZ-B04-14-39.dwg", "JZGD": "/", "JC": " ", "SHAPE_Length": 1008.1155172120062, "SHAPE_Area": 61303.989177953212 }, "geometry": { "type": "MultiPolygon", "coordinates": [ [ [ [ 40522549.951399996876717, 3530975.067100001033396 ], [ 40522497.706, 3530966.063399999868125 ], [ 40522480.471500001847744, 3530979.030799999367446 ], [ 40522457.637999996542931, 3531162.964699999429286 ], [ 40522467.556400001049042, 3531176.276899998541921 ], [ 40522663.219300001859665, 3531209.187399999704212 ], [ 40522693.38459999859333, 3531210.711999999824911 ], [ 40522748.498999997973442, 3531219.982199999503791 ], [ 40522770.05799999833107, 3531203.384 ], [ 40522780.8398, 3531086.42299999948591 ], [ 40522722.491800002753735, 3531071.950799998827279 ], [ 40522728.009900003671646, 3531012.088699999731034 ], [ 40522652.829599998891354, 3530993.479099998716265 ], [ 40522616.486000001430511, 3530985.061200000345707 ], [ 40522579.989799998700619, 3530977.331600000150502 ], [ 40522549.951399996876717, 3530975.067100001033396 ] ] ] ] } },
{ "type": "Feature", "properties": { "OBJECTID": 14947, "DKBH": "ZC-CZ-B04-20", "YDDM": "RB", "DKMJ": 25337.8, "YDJRX": "A、B、S、U、G", "RJL": "1.5-5.0", "JZMD": "≤55%", "LDL": "≥15%", "JDCW": "0.5个/100㎡", "DTSTZB": " ", "CSSJZB": " ", "REMARK": " ", "PLANNAME": "《江阴市中心城区主城控制性详细规划》（ZC-CZ-B04基本控制单元?", "PLANDATE": "2017-12-10T00:00:00Z", "PLANUNIT": "江阴市城乡规划设计院", "PASSDATE": "2017-12-19T00:00:00Z", "STARTTIME": "2017-12-21T12:00:00Z", "FGUID": " ", "CADNAME": "01RB商住混合用地", "DXKJKF": " ", "YDXZ": "商住混合用地", "FTZMC": "ZC-CZ-B04-14-39.dwg", "JZGD": "/", "JC": " ", "SHAPE_Length": 767.20588236403773, "SHAPE_Area": 37743.383459902958 }, "geometry": { "type": "MultiPolygon", "coordinates": [ [ [ [ 40522324.639600001275539, 3530937.002699999604374 ], [ 40522299.2232, 3530933.273699999321252 ], [ 40522275.383500002324581, 3531041.078499999828637 ], [ 40522253.44990000128746, 3531140.264099998865277 ], [ 40522315.159599997103214, 3531150.643799999728799 ], [ 40522324.174500003457069, 3531152.160099999047816 ], [ 40522428.073299996554852, 3531169.635700000450015 ], [ 40522441.972499996423721, 3531159.280299999751151 ], [ 40522454.758599996566772, 3531056.281299999449402 ], [ 40522464.735, 3530975.918200000189245 ], [ 40522452.0264, 3530959.229199999477714 ], [ 40522380.783, 3530948.777100000530481 ], [ 40522324.639600001275539, 3530937.002699999604374 ] ] ] ] } },
{ "type": "Feature", "properties": { "OBJECTID": 14948, "DKBH": "ZC-CZ-B04-24", "YDDM": "B41", "DKMJ": 2084.3, "YDJRX": " ", "RJL": "≤0.5", "JZMD": "≤40%", "LDL": "≥15%", "JDCW": " ", "DTSTZB": " ", "CSSJZB": " ", "REMARK": " ", "PLANNAME": "《江阴市中心城区主城控制性详细规划》（ZC-CZ-B04基本控制单元?", "PLANDATE": "2017-12-10T00:00:00Z", "PLANUNIT": "江阴市城乡规划设计院", "PASSDATE": "2017-12-19T00:00:00Z", "STARTTIME": "2017-12-21T12:00:00Z", "FGUID": " ", "CADNAME": "03B41加油加气站用地", "DXKJKF": " ", "YDXZ": "加油加气站用地", "FTZMC": "ZC-CZ-B04-14-39.dwg", "JZGD": "/", "JC": " ", "SHAPE_Length": 230.91903615580404, "SHAPE_Area": 3379.6724653706683 }, "geometry": { "type": "MultiPolygon", "coordinates": [ [ [ [ 40522767.1778, 3531021.803500000853091 ], [ 40522728.009900003671646, 3531012.088699999731034 ], [ 40522722.491800002753735, 3531071.950799998827279 ], [ 40522780.8398, 3531086.42299999948591 ], [ 40522784.544, 3531046.238400000613183 ], [ 40522767.1778, 3531021.803500000853091 ] ] ] ] } },
{ "type": "Feature", "properties": { "OBJECTID": 15063, "DKBH": " ", "YDDM": "E11", "DKMJ": 0.0, "YDJRX": " ", "RJL": " ", "JZMD": " ", "LDL": " ", "JDCW": " ", "DTSTZB": " ", "CSSJZB": " ", "REMARK": " ", "PLANNAME": "《江阴市中心城区主城控制性详细规划》（ZC-CZ-B07基本控制单元?", "PLANDATE": "2019-05-05T00:00:00Z", "PLANUNIT": "江阴市城乡规划设计院", "PASSDATE": "2019-07-05T00:00:00Z", "STARTTIME": "2019-07-15T12:00:00Z", "FGUID": " ", "CADNAME": "10E11自然水域", "DXKJKF": " ", "YDXZ": "自然水域", "FTZMC": " ", "JZGD": "/", "JC": " ", "SHAPE_Length": 566.20041444756237, "SHAPE_Area": 6675.3037211119281 }, "geometry": { "type": "MultiPolygon", "coordinates": [ [ [ [ 40523563.020599998533726, 3530013.753499999176711 ], [ 40523517.7522, 3530010.580100000370294 ], [ 40523518.894000001251698, 3530037.954999999608845 ], [ 40523558.842600002884865, 3530039.985899999272078 ], [ 40523583.903800003230572, 3530042.67329999897629 ], [ 40523619.001500003039837, 3530048.190499999560416 ], [ 40523642.001400001347065, 3530052.079900000244379 ], [ 40523661.081, 3530054.574499999172986 ], [ 40523666.540600001811981, 3530055.4529 ], [ 40523771.915700003504753, 3530066.442699999082834 ], [ 40523775.104000002145767, 3530041.983499999623746 ], [ 40523757.483400002121925, 3530039.6867 ], [ 40523686.605999998748302, 3530031.37790000019595 ], [ 40523664.411200001835823, 3530028.788499999325722 ], [ 40523623.1879, 3530022.5291 ], [ 40523563.020599998533726, 3530013.753499999176711 ] ] ] ] } },
{ "type": "Feature", "properties": { "OBJECTID": 15064, "DKBH": "ZC-CZ-B07-30", "YDDM": "Rax", "DKMJ": 10038.3, "YDJRX": " ", "RJL": "≤0.8", "JZMD": "≤30%", "LDL": "≥35%", "JDCW": "0.6个/100生", "DTSTZB": " ", "CSSJZB": " ", "REMARK": " ", "PLANNAME": "《江阴市中心城区主城控制性详细规划》（ZC-CZ-B07基本控制单元?", "PLANDATE": "2019-05-05T00:00:00Z", "PLANUNIT": "江阴市城乡规划设计院", "PASSDATE": "2019-07-05T00:00:00Z", "STARTTIME": "2019-07-15T12:00:00Z", "FGUID": " ", "CADNAME": "01Rax幼托用地", "DXKJKF": " ", "YDXZ": "幼托用地", "FTZMC": "ZC-CZ-B07-17-40.dwg", "JZGD": "/", "JC": " ", "SHAPE_Length": 396.58782133253453, "SHAPE_Area": 10038.468624391908 }, "geometry": { "type": "MultiPolygon", "coordinates": [ [ [ [ 40523829.170900002121925, 3529542.110699999611825 ], [ 40523747.430200003087521, 3529530.655700000468642 ], [ 40523733.1012, 3529637.744999999646097 ], [ 40523826.182800002396107, 3529650.199599999468774 ], [ 40523838.6426, 3529554.54509999928996 ], [ 40523829.170900002121925, 3529542.110699999611825 ] ] ] ] } },
{ "type": "Feature", "properties": { "OBJECTID": 15367, "DKBH": "ZC-CZ-C06-21", "YDDM": "G1", "DKMJ": 59748.0, "YDJRX": " ", "RJL": " ", "JZMD": " ", "LDL": "≥65%", "JDCW": " ", "DTSTZB": " ", "CSSJZB": " ", "REMARK": " ", "PLANNAME": "《江阴市中心城区主城控制性详细规划》（ZC-CZ-B01、B05、B07、C06、C12、C13基本控制单元）更正", "PLANDATE": "2020-09-14T00:00:00Z", "PLANUNIT": "江阴市城乡规划设计院", "PASSDATE": "2020-09-21T00:00:00Z", "STARTTIME": "2020-09-30T09:50:22Z", "FGUID": null, "CADNAME": "08G1公园绿地", "DXKJKF": " ", "YDXZ": "公园绿地", "FTZMC": "ZC-CZ-C06-17-29.dwg", "JZGD": "/", "JC": null, "SHAPE_Length": 1781.460711028793, "SHAPE_Area": 54007.444669125602 }, "geometry": { "type": "MultiPolygon", "coordinates": [ [ [ [ 40524235.884900003671646, 3531196.757100000511855 ], [ 40524217.092299997806549, 3531108.275700000114739 ], [ 40524273.947499997913837, 3531108.453899999614805 ], [ 40524318.549500003457069, 3531144.580900000408292 ], [ 40524334.1857, 3531030.089699999429286 ], [ 40524335.2443, 3531022.33769999910146 ], [ 40524337.353500001132488, 3531008.349499999079853 ], [ 40524338.365099996328354, 3530978.16270000115037 ], [ 40524345.676700003445148, 3530929.669899998698384 ], [ 40524330.7491, 3530929.232099999208003 ], [ 40524297.1266999989748, 3530927.384899999015033 ], [ 40524300.769100002944469, 3530870.732499999459833 ], [ 40524276.487099997699261, 3530865.837299999315292 ], [ 40524185.041299998760223, 3530847.402300000190735 ], [ 40524183.0145, 3530877.127100000623614 ], [ 40524181.131300002336502, 3530902.988299999851733 ], [ 40524186.307300001382828, 3530903.365299998782575 ], [ 40524184.98929999768734, 3530922.5409 ], [ 40524183.1901, 3530924.541500000283122 ], [ 40524179.7311, 3530924.417500000912696 ], [ 40524179.212700001895428, 3530933.218900000210851 ], [ 40524177.032700002193451, 3530960.92090000025928 ], [ 40524176.1537000015378, 3530974.196899999864399 ], [ 40524175.792900003492832, 3530976.682099998462945 ], [ 40524179.577100001275539, 3530978.211100000422448 ], [ 40524181.091700002551079, 3530979.247100000269711 ], [ 40524173.9819, 3531090.69469999987632 ], [ 40524169.842699997127056, 3531095.82109999936074 ], [ 40524167.124899998307228, 3531128.9567 ], [ 40524166.2755, 3531138.516099999658763 ], [ 40524161.247100003063679, 3531192.911899999249727 ], [ 40524162.103699997067451, 3531199.504899999592453 ], [ 40524165.549500003457069, 3531222.877100000157952 ], [ 40524161.683899998664856, 3531276.825699999462813 ], [ 40524269.431900002062321, 3531329.9959 ], [ 40524292.962899997830391, 3531317.357899999711663 ], [ 40524300.542099997401237, 3531257.837899999227375 ], [ 40524306.5405, 3531238.440100000239909 ], [ 40524310.602899998426437, 3531206.537699998822063 ], [ 40524235.884900003671646, 3531196.757100000511855 ] ], [ [ 40524274.12389999628067, 3531092.222699999809265 ], [ 40524276.261699996888638, 3531076.56789999967441 ], [ 40524281.8103, 3531077.325499998871237 ], [ 40524287.5563, 3531035.249100000131875 ], [ 40524323.380500003695488, 3531035.28870000038296 ], [ 40524312.258699998259544, 3531116.728299998212606 ], [ 40524287.859300002455711, 3531113.396300000138581 ], [ 40524274.12389999628067, 3531092.222699999809265 ] ], [ [ 40524241.9599, 3530871.118300000205636 ], [ 40524242.456500001251698, 3530868.165300001390278 ], [ 40524274.578100003302097, 3530874.744299999438226 ], [ 40524274.0159, 3530877.580699999816716 ], [ 40524268.269900001585484, 3530906.084499998949468 ], [ 40524237.089500002563, 3530895.280500000342727 ], [ 40524241.9599, 3530871.118300000205636 ] ] ] ] } },
{ "type": "Feature", "properties": { "OBJECTID": 15369, "DKBH": "ZC-CZ-B07-38", "YDDM": "G1", "DKMJ": 153280.9, "YDJRX": " ", "RJL": " ", "JZMD": " ", "LDL": "≥65%", "JDCW": " ", "DTSTZB": " ", "CSSJZB": " ", "REMARK": " ", "PLANNAME": "《江阴市中心城区主城控制性详细规划》（ZC-CZ-B01、B05、B07、C06、C12、C13基本控制单元）更正", "PLANDATE": "2020-09-14T00:00:00Z", "PLANUNIT": "江阴市城乡规划设计院", "PASSDATE": "2020-09-21T00:00:00Z", "STARTTIME": "2020-09-30T09:50:22Z", "FGUID": null, "CADNAME": "08G1公园绿地", "DXKJKF": " ", "YDXZ": "公园绿地", "FTZMC": "ZC-CZ-B07-17-40.dwg", "JZGD": "/", "JC": null, "SHAPE_Length": 1579.8272432456597, "SHAPE_Area": 153280.88748417093 }, "geometry": { "type": "MultiPolygon", "coordinates": [ [ [ [ 40524299.959700003266335, 3529256.503299999516457 ], [ 40524333.9287, 3529042.83009999897331 ], [ 40524337.580700002610683, 3529025.690100000239909 ], [ 40524326.137900002300739, 3529025.321499999146909 ], [ 40524276.003300003707409, 3529028.675699999090284 ], [ 40524196.3129, 3529028.582499999087304 ], [ 40524126.854099996387959, 3529028.501299999188632 ], [ 40524124.954300001263618, 3529028.499299999792129 ], [ 40524123.0555, 3529028.4981 ], [ 40524121.157300002872944, 3529028.4983 ], [ 40524119.2601, 3529028.500900000333786 ], [ 40524117.36370000243187, 3529028.506699999328703 ], [ 40524115.4679, 3529028.516099999658763 ], [ 40524113.5731, 3529028.530299999285489 ], [ 40524111.6791, 3529028.549699999857694 ], [ 40524109.7861, 3529028.575299999676645 ], [ 40524107.893700003623962, 3529028.607300000265241 ], [ 40524106.002300001680851, 3529028.647299999371171 ], [ 40524104.112099997699261, 3529028.695500000845641 ], [ 40524102.222900003194809, 3529028.752899999264628 ], [ 40524100.334700003266335, 3529028.820099999662489 ], [ 40524098.447899997234344, 3529028.897899999748915 ], [ 40524096.562299996614456, 3529028.9869 ], [ 40524094.678099997341633, 3529029.08809999935329 ], [ 40524092.795500002801418, 3529029.202099999412894 ], [ 40524090.914499998092651, 3529029.329699999652803 ], [ 40524089.035300001502037, 3529029.471300000324845 ], [ 40524087.158100001513958, 3529029.628100000321865 ], [ 40524085.283100001513958, 3529029.8007 ], [ 40524083.410499997437, 3529029.989499999210238 ], [ 40524081.5405, 3529030.1955 ], [ 40524079.673299998044968, 3529030.419499999377877 ], [ 40524077.809500001370907, 3529030.662100000306964 ], [ 40524075.9489, 3529030.923899999354035 ], [ 40524074.092100001871586, 3529031.205699999351054 ], [ 40524072.23929999768734, 3529031.508299999404699 ], [ 40524070.391099996864796, 3529031.832299999892712 ], [ 40524068.5475, 3529032.178299999330193 ], [ 40524066.7091, 3529032.546900000888854 ], [ 40524064.876500003039837, 3529032.9391 ], [ 40524063.05009999871254, 3529033.355100000742823 ], [ 40524061.230099998414516, 3529033.795900000724941 ], [ 40524059.417499996721745, 3529034.261900000739843 ], [ 40524058.908699996769428, 3529034.3975 ], [ 40524049.98870000243187, 3529037.1477 ], [ 40524041.291299998760223, 3529040.537099999841303 ], [ 40524037.7355, 3529042.229100000113249 ], [ 40524039.9731, 3529046.843299999367446 ], [ 40524040.795900002121925, 3529048.988300000317395 ], [ 40524041.243100002408028, 3529051.241699999663979 ], [ 40524041.3019, 3529053.538299999665469 ], [ 40524040.970299996435642, 3529055.811700000893325 ], [ 40524040.258100003004074, 3529057.995899999048561 ], [ 40524039.185900002717972, 3529060.0277 ], [ 40524037.784500002861023, 3529061.848299999255687 ], [ 40524036.094899997115135, 3529063.40489999903366 ], [ 40524003.482699997723103, 3529088.675499999895692 ], [ 40524000.685500003397465, 3529091.179499998688698 ], [ 40523998.270099997520447, 3529094.053899999707937 ], [ 40523996.285099998116493, 3529097.2407 ], [ 40523994.7703, 3529100.67589999968186 ], [ 40523993.756300002336502, 3529104.29069999884814 ], [ 40523986.578500002622604, 3529139.2333 ], [ 40523985.923100002110004, 3529141.44469999987632 ], [ 40523984.90089999884367, 3529143.512299999594688 ], [ 40523983.541500002145767, 3529145.37569999974221 ], [ 40523981.884900003671646, 3529146.980499999597669 ], [ 40523979.9793, 3529148.279900000896305 ], [ 40523977.8800999969244, 3529149.235900000203401 ], [ 40523975.648900002241135, 3529149.820699998643249 ], [ 40523973.350900001823902, 3529150.017099998891354 ], [ 40523971.052699998021126, 3529149.819500000681728 ], [ 40523969.362499997019768, 3529149.672899998724461 ], [ 40523967.6717, 3529149.814499999862164 ], [ 40523966.0291, 3529150.239700000267476 ], [ 40523964.482100002467632, 3529150.936499999370426 ], [ 40523963.0753, 3529151.884699998889118 ], [ 40523961.848899997770786, 3529153.057099999859929 ], [ 40523960.838299997150898, 3529154.420099999755621 ], [ 40523960.072700001299381, 3529155.934299999848008 ], [ 40523959.574100002646446, 3529157.555899999570101 ], [ 40523956.9341000020504, 3529171.371499999891967 ], [ 40523954.973300002515316, 3529185.299699999857694 ], [ 40523953.6967, 3529199.307099999394268 ], [ 40523953.107299998402596, 3529213.360299998894334 ], [ 40523953.206699997186661, 3529227.425499998964369 ], [ 40523953.9943, 3529241.46889999974519 ], [ 40523955.468500003218651, 3529255.457100000232458 ], [ 40523957.625500001013279, 3529269.3561 ], [ 40523960.460500001907349, 3529283.133099999278784 ], [ 40523963.966300003230572, 3529296.754700000397861 ], [ 40523968.134900003671646, 3529310.188299999106675 ], [ 40523968.184299997985363, 3529310.33490000013262 ], [ 40523968.961499996483326, 3529312.6033 ], [ 40523969.989699997007847, 3529315.517099998891354 ], [ 40523971.047700002789497, 3529318.4219 ], [ 40523972.133900001645088, 3529321.317699998617172 ], [ 40523973.247299998998642, 3529324.2045 ], [ 40523974.386699996888638, 3529327.08269999967888 ], [ 40523975.550899997353554, 3529329.952499999664724 ], [ 40523976.7385, 3529332.814299999270588 ], [ 40523977.9485, 3529335.668099999427795 ], [ 40523979.179700002074242, 3529338.514700001105666 ], [ 40523980.430699996650219, 3529341.353699998930097 ], [ 40523981.700499996542931, 3529344.186099999584258 ], [ 40523982.987899996340275, 3529347.0121 ], [ 40523984.291900001466274, 3529349.831899999175221 ], [ 40523985.6109, 3529352.646499999798834 ], [ 40523986.944300003349781, 3529355.455699999816716 ], [ 40523988.290700003504753, 3529358.260099998675287 ], [ 40523989.648900002241135, 3529361.060699999798089 ], [ 40523991.017899997532368, 3529363.857299999333918 ], [ 40523992.396300002932549, 3529366.650899999774992 ], [ 40523993.7835, 3529369.4419 ], [ 40523995.17790000140667, 3529372.230700000189245 ], [ 40523996.5783, 3529375.017899999860674 ], [ 40523997.984300002455711, 3529377.803899999707937 ], [ 40523999.394100002944469, 3529380.589700000360608 ], [ 40524000.806900002062321, 3529383.375700000207871 ], [ 40524002.2923, 3529386.301499999593943 ], [ 40524043.563299998641014, 3529467.582099999766797 ], [ 40524062.2212999984622, 3529511.313900000415742 ], [ 40524093.449500001966953, 3529535.220499999821186 ], [ 40524152.8693, 3529543.547499999869615 ], [ 40524172.19030000269413, 3529549.789300000760704 ], [ 40524215.208099998533726, 3529555.817699998151511 ], [ 40524242.050700001418591, 3529559.579300000332296 ], [ 40524255.4643, 3529561.459099999628961 ], [ 40524289.319899998605251, 3529331.506700000260025 ], [ 40524297.712300002574921, 3529276.3991 ], [ 40524299.959700003266335, 3529256.503299999516457 ] ] ] ] } },
{ "type": "Feature", "properties": { "OBJECTID": 15370, "DKBH": "ZC-CZ-B05-71", "YDDM": "G1", "DKMJ": 55262.1, "YDJRX": " ", "RJL": " ", "JZMD": " ", "LDL": "≥65%", "JDCW": " ", "DTSTZB": " ", "CSSJZB": " ", "REMARK": " ", "PLANNAME": "《江阴市中心城区主城控制性详细规划》（ZC-CZ-B01、B05、B07、C06、C12、C13基本控制单元）更正", "PLANDATE": "2020-09-14T00:00:00Z", "PLANUNIT": "江阴市城乡规划设计院", "PASSDATE": "2020-09-21T00:00:00Z", "STARTTIME": "2020-09-30T09:50:22Z", "FGUID": null, "CADNAME": "08G1公园绿地", "DXKJKF": " ", "YDXZ": "公园绿地", "FTZMC": "ZC-CZ-B05-53-73.dwg", "JZGD": "/", "JC": null, "SHAPE_Length": 1558.1230807568263, "SHAPE_Area": 55254.630990272672 }, "geometry": { "type": "MultiPolygon", "coordinates": [ [ [ [ 40524133.6919, 3530806.44649999961257 ], [ 40524140.285099998116493, 3530720.055299999658018 ], [ 40524145.92509999871254, 3530717.369099999777973 ], [ 40524150.788900002837181, 3530657.3879 ], [ 40524145.589900001883507, 3530654.080699999351054 ], [ 40524145.855899997055531, 3530646.348699999507517 ], [ 40524151.70269999653101, 3530646.313699999824166 ], [ 40524153.0339, 3530634.427499999757856 ], [ 40524157.962499998509884, 3530589.291699998546392 ], [ 40524152.282499998807907, 3530589.097299998626113 ], [ 40524158.292900003492832, 3530522.541699999012053 ], [ 40524158.489100001752377, 3530521.641699999105185 ], [ 40524163.570100001990795, 3530520.3227 ], [ 40524171.620899997651577, 3530433.907899999525398 ], [ 40524171.982900001108646, 3530430.9199 ], [ 40524172.4085, 3530426.150500000454485 ], [ 40524177.116499997675419, 3530375.4375 ], [ 40524177.843500003218651, 3530368.111100000329316 ], [ 40524178.3975, 3530363.217299999669194 ], [ 40524179.076700001955032, 3530356.410299999639392 ], [ 40524064.046300001442432, 3530338.209699999541044 ], [ 40524041.659100003540516, 3530354.910299999173731 ], [ 40524023.197700001299381, 3530493.9337 ], [ 40524022.834047824144363, 3530496.690721040591598 ], [ 40524022.475250244140625, 3530499.448377907276154 ], [ 40524022.121309272944927, 3530502.2066620583646 ], [ 40524021.772220604121685, 3530504.965564846526831 ], [ 40524021.427988052368164, 3530507.72507780790329 ], [ 40524021.088614016771317, 3530510.485192304477096 ], [ 40524020.754100002348423, 3530513.2459 ], [ 40524068.060099996626377, 3530512.932099999859929 ], [ 40524067.0035, 3530554.030900000594556 ], [ 40524016.8257, 3530549.4153 ], [ 40524014.694521896541119, 3530573.272045612335205 ], [ 40524012.925235748291016, 3530597.158356845378876 ], [ 40524011.518249504268169, 3530621.068744062911719 ], [ 40524010.473884575068951, 3530644.997712611686438 ], [ 40524009.792377471923828, 3530668.939763128757477 ], [ 40524009.473893158137798, 3530692.889393448829651 ], [ 40524009.5185, 3530716.841100000310689 ], [ 40524087.6673, 3530716.84169999929145 ], [ 40524087.666900001466274, 3530742.2549 ], [ 40524087.666900001466274, 3530753.838100000284612 ], [ 40524010.293499998748302, 3530753.837300000246614 ], [ 40524010.410899996757507, 3530757.775500000920147 ], [ 40524030.2601, 3530782.296299999579787 ], [ 40524085.557499997317791, 3530794.651699999347329 ], [ 40524104.6307, 3530800.587899999693036 ], [ 40524133.6919, 3530806.44649999961257 ] ], [ [ 40524131.4925, 3530754.108099999837577 ], [ 40524098.9841, 3530753.73249999852851 ], [ 40524099.166299998760223, 3530716.642699999734759 ], [ 40524131.924500003457069, 3530716.714100000448525 ], [ 40524131.4925, 3530754.108099999837577 ] ] ] ] } },
{ "type": "Feature", "properties": { "OBJECTID": 15372, "DKBH": null, "YDDM": "E11", "DKMJ": 44275.6, "YDJRX": null, "RJL": null, "JZMD": null, "LDL": null, "JDCW": null, "DTSTZB": null, "CSSJZB": null, "REMARK": null, "PLANNAME": "《江阴市中心城区主城控制性详细规划》（ZC-CZ-B01、B05、B07、C06、C12、C13基本控制单元）更正", "PLANDATE": "2020-09-14T00:00:00Z", "PLANUNIT": "江阴市城乡规划设计院", "PASSDATE": "2020-09-21T00:00:00Z", "STARTTIME": "2020-09-30T09:50:22Z", "FGUID": null, "CADNAME": "10E11自然水域", "DXKJKF": null, "YDXZ": "自然水域", "FTZMC": null, "JZGD": "/", "JC": null, "SHAPE_Length": 1931.8297087627941, "SHAPE_Area": 44275.584206080115 }, "geometry": { "type": "MultiPolygon", "coordinates": [ [ [ [ 40524321.877700001001358, 3529441.3073 ], [ 40524347.963699996471405, 3529416.390899999067187 ], [ 40524377.802100002765656, 3529416.611900000367314 ], [ 40524407.981700003147125, 3529417.366700000595301 ], [ 40524572.9327, 3529421.491300000343472 ], [ 40524702.703699998557568, 3529426.621099999640137 ], [ 40524702.966700002551079, 3529395.7125 ], [ 40524608.250299997627735, 3529392.462699999567121 ], [ 40524604.8433, 3529388.534699999727309 ], [ 40524581.134499996900558, 3529387.415099999401718 ], [ 40524551.2227, 3529386.539300000295043 ], [ 40524551.204899996519089, 3529388.783299999777228 ], [ 40524517.3895, 3529387.647299999836832 ], [ 40524480.325099997222424, 3529386.472900000400841 ], [ 40524443.789899997413158, 3529385.3843 ], [ 40524443.756899997591972, 3529383.0343 ], [ 40524434.877700001001358, 3529382.467899998184294 ], [ 40524418.335299998521805, 3529381.412499998230487 ], [ 40524380.443899996578693, 3529378.995299999602139 ], [ 40524380.107100002467632, 3529383.082100000232458 ], [ 40524375.12389999628067, 3529382.671299999579787 ], [ 40524376.5911, 3529364.874099999200553 ], [ 40524349.6629, 3529349.582900000270456 ], [ 40524347.0475, 3529348.113099999260157 ], [ 40524338.791299998760223, 3529343.409499999601394 ], [ 40524347.1266999989748, 3529289.429899998940527 ], [ 40524360.26690000295639, 3529285.277699999045581 ], [ 40524360.986699998378754, 3529280.551899999845773 ], [ 40524363.822700001299381, 3529260.694899999536574 ], [ 40524367.414300002157688, 3529238.10929999826476 ], [ 40524381.830700002610683, 3529142.160299998708069 ], [ 40524400.666900001466274, 3529027.721699999179691 ], [ 40524337.580700002610683, 3529025.690100000239909 ], [ 40524333.9287, 3529042.83009999897331 ], [ 40524299.959700003266335, 3529256.503299999516457 ], [ 40524297.712300002574921, 3529276.3991 ], [ 40524289.319899998605251, 3529331.506700000260025 ], [ 40524255.4643, 3529561.459099999628961 ], [ 40524302.841899998486042, 3529568.09830000018701 ], [ 40524305.5647, 3529544.434099999256432 ], [ 40524321.877700001001358, 3529441.3073 ] ] ] ] } },
{ "type": "Feature", "properties": { "OBJECTID": 15423, "DKBH": " ", "YDDM": "E11", "DKMJ": 92165.7, "YDJRX": " ", "RJL": " ", "JZMD": " ", "LDL": " ", "JDCW": " ", "DTSTZB": " ", "CSSJZB": " ", "REMARK": " ", "PLANNAME": "《江阴市中心城区主城控制性详细规划》（ZC-CZ-C03基本控制单元）更正", "PLANDATE": "2023-06-30T00:00:00Z", "PLANUNIT": "江阴市城乡规划设计院", "PASSDATE": "2023-07-31T00:00:00Z", "STARTTIME": "2023-08-01T16:22:55Z", "FGUID": null, "CADNAME": "10E11自然水域", "DXKJKF": " ", "YDXZ": "自然水域", "FTZMC": " ", "JZGD": "/", "JC": null, "SHAPE_Length": 1179.2709907878568, "SHAPE_Area": 36768.974836665635 }, "geometry": { "type": "MultiPolygon", "coordinates": [ [ [ [ 40523766.8297, 3532418.542700000107288 ], [ 40523770.218109518289566, 3532418.805770750623196 ], [ 40523773.616214744746685, 3532418.864274322520941 ], [ 40523777.011671058833599, 3532418.717998384963721 ], [ 40523780.392154686152935, 3532418.367474197875708 ], [ 40523783.745386116206646, 3532417.813974380027503 ], [ 40523787.059192650020123, 3532417.059508800040931 ], [ 40523790.321538917720318, 3532416.106817066203803 ], [ 40523793.520578771829605, 3532414.959358687978238 ], [ 40523796.64469999819994, 3532413.62129999930039 ], [ 40523796.872808799147606, 3532413.514032774139196 ], [ 40523797.099897377192974, 3532413.40461891843006 ], [ 40523797.325941078364849, 3532413.293068527709693 ], [ 40523797.55092429369688, 3532413.179391145240515 ], [ 40523797.774826042354107, 3532413.06359702302143 ], [ 40523797.99762187898159, 3532412.945696406532079 ], [ 40523798.219300001859665, 3532412.825699999462813 ], [ 40523801.125100001692772, 3532394.236100000329316 ], [ 40523805.5581, 3532368.404099998995662 ], [ 40523807.762100003659725, 3532360.12709999922663 ], [ 40523823.350100003182888, 3532320.608099998440593 ], [ 40523821.6791, 3532319.9381 ], [ 40523827.6791, 3532304.688099999446422 ], [ 40523828.420100003480911, 3532304.458100000396371 ], [ 40523829.890100002288818, 3532304.947100000455976 ], [ 40523840.34009999781847, 3532289.5071 ], [ 40523842.100100003182888, 3532288.657100000418723 ], [ 40523844.549099996685982, 3532288.958100000862032 ], [ 40523847.5321, 3532289.868099999148399 ], [ 40523855.263300001621246, 3532292.898099999409169 ], [ 40523874.548100002110004, 3532300.331500000320375 ], [ 40523889.8411, 3532306.712100000120699 ], [ 40523889.22410000115633, 3532308.471099999733269 ], [ 40523887.859700001776218, 3532310.143699999898672 ], [ 40523895.0871, 3532317.413099999539554 ], [ 40523895.4991, 3532316.36809999961406 ], [ 40523899.850100003182888, 3532317.806099999696016 ], [ 40523900.2953, 3532317.982499999459833 ], [ 40523904.943499997258186, 3532304.032699999865144 ], [ 40523912.168300002813339, 3532285.482499999459833 ], [ 40523933.67230000346899, 3532231.386500000488013 ], [ 40523946.98929999768734, 3532198.091300000436604 ], [ 40523947.967299997806549, 3532192.430499999318272 ], [ 40523962.7883, 3532140.254499999340624 ], [ 40523972.949299998581409, 3532104.082499999552965 ], [ 40523974.820299997925758, 3532098.697299998719245 ], [ 40523994.473300002515316, 3532048.986499999184161 ], [ 40524017.648900002241135, 3531991.635300000198185 ], [ 40523947.875100001692772, 3531970.191700000315905 ], [ 40523923.652099996805191, 3532030.3799 ], [ 40523895.8909, 3532091.397899998817593 ], [ 40523877.2557, 3532128.83049999922514 ], [ 40523863.8019, 3532162.775099999736995 ], [ 40523861.5673, 3532161.886299998965114 ], [ 40523856.343900002539158, 3532173.9199 ], [ 40523843.1215, 3532194.746499999426305 ], [ 40523791.3583, 3532273.602499999571592 ], [ 40523781.6157, 3532291.774299999698997 ], [ 40523778.581254102289677, 3532298.204544900450855 ], [ 40523775.676002494990826, 3532304.694184958469123 ], [ 40523772.901107780635357, 3532311.240624784957618 ], [ 40523770.257678978145123, 3532317.841246246825904 ], [ 40523767.746774666011333, 3532324.493409454356879 ], [ 40523765.369397260248661, 3532331.194454072508961 ], [ 40523763.126500003039837, 3532337.941699999850243 ], [ 40523759.7813, 3532349.503699999768287 ], [ 40523753.610299997031689, 3532374.115099999587983 ], [ 40523748.68469999730587, 3532404.28709999890998 ], [ 40523747.377700001001358, 3532419.439699999522418 ], [ 40523750.126235142350197, 3532418.945747971534729 ], [ 40523752.893802642822266, 3532418.572926819324493 ], [ 40523755.675071708858013, 3532418.321955084335059 ], [ 40523758.464675895869732, 3532418.19331669760868 ], [ 40523761.257234573364258, 3532418.187259614467621 ], [ 40523764.047370091080666, 3532418.303795576095581 ], [ 40523766.8297, 3532418.542700000107288 ] ] ] ] } },
{ "type": "Feature", "properties": { "OBJECTID": 15643, "DKBH": "ZC-CZ-C06-23", "YDDM": "U21", "DKMJ": 974.8, "YDJRX": " ", "RJL": "≤1.0", "JZMD": "≤50%", "LDL": " ", "JDCW": " ", "DTSTZB": " ", "CSSJZB": " ", "REMARK": " ", "PLANNAME": "《江阴市中心城区主城控制性详细规划》（ZC-CZ-B01、B05、B07、C06、C12、C13基本控制单元）更正", "PLANDATE": "2020-09-14T00:00:00Z", "PLANUNIT": "江阴市城乡规划设计院", "PASSDATE": "2020-09-21T00:00:00Z", "STARTTIME": "2020-09-30T09:50:22Z", "FGUID": null, "CADNAME": "07U21排水用地", "DXKJKF": " ", "YDXZ": "排水用地", "FTZMC": "ZC-CZ-C06-17-29.dwg", "JZGD": "/", "JC": null, "SHAPE_Length": 125.39898292490336, "SHAPE_Area": 974.7683207802969 }, "geometry": { "type": "MultiPolygon", "coordinates": [ [ [ [ 40524274.578100003302097, 3530874.744299999438226 ], [ 40524242.456500001251698, 3530868.165300001390278 ], [ 40524241.9599, 3530871.118300000205636 ], [ 40524237.089500002563, 3530895.280500000342727 ], [ 40524268.269900001585484, 3530906.084499998949468 ], [ 40524274.0159, 3530877.580699999816716 ], [ 40524274.578100003302097, 3530874.744299999438226 ] ] ] ] } },
{ "type": "Feature", "properties": { "OBJECTID": 15644, "DKBH": "ZC-CZ-B05-72", "YDDM": "U21", "DKMJ": 1215.4, "YDJRX": " ", "RJL": "≤0.5", "JZMD": "≤50%", "LDL": "≥20%", "JDCW": " ", "DTSTZB": " ", "CSSJZB": " ", "REMARK": " ", "PLANNAME": "《江阴市中心城区主城控制性详细规划》（ZC-CZ-B01、B05、B07、C06、C12、C13基本控制单元）更正", "PLANDATE": "2020-09-14T00:00:00Z", "PLANUNIT": "江阴市城乡规划设计院", "PASSDATE": "2020-09-21T00:00:00Z", "STARTTIME": "2020-09-30T09:50:22Z", "FGUID": null, "CADNAME": "07U21排水用地", "DXKJKF": " ", "YDXZ": "排水用地", "FTZMC": "ZC-CZ-B05-53-73.dwg", "JZGD": "/", "JC": null, "SHAPE_Length": 139.7555903811907, "SHAPE_Area": 1215.3947322128492 }, "geometry": { "type": "MultiPolygon", "coordinates": [ [ [ [ 40524131.924500003457069, 3530716.714100000448525 ], [ 40524099.166299998760223, 3530716.642699999734759 ], [ 40524098.9841, 3530753.73249999852851 ], [ 40524131.4925, 3530754.108099999837577 ], [ 40524131.924500003457069, 3530716.714100000448525 ] ] ] ] } },
{ "type": "Feature", "properties": { "OBJECTID": 15645, "DKBH": "ZC-CZ-B05-36", "YDDM": "G1", "DKMJ": 59760.5, "YDJRX": " ", "RJL": " ", "JZMD": " ", "LDL": "≥65%", "JDCW": " ", "DTSTZB": " ", "CSSJZB": " ", "REMARK": " ", "PLANNAME": "《江阴市中心城区主城控制性详细规划》（ZC-CZ-B01、B05、B07、C06、C12、C13基本控制单元）更正", "PLANDATE": "2020-09-14T00:00:00Z", "PLANUNIT": "江阴市城乡规划设计院", "PASSDATE": "2020-09-21T00:00:00Z", "STARTTIME": "2020-09-30T09:50:22Z", "FGUID": null, "CADNAME": "08G1公园绿地", "DXKJKF": " ", "YDXZ": "公园绿地", "FTZMC": "ZC-CZ-B05-19-52.dwg", "JZGD": "/", "JC": null, "SHAPE_Length": 1521.558780346046, "SHAPE_Area": 59760.458678354415 }, "geometry": { "type": "MultiPolygon", "coordinates": [ [ [ [ 40523959.7311, 3531916.1409 ], [ 40523960.615500003099442, 3531910.813900000415742 ], [ 40523962.447499997913837, 3531911.117899999022484 ], [ 40523963.542900003492832, 3531904.518299999646842 ], [ 40523961.7183, 3531904.213699999731034 ], [ 40523962.5695, 3531898.881100000347942 ], [ 40523974.660099998116493, 3531899.636700000148267 ], [ 40523976.6307, 3531899.320899999700487 ], [ 40523988.9833, 3531872.813099999446422 ], [ 40523992.652500003576279, 3531864.73189999954775 ], [ 40523996.5229, 3531855.596499999519438 ], [ 40524002.333700001239777, 3531842.632899999152869 ], [ 40524007.868299998342991, 3531829.975499998778105 ], [ 40524012.9573, 3531820.498699999414384 ], [ 40524014.4003000035882, 3531817.7377 ], [ 40524016.7659, 3531812.64710000064224 ], [ 40524017.83110000193119, 3531810.1985 ], [ 40524020.506099998950958, 3531803.793899999000132 ], [ 40524021.292499996721745, 3531801.823099998757243 ], [ 40524027.445100001990795, 3531786.183499998878688 ], [ 40524031.098899997770786, 3531776.947299999650568 ], [ 40524030.677699998021126, 3531776.823300000280142 ], [ 40524031.394900001585484, 3531775.239100000355393 ], [ 40524036.0409, 3531763.3301 ], [ 40524040.1699, 3531752.289100000169128 ], [ 40524042.01129999756813, 3531746.851099998224527 ], [ 40524047.899300001561642, 3531729.6267 ], [ 40524051.2095, 3531719.475899999495596 ], [ 40524065.5761, 3531658.772499999031425 ], [ 40524065.751500003039837, 3531658.783900000154972 ], [ 40524066.169100001454353, 3531652.35429999884218 ], [ 40524072.815499998629093, 3531621.516099999658763 ], [ 40524074.029700003564358, 3531621.534699998795986 ], [ 40524074.627499997615814, 3531613.383100000210106 ], [ 40524081.0009, 3531583.991899999324232 ], [ 40524082.417900003492832, 3531576.7281 ], [ 40524083.585900001227856, 3531570.029500000644475 ], [ 40524085.884099997580051, 3531555.116700000595301 ], [ 40524087.439099997282028, 3531544.734099999070168 ], [ 40524091.807300001382828, 3531514.5417 ], [ 40524094.592299997806549, 3531492.375900000333786 ], [ 40524097.2663, 3531470.465099999681115 ], [ 40524097.496699996292591, 3531468.010899999644607 ], [ 40524098.080700002610683, 3531463.637900000438094 ], [ 40524099.618699997663498, 3531448.706499999389052 ], [ 40524101.543300002813339, 3531431.537699999753386 ], [ 40524102.673500001430511, 3531420.711299999151379 ], [ 40524099.379299998283386, 3531420.314499999862164 ], [ 40524099.901299998164177, 3531416.294499998912215 ], [ 40524102.597499996423721, 3531416.568300000391901 ], [ 40524101.612499997019768, 3531383.213899999391288 ], [ 40524100.5317, 3531378.135900001041591 ], [ 40524098.135499998927116, 3531364.419700000900775 ], [ 40524097.411899998784065, 3531358.3246999992989 ], [ 40524102.578100003302097, 3531330.242700000759214 ], [ 40524102.906099997460842, 3531326.427699999883771 ], [ 40524105.451300002634525, 3531305.436499999836087 ], [ 40524106.516099996864796, 3531294.207499999552965 ], [ 40524015.0607, 3531249.077300000470132 ], [ 40523995.956699997186661, 3531260.1927 ], [ 40523991.9225, 3531329.0987 ], [ 40523986.850699998438358, 3531355.844099999871105 ], [ 40523966.454899996519089, 3531704.227499998640269 ], [ 40523957.791500002145767, 3531852.205099999438971 ], [ 40523956.3821, 3531869.87830000044778 ], [ 40523954.228100001811981, 3531887.476299999747425 ], [ 40523951.333099998533726, 3531904.967499999795109 ], [ 40523947.70269999653101, 3531922.321100000757724 ], [ 40523943.343099996447563, 3531939.50609999941662 ], [ 40523955.9965, 3531943.394899999722838 ], [ 40523956.740500003099442, 3531941.7385 ], [ 40523960.340899996459484, 3531932.876100000459701 ], [ 40523964.5291, 3531921.51609999826178 ], [ 40523964.886100001633167, 3531917.354100000113249 ], [ 40523963.932899996638298, 3531916.506899998988956 ], [ 40523959.7311, 3531916.1409 ] ] ] ] } },
{ "type": "Feature", "properties": { "OBJECTID": 15737, "DKBH": null, "YDDM": "E11", "DKMJ": 1961.5, "YDJRX": null, "RJL": null, "JZMD": null, "LDL": null, "JDCW": null, "DTSTZB": null, "CSSJZB": null, "REMARK": null, "PLANNAME": "《江阴市中心城区主城控制性详细规划》岛南路线形更正", "PLANDATE": "2023-12-11T00:00:00Z", "PLANUNIT": "江阴市城乡规划设计院", "PASSDATE": "2024-01-11T00:00:00Z", "STARTTIME": "2024-01-19T14:32:22Z", "FGUID": null, "CADNAME": "10E11自然水域", "DXKJKF": null, "YDXZ": "自然水域", "FTZMC": null, "JZGD": "/", "JC": null, "SHAPE_Length": 188.47218824736453, "SHAPE_Area": 1961.5242757975011 }, "geometry": { "type": "MultiPolygon", "coordinates": [ [ [ [ 40524052.703100003302097, 3532172.17009999928996 ], [ 40524050.5533, 3532168.470300000160933 ], [ 40524050.227700002491474, 3532169.655499999877065 ], [ 40524039.807899996638298, 3532208.976899999193847 ], [ 40524040.166299998760223, 3532209.233300000429153 ], [ 40524047.217299997806549, 3532214.306499999482185 ], [ 40524050.481299996376038, 3532216.362499998882413 ], [ 40524052.651299998164177, 3532217.700500001199543 ], [ 40524069.440499998629093, 3532226.438500000163913 ], [ 40524074.112499997019768, 3532228.446299999486655 ], [ 40524077.940499998629093, 3532230.439499999396503 ], [ 40524083.1439, 3532233.273299999069422 ], [ 40524086.564099997282028, 3532235.38869999954477 ], [ 40524086.645746156573296, 3532234.811436452437192 ], [ 40524086.741386413574219, 3532234.236326277256012 ], [ 40524086.850971214473248, 3532233.66370916320011 ], [ 40524086.974431984126568, 3532233.093922614585608 ], [ 40524087.111692428588867, 3532232.527302920818329 ], [ 40524087.262681886553764, 3532231.964184679556638 ], [ 40524087.427299998700619, 3532231.404900000430644 ], [ 40524096.6563, 3532201.399500001221895 ], [ 40524093.747500002384186, 3532200.645499998703599 ], [ 40524091.731299996376038, 3532199.513900000136346 ], [ 40524083.394500002264977, 3532194.044499999377877 ], [ 40524071.237499997019768, 3532185.97950000083074 ], [ 40524061.811499997973442, 3532179.44349999865517 ], [ 40524052.703100003302097, 3532172.17009999928996 ] ] ] ] } },
{ "type": "Feature", "properties": { "OBJECTID": 15796, "DKBH": "ZC-CZ-B05-51", "YDDM": "G1", "DKMJ": 46578.7, "YDJRX": " ", "RJL": " ", "JZMD": " ", "LDL": "≥65%", "JDCW": " ", "DTSTZB": " ", "CSSJZB": " ", "REMARK": " ", "PLANNAME": "《江阴市中心城区主城控制性详细规划》（ZC-CZ-B01、B05、B07、C06、C12、C13基本控制单元）更正", "PLANDATE": "2020-09-14T00:00:00Z", "PLANUNIT": "江阴市城乡规划设计院", "PASSDATE": "2020-09-21T00:00:00Z", "STARTTIME": "2020-09-30T09:50:22Z", "FGUID": null, "CADNAME": "08G1公园绿地", "DXKJKF": " ", "YDXZ": "公园绿地", "FTZMC": "ZC-CZ-B05-19-52.dwg", "JZGD": "/", "JC": null, "SHAPE_Length": 1067.4847804178817, "SHAPE_Area": 46578.70084371289 }, "geometry": { "type": "MultiPolygon", "coordinates": [ [ [ [ 40524105.420900002121925, 3531119.439699999522418 ], [ 40524105.65089999884367, 3531113.74269999936223 ], [ 40524114.7887, 3531114.813699999824166 ], [ 40524114.90089999884367, 3531112.38069999916479 ], [ 40524113.791900001466274, 3531112.303699999116361 ], [ 40524114.205899998545647, 3531107.157499998807907 ], [ 40524115.39469999819994, 3531106.459699998609722 ], [ 40524116.468500003218651, 3531105.595499998424202 ], [ 40524117.40429999679327, 3531104.583499999251217 ], [ 40524118.181900002062321, 3531103.44550000037998 ], [ 40524119.1783, 3531100.704699999187142 ], [ 40524120.248099997639656, 3531096.9175 ], [ 40524120.5541, 3531093.551699999719858 ], [ 40524120.782899998128414, 3531092.32670000102371 ], [ 40524121.280299998819828, 3531088.653499999083579 ], [ 40524121.31530000269413, 3531087.401299999561161 ], [ 40524120.8169, 3531087.34889999916777 ], [ 40524121.059299997985363, 3531085.042299999389797 ], [ 40524121.468500003218651, 3531085.063099998515099 ], [ 40524122.689499996602535, 3531065.636299999430776 ], [ 40524123.1175, 3531058.254300000146031 ], [ 40524122.970299996435642, 3531055.702699999324977 ], [ 40524122.658100001513958, 3531053.318100000265986 ], [ 40524121.5255, 3531052.849299999885261 ], [ 40524120.585500001907349, 3531052.814299998804927 ], [ 40524116.800499998033047, 3531052.3163 ], [ 40524118.3496999964118, 3531020.765699999406934 ], [ 40524123.640699997544289, 3531020.781899999827147 ], [ 40524125.552699998021126, 3531020.853099999483675 ], [ 40524127.3235, 3530991.543899999000132 ], [ 40524135.3481, 3530868.061700000427663 ], [ 40524136.721100002527237, 3530845.8103 ], [ 40524136.964100003242493, 3530837.710099999327213 ], [ 40524104.072300001978874, 3530831.079299999400973 ], [ 40524080.725900001823902, 3530828.464300000108778 ], [ 40524031.711900003254414, 3530818.583100000396371 ], [ 40524012.702299997210503, 3530834.621900000609457 ], [ 40524013.431100003421307, 3530859.071100000292063 ], [ 40524013.567425884306431, 3530865.093802812043577 ], [ 40524013.617353439331055, 3530871.11784154176712 ], [ 40524013.580875389277935, 3530877.141976832877845 ], [ 40524013.457996360957623, 3530883.164969086181372 ], [ 40524013.248741149902344, 3530889.185579240322113 ], [ 40524012.953156627714634, 3530895.202568771783262 ], [ 40524012.5713, 3530901.214700000826269 ], [ 40524001.506499998271465, 3531057.665699999779463 ], [ 40524003.1959, 3531085.30989999929443 ], [ 40523997.579499997198582, 3531175.269100000150502 ], [ 40524014.268700003623962, 3531204.080900000408292 ], [ 40524110.627099998295307, 3531251.630699998699129 ], [ 40524114.289300002157688, 3531193.984299999196082 ], [ 40524109.2341, 3531193.671299999579787 ], [ 40524111.155500002205372, 3531163.102099999319762 ], [ 40524111.731700003147125, 3531152.561099998652935 ], [ 40524113.712700001895428, 3531125.478299998678267 ], [ 40524113.865900002419949, 3531120.542699999641627 ], [ 40524105.420900002121925, 3531119.439699999522418 ] ] ] ] } },
{ "type": "Feature", "properties": { "OBJECTID": 15828, "DKBH": "ZC-CZ-B03-15", "YDDM": "R2", "DKMJ": 57274.4, "YDJRX": "A、B、S、G", "RJL": "≤2.5", "JZMD": "≤30%", "LDL": "≥30%", "JDCW": "0.6个/100㎡", "DTSTZB": " ", "CSSJZB": " ", "REMARK": " ", "PLANNAME": "《江阴市中心城区主城控制性详细规划》滨江路沿线地块更正", "PLANDATE": "2022-01-17T00:00:00Z", "PLANUNIT": "江阴市城乡规划设计院", "PASSDATE": "2022-01-21T00:00:00Z", "STARTTIME": "2022-02-14T14:48:18Z", "FGUID": null, "CADNAME": "01R2二类居住用地", "DXKJKF": " ", "YDXZ": "二类居住用地", "FTZMC": "ZC-CZ-B03-01-28.dwg", "JZGD": "/", "JC": null, "SHAPE_Length": 940.55340709138591, "SHAPE_Area": 57275.428141989003 }, "geometry": { "type": "MultiPolygon", "coordinates": [ [ [ [ 40523253.1567, 3532003.439899999648333 ], [ 40523002.620700001716614, 3531929.59650000045076 ], [ 40522995.714500002563, 3531933.602100000716746 ], [ 40522949.436899997293949, 3532128.614500000141561 ], [ 40522958.8763, 3532143.70049999980256 ], [ 40523107.5287000015378, 3532176.87889999942854 ], [ 40523137.5709, 3532179.998099999502301 ], [ 40523196.130900003015995, 3532193.0683 ], [ 40523218.657700002193451, 3532179.146500000264496 ], [ 40523232.312700003385544, 3532124.321899999398738 ], [ 40523240.542499996721745, 3532105.760499998927116 ], [ 40523262.1259, 3532019.103500000201166 ], [ 40523253.1567, 3532003.439899999648333 ] ] ] ] } },
{ "type": "Feature", "properties": { "OBJECTID": 15901, "DKBH": "ZC-CZ-B05-35", "YDDM": "B1", "DKMJ": 18689.8, "YDJRX": "A、B、S、G", "RJL": "≤6.5", "JZMD": "≤55%", "LDL": "≥15%", "JDCW": "0.5个/100㎡", "DTSTZB": " ", "CSSJZB": " ", "REMARK": " ", "PLANNAME": "《江阴市中心城区主城控制性详细规划》（城西片区）调整", "PLANDATE": "2022-06-15T00:00:00Z", "PLANUNIT": "江阴市城乡规划设计院", "PASSDATE": "2022-07-15T00:00:00Z", "STARTTIME": "2022-08-03T16:39:42Z", "FGUID": null, "CADNAME": "03B1商业用地", "DXKJKF": " ", "YDXZ": "商业用地", "FTZMC": "ZC-CZ-B05-19-52.dwg", "JZGD": "/", "JC": null, "SHAPE_Length": 527.41031381737469, "SHAPE_Area": 18689.831003693096 }, "geometry": { "type": "MultiPolygon", "coordinates": [ [ [ [ 40523931.490500003099442, 3531222.245299999136478 ], [ 40523816.1769, 3531192.1151 ], [ 40523802.9269, 3531202.45869999891147 ], [ 40523795.627300001680851, 3531325.835099998861551 ], [ 40523800.7927, 3531331.653699999209493 ], [ 40523932.765699997544289, 3531339.53929999936372 ], [ 40523945.0669, 3531325.251699999440461 ], [ 40523949.621100001037121, 3531247.459300000220537 ], [ 40523931.490500003099442, 3531222.245299999136478 ] ] ] ] } },
{ "type": "Feature", "properties": { "OBJECTID": 15914, "DKBH": "ZC-CZ-B03-28", "YDDM": "G1", "DKMJ": 62703.1, "YDJRX": " ", "RJL": " ", "JZMD": " ", "LDL": "≥65%", "JDCW": " ", "DTSTZB": " ", "CSSJZB": " ", "REMARK": " ", "PLANNAME": "《江阴市中心城区主城控制性详细规划》（ZC-CZ-C03基本控制单元）更正", "PLANDATE": "2023-06-30T00:00:00Z", "PLANUNIT": "江阴市城乡规划设计院", "PASSDATE": "2023-07-31T00:00:00Z", "STARTTIME": "2023-08-01T16:22:55Z", "FGUID": null, "CADNAME": "08G1公园绿地", "DXKJKF": " ", "YDXZ": "公园绿地", "FTZMC": "ZC-CZ-B03-01-28.dwg", "JZGD": "/", "JC": null, "SHAPE_Length": 2169.6370190251223, "SHAPE_Area": 56978.372104660273 }, "geometry": { "type": "MultiPolygon", "coordinates": [ [ [ [ 40523856.343900002539158, 3532173.9199 ], [ 40523861.5673, 3532161.886299998965114 ], [ 40523863.8019, 3532162.775099999736995 ], [ 40523877.2557, 3532128.83049999922514 ], [ 40523895.8909, 3532091.397899998817593 ], [ 40523923.652099996805191, 3532030.3799 ], [ 40523947.66610000282526, 3531970.710699999239296 ], [ 40523947.857100002467632, 3531970.186099999584258 ], [ 40523935.3011, 3531966.327299999538809 ], [ 40523929.2725, 3531986.030100000556558 ], [ 40523926.190427549183369, 3531995.566822765860707 ], [ 40523922.811214439570904, 3532005.002350389491767 ], [ 40523919.138177864253521, 3532014.327427625190467 ], [ 40523915.174921028316021, 3532023.532907008659095 ], [ 40523910.925331108272076, 3532032.609758793842047 ], [ 40523906.393575437366962, 3532041.549079416785389 ], [ 40523901.5841, 3532050.342099999077618 ], [ 40523747.422899998724461, 3532321.995699998922646 ], [ 40523744.005110256373882, 3532328.068514229729772 ], [ 40523740.630590438842773, 3532334.165477812290192 ], [ 40523737.299509041011333, 3532340.286282062064856 ], [ 40523734.012033455073833, 3532346.430617689620703 ], [ 40523730.768329620361328, 3532352.598173916339874 ], [ 40523727.568565838038921, 3532358.788638951256871 ], [ 40523724.4129, 3532365.0017 ], [ 40523664.225900001823902, 3532484.55269999941811 ], [ 40523515.4665, 3532762.94749999884516 ], [ 40523504.414899997413158, 3532791.056900000199676 ], [ 40523474.39190000295639, 3532847.242899998556823 ], [ 40523483.04110000282526, 3532872.21169999986887 ], [ 40523585.4247, 3532917.090899999719113 ], [ 40523586.700099997222424, 3532914.064099999144673 ], [ 40523598.012900002300739, 3532879.829299999866635 ], [ 40523622.737099997699261, 3532810.610299999825656 ], [ 40523646.75110000371933, 3532741.63869999954477 ], [ 40523657.1527, 3532711.421499999705702 ], [ 40523660.049900002777576, 3532703.184500000439584 ], [ 40523666.009099997580051, 3532685.034699998795986 ], [ 40523678.9173, 3532646.578300000168383 ], [ 40523690.300700001418591, 3532609.469500000122935 ], [ 40523699.4283, 3532580.35190000012517 ], [ 40523711.51690000295639, 3532538.956499999389052 ], [ 40523732.0981, 3532488.354499999433756 ], [ 40523734.2047, 3532485.252899999264628 ], [ 40523735.422073431313038, 3532482.121053107082844 ], [ 40523736.615201950073242, 3532478.979889094829559 ], [ 40523737.784015648066998, 3532475.829595684539527 ], [ 40523738.928438179194927, 3532472.670360922347754 ], [ 40523740.04840087890625, 3532469.50237375497818 ], [ 40523741.143844671547413, 3532466.325823433697224 ], [ 40523742.214699998497963, 3532463.140899999532849 ], [ 40523744.5669, 3532451.9249 ], [ 40523744.9949000030756, 3532447.062899999786168 ], [ 40523748.68469999730587, 3532404.28709999890998 ], [ 40523753.610299997031689, 3532374.115099999587983 ], [ 40523759.7813, 3532349.503699999768287 ], [ 40523763.126500003039837, 3532337.941699999850243 ], [ 40523765.369397260248661, 3532331.194454072508961 ], [ 40523767.746774666011333, 3532324.493409454356879 ], [ 40523770.257678978145123, 3532317.841246246825904 ], [ 40523772.901107780635357, 3532311.240624784957618 ], [ 40523775.676002494990826, 3532304.694184958469123 ], [ 40523778.581254102289677, 3532298.204544900450855 ], [ 40523781.6157, 3532291.774299999698997 ], [ 40523791.3583, 3532273.602499999571592 ], [ 40523843.1215, 3532194.746499999426305 ], [ 40523856.343900002539158, 3532173.9199 ] ] ] ] } },
{ "type": "Feature", "properties": { "OBJECTID": 15933, "DKBH": "ZC-CZ-C06-05", "YDDM": "R2", "DKMJ": 55760.0, "YDJRX": "A、B、S、G", "RJL": "2.0-3.0", "JZMD": "≤35%", "LDL": "≥25%", "JDCW": "0.6个/100㎡", "DTSTZB": " ", "CSSJZB": " ", "REMARK": " ", "PLANNAME": "《江阴市中心城区主城控制性详细规划》滨江路沿线地块更正", "PLANDATE": "2022-01-17T00:00:00Z", "PLANUNIT": "江阴市城乡规划设计院", "PASSDATE": "2022-01-21T00:00:00Z", "STARTTIME": "2022-02-14T14:48:18Z", "FGUID": null, "CADNAME": "01R2二类居住用地", "DXKJKF": " ", "YDXZ": "二类居住用地", "FTZMC": "ZC-CZ-C06-04-16.dwg", "JZGD": "/", "JC": null, "SHAPE_Length": 904.39261050999778, "SHAPE_Area": 55749.551401978395 }, "geometry": { "type": "MultiPolygon", "coordinates": [ [ [ [ 40524297.734300002455711, 3531782.612299999222159 ], [ 40524259.905299998819828, 3531772.915100000333041 ], [ 40524240.512699998915195, 3531784.434100000187755 ], [ 40524235.079899996519089, 3531808.288499999791384 ], [ 40524230.398500002920628, 3531832.301500000525266 ], [ 40524226.472900003194809, 3531856.449500000104308 ], [ 40524215.9837, 3531928.050499999895692 ], [ 40524215.2421, 3531935.5841 ], [ 40524215.215899996459484, 3531943.154299999121577 ], [ 40524215.905299998819828, 3531950.692900000140071 ], [ 40524217.3041, 3531958.1327 ], [ 40524219.399899996817112, 3531965.406899998895824 ], [ 40524222.1739, 3531972.450299999210984 ], [ 40524225.601099997758865, 3531979.200100000482053 ], [ 40524229.651100002229214, 3531985.595899999607354 ], [ 40524234.287500001490116, 3531991.580099999438971 ], [ 40524239.4687, 3531997.0992999994196 ], [ 40524245.1483, 3532002.104099999647588 ], [ 40524251.2755, 3532006.549499999731779 ], [ 40524257.795500002801418, 3532010.396100000478327 ], [ 40524264.649899996817112, 3532013.609099999070168 ], [ 40524271.7773, 3532016.159699999261647 ], [ 40524330.002899996936321, 3532033.938299999572337 ], [ 40524360.7399, 3532036.004300000146031 ], [ 40524441.737499997019768, 3532060.735699999611825 ], [ 40524456.2949, 3532050.117499999236315 ], [ 40524456.7363, 3532018.746099999640137 ], [ 40524456.941699996590614, 3532004.146099999081343 ], [ 40524460.3635, 3531974.1911 ], [ 40524461.620700001716614, 3531884.819099999498576 ], [ 40524458.5431, 3531854.772499999031425 ], [ 40524458.809299997985363, 3531835.857699999120086 ], [ 40524444.4899, 3531817.1343 ], [ 40524327.539899997413158, 3531787.155499999877065 ], [ 40524297.734300002455711, 3531782.612299999222159 ] ] ] ] } },
{ "type": "Feature", "properties": { "OBJECTID": 15937, "DKBH": "ZC-CZ-A05-49", "YDDM": "R2", "DKMJ": 21369.4, "YDJRX": "A、B、S、G", "RJL": "1.5-3.5", "JZMD": "≤30%", "LDL": "≥30%", "JDCW": "0.8个/100㎡", "DTSTZB": " ", "CSSJZB": " ", "REMARK": " ", "PLANNAME": "《江阴市中心城区主城控制性详细规划》（ZC-CZ-A05、B04基本控制单元）调整（第二过江通道管理用房地块）", "PLANDATE": "2021-03-08T00:00:00Z", "PLANUNIT": "江阴市城乡规划设计院", "PASSDATE": "2021-03-12T00:00:00Z", "STARTTIME": "2021-03-22T16:39:29Z", "FGUID": null, "CADNAME": "01R2二类居住用地", "DXKJKF": " ", "YDXZ": "二类居住用地", "FTZMC": "ZC-CZ-A05-46-74.dwg", "JZGD": "/", "JC": null, "SHAPE_Length": 656.4886729677246, "SHAPE_Area": 23439.231082173072 }, "geometry": { "type": "MultiPolygon", "coordinates": [ [ [ [ 40521209.147100001573563, 3530032.3597 ], [ 40521246.982699997723103, 3530030.3333 ], [ 40521286.122299998998642, 3530031.6557 ], [ 40521286.122500002384186, 3529986.437700000125915 ], [ 40521334.9943, 3529815.616899998858571 ], [ 40521330.705700002610683, 3529815.52170000039041 ], [ 40521317.145499996840954, 3529815.220499999821186 ], [ 40521297.228100001811981, 3529811.277499999385327 ], [ 40521211.6413, 3529809.377099999692291 ], [ 40521201.398900002241135, 3529819.152299999725074 ], [ 40521196.483499996364117, 3530020.0587 ], [ 40521209.147100001573563, 3530032.3597 ] ] ] ] } },
{ "type": "Feature", "properties": { "OBJECTID": 15956, "DKBH": "ZC-CZ-B04-01", "YDDM": "A32", "DKMJ": 41672.9, "YDJRX": " ", "RJL": "≤2.5", "JZMD": "≤45", "LDL": "≥20", "JDCW": "30/100教工", "DTSTZB": " ", "CSSJZB": " ", "REMARK": " ", "PLANNAME": "《江阴市中心城区主城控制性详细规划》（ZC-CZ-A01、A02、B04、C07基本控制单元）调整 ", "PLANDATE": "2020-10-09T00:00:00Z", "PLANUNIT": "江阴市城乡规划设计院", "PASSDATE": "2020-10-22T00:00:00Z", "STARTTIME": "2020-10-28T14:39:23Z", "FGUID": null, "CADNAME": "02A32中等专业学校用地", "DXKJKF": " ", "YDXZ": "中等专业学校用地", "FTZMC": "ZC-CZ-B04-01-13.dwg", "JZGD": "/", "JC": null, "SHAPE_Length": 950.71680920932022, "SHAPE_Area": 41672.891547052583 }, "geometry": { "type": "MultiPolygon", "coordinates": [ [ [ [ 40521752.762500002980232, 3531342.126699999440461 ], [ 40521757.575499996542931, 3531242.472900000400841 ], [ 40521575.7029, 3531208.791899999137968 ], [ 40521526.788500003516674, 3531199.900500001385808 ], [ 40521393.977300003170967, 3531175.30530000012368 ], [ 40521395.020448282361031, 3531193.875509977340698 ], [ 40521396.204387664794922, 3531212.437275826931 ], [ 40521397.529052726924419, 3531230.989529847633094 ], [ 40521398.994363777339458, 3531249.531205176841468 ], [ 40521400.600236892700195, 3531268.06123548746109 ], [ 40521402.346583917737007, 3531286.578555345535278 ], [ 40521404.2333, 3531305.082100001163781 ], [ 40521417.372100003063679, 3531306.478699999395758 ], [ 40521436.890299998223782, 3531312.0729 ], [ 40521559.548699997365475, 3531325.110100000165403 ], [ 40521664.7901, 3531336.296100000385195 ], [ 40521694.992299996316433, 3531335.9863 ], [ 40521752.762500002980232, 3531342.126699999440461 ] ] ] ] } },
{ "type": "Feature", "properties": { "OBJECTID": 15957, "DKBH": "ZC-CZ-B04-40", "YDDM": "G1", "DKMJ": 2255.4, "YDJRX": " ", "RJL": " ", "JZMD": " ", "LDL": "≥65%", "JDCW": " ", "DTSTZB": " ", "CSSJZB": " ", "REMARK": " ", "PLANNAME": "《江阴市中心城区主城控制性详细规划》（ZC-CZ-A01、A02、B04、C07基本控制单元）调整 ", "PLANDATE": "2020-10-09T00:00:00Z", "PLANUNIT": "江阴市城乡规划设计院", "PASSDATE": "2020-10-22T00:00:00Z", "STARTTIME": "2020-10-28T14:39:23Z", "FGUID": null, "CADNAME": "08G1公园绿地", "DXKJKF": " ", "YDXZ": "公园绿地", "FTZMC": "ZC-CZ-B04-40-40.dwg", "JZGD": "/", "JC": null, "SHAPE_Length": 795.84822586085943, "SHAPE_Area": 2255.3614023984928 }, "geometry": { "type": "MultiPolygon", "coordinates": [ [ [ [ 40521809.1043, 3530961.544499999377877 ], [ 40521807.4767, 3530937.680699999444187 ], [ 40521806.446099996566772, 3530950.697499999776483 ], [ 40521806.3349, 3530953.966300000902265 ], [ 40521803.6417, 3530987.952099999878556 ], [ 40521800.7157, 3531028.070899999234825 ], [ 40521799.3099, 3531050.259499999694526 ], [ 40521797.412500001490116, 3531080.665099999401718 ], [ 40521796.7231, 3531095.9169 ], [ 40521787.892099998891354, 3531236.157700000330806 ], [ 40521783.204300001263618, 3531333.664899999275804 ], [ 40521787.903099998831749, 3531329.638899999670684 ], [ 40521790.064099997282028, 3531284.690499999094754 ], [ 40521794.520499996840954, 3531264.881299999076873 ], [ 40521803.820699997246265, 3531071.440899998415262 ], [ 40521809.1043, 3530961.544499999377877 ] ] ] ] } },
{ "type": "Feature", "properties": { "OBJECTID": 15960, "DKBH": null, "YDDM": "E11", "DKMJ": 9455.4, "YDJRX": null, "RJL": null, "JZMD": null, "LDL": null, "JDCW": null, "DTSTZB": null, "CSSJZB": null, "REMARK": null, "PLANNAME": "《江阴市中心城区主城控制性详细规划》（ZC-CZ-A01、A02、B04、C07基本控制单元）调整 ", "PLANDATE": "2020-10-09T00:00:00Z", "PLANUNIT": "江阴市城乡规划设计院", "PASSDATE": "2020-10-22T00:00:00Z", "STARTTIME": "2020-10-28T14:39:23Z", "FGUID": null, "CADNAME": "10E11自然水域", "DXKJKF": null, "YDXZ": "自然水域", "FTZMC": null, "JZGD": "/", "JC": null, "SHAPE_Length": 997.75957412756793, "SHAPE_Area": 9455.4002411957481 }, "geometry": { "type": "MultiPolygon", "coordinates": [ [ [ [ 40521797.846699997782707, 3530857.953099999111146 ], [ 40521792.542900003492832, 3530856.796100000385195 ], [ 40521790.918499998748302, 3530890.583100000862032 ], [ 40521787.954499997198582, 3530930.851499999407679 ], [ 40521786.4727, 3530949.568099999334663 ], [ 40521786.361699998378754, 3530952.836299998220056 ], [ 40521783.699100002646446, 3530986.4347 ], [ 40521780.7615, 3531026.7111 ], [ 40521779.3496999964118, 3531048.994699999224395 ], [ 40521777.44030000269413, 3531079.590700000524521 ], [ 40521776.7513, 3531094.836699998937547 ], [ 40521768.290299996733665, 3531229.202099999412894 ], [ 40521767.3195, 3531247.585699999704957 ], [ 40521762.7231, 3531343.18529999954626 ], [ 40521771.058700002729893, 3531344.071299999486655 ], [ 40521783.204300001263618, 3531333.664899999275804 ], [ 40521787.892099998891354, 3531236.157499998807907 ], [ 40521796.7231, 3531095.916699999477714 ], [ 40521797.412299998104572, 3531080.665099999401718 ], [ 40521799.3099, 3531050.2593 ], [ 40521800.7157, 3531028.070899999234825 ], [ 40521803.6417, 3530987.952099999878556 ], [ 40521806.3349, 3530953.9665 ], [ 40521806.446099996566772, 3530950.697499999776483 ], [ 40521807.4767, 3530937.680699999444187 ], [ 40521807.0489, 3530931.410899999551475 ], [ 40521809.829099997878075, 3530873.585299999453127 ], [ 40521797.846699997782707, 3530857.953099999111146 ] ] ] ] } },
{ "type": "Feature", "properties": { "OBJECTID": 15961, "DKBH": null, "YDDM": "E11", "DKMJ": 4278.6, "YDJRX": null, "RJL": null, "JZMD": null, "LDL": null, "JDCW": null, "DTSTZB": null, "CSSJZB": null, "REMARK": null, "PLANNAME": "《江阴市中心城区主城控制性详细规划》（ZC-CZ-A01、A02、B04、C07基本控制单元）调整 ", "PLANDATE": "2020-10-09T00:00:00Z", "PLANUNIT": "江阴市城乡规划设计院", "PASSDATE": "2020-10-22T00:00:00Z", "STARTTIME": "2020-10-28T14:39:23Z", "FGUID": null, "CADNAME": "10E11自然水域", "DXKJKF": null, "YDXZ": "自然水域", "FTZMC": null, "JZGD": "/", "JC": null, "SHAPE_Length": 876.02709376815267, "SHAPE_Area": 4278.5767927256984 }, "geometry": { "type": "MultiPolygon", "coordinates": [ [ [ [ 40521368.84009999781847, 3531155.394899998791516 ], [ 40521347.132700003683567, 3531151.374900000169873 ], [ 40521347.4573, 3531161.605299999471754 ], [ 40521527.6908999979496, 3531194.9825 ], [ 40521576.60530000180006, 3531203.874099999200553 ], [ 40521767.758500002324581, 3531239.273699999321252 ], [ 40521768.290299996733665, 3531229.202099999412894 ], [ 40521578.40990000218153, 3531194.038099999073893 ], [ 40521529.495700001716614, 3531185.1467 ], [ 40521368.84009999781847, 3531155.394899998791516 ] ] ] ] } },
{ "type": "Feature", "properties": { "OBJECTID": 16238, "DKBH": "ZC-CZ-C03-31", "YDDM": "G1", "DKMJ": 29697.6, "YDJRX": " ", "RJL": " ", "JZMD": " ", "LDL": "≥65%", "JDCW": " ", "DTSTZB": " ", "CSSJZB": " ", "REMARK": " ", "PLANNAME": "《江阴市中心城区主城控制性详细规划》岛南路线形更正", "PLANDATE": "2023-12-11T00:00:00Z", "PLANUNIT": "江阴市城乡规划设计院", "PASSDATE": "2024-01-11T00:00:00Z", "STARTTIME": "2024-01-19T14:32:22Z", "FGUID": null, "CADNAME": "08G1公园绿地", "DXKJKF": " ", "YDXZ": "公园绿地", "FTZMC": "ZC-CZ-C03-18-33.dwg", "JZGD": "/", "JC": null, "SHAPE_Length": 1133.5597701576944, "SHAPE_Area": 29697.634017931363 }, "geometry": { "type": "MultiPolygon", "coordinates": [ [ [ [ 40524329.850500002503395, 3532207.503500000108033 ], [ 40524348.9265, 3532196.68349999981001 ], [ 40524390.659500002861023, 3532173.14549999916926 ], [ 40524405.1135, 3532164.794499998446554 ], [ 40524410.57150000333786, 3532161.807500000111759 ], [ 40524413.3701, 3532160.345499999821186 ], [ 40524416.958499997854233, 3532158.77449999935925 ], [ 40524425.847499996423721, 3532155.876499999780208 ], [ 40524428.897299997508526, 3532155.172699999529868 ], [ 40524432.949500001966953, 3532154.565499999560416 ], [ 40524442.685500003397465, 3532154.6025 ], [ 40524449.563299998641014, 3532154.763499999884516 ], [ 40524452.454899996519089, 3532135.611899999435991 ], [ 40524444.3891, 3532122.78609999967739 ], [ 40524389.021499998867512, 3532105.770099999848753 ], [ 40524368.109300002455711, 3532104.845099999103695 ], [ 40524357.95269999653101, 3532104.208299999590963 ], [ 40524349.107900001108646, 3532104.2695 ], [ 40524340.295900002121925, 3532105.033699999097735 ], [ 40524331.572499997913837, 3532106.495699999388307 ], [ 40524322.993100002408028, 3532108.646499999798834 ], [ 40524314.611699998378754, 3532111.472499999217689 ], [ 40524306.481299996376038, 3532114.955699999816716 ], [ 40524298.6537000015378, 3532119.07410000031814 ], [ 40524291.178099997341633, 3532123.801699999719858 ], [ 40524281.101899996399879, 3532132.3057 ], [ 40524270.560099996626377, 3532140.225300000514835 ], [ 40524259.586499996483326, 3532147.534899998921901 ], [ 40524248.2165, 3532154.211099999491125 ], [ 40524236.48650000244379, 3532160.232499998994172 ], [ 40524230.365500003099442, 3532161.422700000461191 ], [ 40524224.1519, 3532161.949699999764562 ], [ 40524217.917900003492832, 3532161.807500000111759 ], [ 40524211.734899997711182, 3532160.997499999590218 ], [ 40524205.674500003457069, 3532159.529499999713153 ], [ 40524199.806500002741814, 3532157.419899999629706 ], [ 40524194.1985, 3532154.6933 ], [ 40524188.9151, 3532151.381299999076873 ], [ 40524184.017300002276897, 3532147.52170000039041 ], [ 40524179.513899996876717, 3532143.0513 ], [ 40524175.5339, 3532138.1091 ], [ 40524172.1263, 3532132.756099999882281 ], [ 40524169.333099998533726, 3532127.058299999218434 ], [ 40524167.189099997282028, 3532121.085899999830872 ], [ 40524165.7201, 3532114.91270000115037 ], [ 40524164.807099997997284, 3532107.149500000290573 ], [ 40524164.5075, 3532099.338499998673797 ], [ 40524164.823299996554852, 3532091.528100000228733 ], [ 40524165.752300001680851, 3532083.766699998639524 ], [ 40524171.484700001776218, 3532038.913899999111891 ], [ 40524112.1453, 3532020.677099999040365 ], [ 40524111.24360653012991, 3532025.981751442421228 ], [ 40524110.248163223266602, 3532031.269612848758698 ], [ 40524109.159290306270123, 3532036.5390275712125 ], [ 40524107.977319709956646, 3532041.788344621192664 ], [ 40524106.702627182006836, 3532047.015919625759125 ], [ 40524105.335613213479519, 3532052.220114827621728 ], [ 40524103.8766999989748, 3532057.399299999233335 ], [ 40524102.338989317417145, 3532063.106627226807177 ], [ 40524101.033554077148438, 3532068.871519029140472 ], [ 40524099.962535850703716, 3532074.684526443015784 ], [ 40524099.127687446773052, 3532080.536121487151831 ], [ 40524098.530376434326172, 3532086.416713058948517 ], [ 40524098.171585142612457, 3532092.316662670113146 ], [ 40524098.0519, 3532098.226299999747425 ], [ 40524098.185984164476395, 3532104.483083128463477 ], [ 40524098.588081352412701, 3532110.728372036945075 ], [ 40524099.257446281611919, 3532116.950691937934607 ], [ 40524100.192852012813091, 3532123.138610004913062 ], [ 40524101.392580024898052, 3532129.280756771098822 ], [ 40524102.854422122240067, 3532135.36584699107334 ], [ 40524104.5757, 3532141.382699999492615 ], [ 40524106.398926958441734, 3532148.052808761131018 ], [ 40524107.774883262813091, 3532154.829330622684211 ], [ 40524108.697486869990826, 3532161.682308792602271 ], [ 40524109.162658683955669, 3532168.581447839271277 ], [ 40524109.168340675532818, 3532175.496248840820044 ], [ 40524108.71451186388731, 3532182.396143197547644 ], [ 40524107.803174965083599, 3532189.250628530513495 ], [ 40524106.4383594840765, 3532196.029403328429908 ], [ 40524104.62610000371933, 3532202.702499999199063 ], [ 40524104.482900001108646, 3532203.168100000359118 ], [ 40524107.699500001966953, 3532203.813699999358505 ], [ 40524118.181500002741814, 3532205.80449999962002 ], [ 40524124.3055, 3532206.868499999400228 ], [ 40524134.351499997079372, 3532207.724499999079853 ], [ 40524142.74549999833107, 3532208.066499999258667 ], [ 40524149.4115, 3532208.121499998960644 ], [ 40524169.30349999666214, 3532207.757499999366701 ], [ 40524195.701300002634525, 3532207.422500000335276 ], [ 40524197.5163, 3532207.399500000756234 ], [ 40524199.020499996840954, 3532207.3805 ], [ 40524212.73650000244379, 3532206.855499998666346 ], [ 40524225.773500002920628, 3532206.5855 ], [ 40524235.818499997258186, 3532206.9605 ], [ 40524260.972499996423721, 3532207.762500000186265 ], [ 40524275.9657, 3532208.249899999238551 ], [ 40524282.42849999666214, 3532211.470499999355525 ], [ 40524285.05349999666214, 3532212.683500000275671 ], [ 40524296.710500001907349, 3532213.0735 ], [ 40524314.877300001680851, 3532211.658499999437481 ], [ 40524322.626500003039837, 3532210.352299999445677 ], [ 40524324.8675, 3532209.832700000144541 ], [ 40524329.850500002503395, 3532207.503500000108033 ] ], [ [ 40524183.179700002074242, 3532197.598099999129772 ], [ 40524185.294100001454353, 3532183.517300000414252 ], [ 40524200.77589999884367, 3532188.521499999333173 ], [ 40524216.2769, 3532186.512500000186265 ], [ 40524216.589500002563, 3532200.902700000442564 ], [ 40524208.931500002741814, 3532201.939299999270588 ], [ 40524199.1237, 3532200.285899999085814 ], [ 40524183.179700002074242, 3532197.598099999129772 ] ] ] ] } },
{ "type": "Feature", "properties": { "OBJECTID": 16248, "DKBH": "ZC-CZ-B03-22", "YDDM": "A1", "DKMJ": 26048.4, "YDJRX": " ", "RJL": "≤3.5", "JZMD": "≤50%", "LDL": "≥25%", "JDCW": "0.75个/100㎡", "DTSTZB": " ", "CSSJZB": " ", "REMARK": " ", "PLANNAME": "《江阴市中心城区主城控制性详细规划》滨江路沿线地块更正", "PLANDATE": "2022-01-17T00:00:00Z", "PLANUNIT": "江阴市城乡规划设计院", "PASSDATE": "2022-01-21T00:00:00Z", "STARTTIME": "2022-02-14T14:48:18Z", "FGUID": null, "CADNAME": "02A1行政办公用地", "DXKJKF": " ", "YDXZ": "行政办公用地", "FTZMC": "ZC-CZ-B03-01-28.dwg", "JZGD": "/", "JC": null, "SHAPE_Length": 718.69102618147735, "SHAPE_Area": 26048.918640357511 }, "geometry": { "type": "MultiPolygon", "coordinates": [ [ [ [ 40523389.116700001060963, 3531999.796299999114126 ], [ 40523406.135499998927116, 3531932.16730000032112 ], [ 40523416.80290000140667, 3531934.851499999407679 ], [ 40523505.1761, 3531957.090499999467283 ], [ 40523532.9525, 3531849.2148999995552 ], [ 40523518.321900002658367, 3531844.743300000205636 ], [ 40523479.043700002133846, 3531836.4071 ], [ 40523383.4037000015378, 3531807.198099998757243 ], [ 40523355.8477, 3531822.798299999441952 ], [ 40523342.1937, 3531877.619299999438226 ], [ 40523333.963699996471405, 3531896.180700001306832 ], [ 40523313.868900001049042, 3531976.863099998794496 ], [ 40523325.61370000243187, 3531995.418099999427795 ], [ 40523379.064099997282028, 3532006.14549999916926 ], [ 40523389.116700001060963, 3531999.796299999114126 ] ] ] ] } },
{ "type": "Feature", "properties": { "OBJECTID": 16418, "DKBH": "ZC-CZ-A04-06", "YDDM": "RB", "DKMJ": 20110.7, "YDJRX": "A、B、S、U、G", "RJL": "≤3.5", "JZMD": "≤35%", "LDL": "≥30%", "JDCW": "0.6个/100㎡", "DTSTZB": " ", "CSSJZB": " ", "REMARK": " ", "PLANNAME": "《江阴市中心城区主城控制性详细规划》滨江路沿线地块更正", "PLANDATE": "2022-01-17T00:00:00Z", "PLANUNIT": "江阴市城乡规划设计院", "PASSDATE": "2022-01-21T00:00:00Z", "STARTTIME": "2022-02-14T14:48:18Z", "FGUID": null, "CADNAME": "01RB商住混合用地", "DXKJKF": " ", "YDXZ": "商住混合用地", "FTZMC": "ZC-CZ-A04-01-20.dwg", "JZGD": "/", "JC": null, "SHAPE_Length": 572.46877749178145, "SHAPE_Area": 20110.682793417203 }, "geometry": { "type": "MultiPolygon", "coordinates": [ [ [ [ 40520826.230099998414516, 3532049.1467 ], [ 40520670.3961, 3532023.994900000747293 ], [ 40520657.177100002765656, 3532133.699900000356138 ], [ 40520679.164036609232426, 3532141.8483397946693 ], [ 40520701.21504782885313, 3532149.821758806239814 ], [ 40520723.328737251460552, 3532157.619653343688697 ], [ 40520745.503711692988873, 3532165.241530775558203 ], [ 40520767.738567344844341, 3532172.68690925789997 ], [ 40520790.031899310648441, 3532179.955318926367909 ], [ 40520812.382299996912479, 3532187.046299999114126 ], [ 40520815.497500002384186, 3532184.948699999134988 ], [ 40520818.953500002622604, 3532141.341499999631196 ], [ 40520826.230099998414516, 3532049.1467 ] ] ] ] } },
{ "type": "Feature", "properties": { "OBJECTID": 16439, "DKBH": "ZC-CZ-B02-15", "YDDM": "Rax", "DKMJ": 8148.4, "YDJRX": " ", "RJL": "0.6-1.0", "JZMD": "≤30%", "LDL": "≥35%", "JDCW": "0.6个/100生", "DTSTZB": " ", "CSSJZB": " ", "REMARK": " ", "PLANNAME": "《江阴市中心城区主城控制性详细规划》滨江路沿线地块更正", "PLANDATE": "2022-01-17T00:00:00Z", "PLANUNIT": "江阴市城乡规划设计院", "PASSDATE": "2022-01-21T00:00:00Z", "STARTTIME": "2022-02-14T14:48:18Z", "FGUID": null, "CADNAME": "01Rax幼托用地", "DXKJKF": " ", "YDXZ": "幼托用地", "FTZMC": "ZC-CZ-B02-01-21.dwg", "JZGD": "/", "JC": null, "SHAPE_Length": 369.6117462892297, "SHAPE_Area": 8148.5926448582995 }, "geometry": { "type": "MultiPolygon", "coordinates": [ [ [ [ 40522313.628300003707409, 3532030.423100000247359 ], [ 40522245.130500003695488, 3532015.134499999694526 ], [ 40522220.511699996888638, 3532124.382899999152869 ], [ 40522294.0431, 3532140.798099999316037 ], [ 40522313.628300003707409, 3532030.423100000247359 ] ] ] ] } },
{ "type": "Feature", "properties": { "OBJECTID": 16499, "DKBH": "ZC-CZ-B07-33", "YDDM": "G1", "DKMJ": 67776.1, "YDJRX": " ", "RJL": " ", "JZMD": " ", "LDL": "≥65%", "JDCW": " ", "DTSTZB": " ", "CSSJZB": " ", "REMARK": " ", "PLANNAME": "《江阴市中心城区主城控制性详细规划》（ZC-CZ-B07基本控制单元）更正", "PLANDATE": "2022-06-01T00:00:00Z", "PLANUNIT": "江阴市城乡规划设计院", "PASSDATE": "2022-07-01T00:00:00Z", "STARTTIME": "2022-07-07T15:22:14Z", "FGUID": null, "CADNAME": "08G1公园绿地", "DXKJKF": " ", "YDXZ": "公园绿地", "FTZMC": "ZC-CZ-B07-17-40.dwg", "JZGD": "/", "JC": null, "SHAPE_Length": 1383.187063679648, "SHAPE_Area": 67777.33928223027 }, "geometry": { "type": "MultiPolygon", "coordinates": [ [ [ [ 40524208.8151, 3530054.340699999127537 ], [ 40524209.5035, 3530039.84169999929145 ], [ 40524211.118500001728535, 3530039.967899998649955 ], [ 40524211.256700001657009, 3530034.858499999623746 ], [ 40524209.745700001716614, 3530034.740500000771135 ], [ 40524211.5317, 3529997.116099999286234 ], [ 40524212.865900002419949, 3529995.400099999736995 ], [ 40524213.063100002706051, 3529989.4539 ], [ 40524216.3697, 3529986.813900000415742 ], [ 40524220.524099998176098, 3529922.881099999882281 ], [ 40524216.532499998807907, 3529922.62169999955222 ], [ 40524222.3895, 3529832.48390000173822 ], [ 40524226.380900003015995, 3529832.743300000205636 ], [ 40524231.540299996733665, 3529753.342699999455363 ], [ 40524227.548699997365475, 3529753.083499998319894 ], [ 40524237.5387, 3529599.337899999693036 ], [ 40524237.018700003623962, 3529599.264899998903275 ], [ 40524192.814900003373623, 3529593.0707 ], [ 40524172.7212999984622, 3529593.789099999703467 ], [ 40524123.199299998581409, 3529586.848899999633431 ], [ 40524109.5287000015378, 3529603.10869999974966 ], [ 40524111.653043851256371, 3529610.662504791282117 ], [ 40524113.510917656123638, 3529618.286225139629096 ], [ 40524115.100028984248638, 3529625.970464229118079 ], [ 40524116.418420784175396, 3529633.705750226508826 ], [ 40524117.464466087520123, 3529641.482548534404486 ], [ 40524118.236875638365746, 3529649.291273592971265 ], [ 40524118.734700001776218, 3529657.122299999464303 ], [ 40524114.9731, 3529682.167500000447035 ], [ 40524114.931458182632923, 3529682.773389110807329 ], [ 40524114.888143539428711, 3529683.379160940647125 ], [ 40524114.843158714473248, 3529683.984811067115515 ], [ 40524114.796501152217388, 3529684.590334534179419 ], [ 40524114.7481689453125, 3529685.195726931095123 ], [ 40524114.698170371353626, 3529685.800983557943255 ], [ 40524114.646499998867512, 3529686.40610000025481 ], [ 40524092.5651, 3529940.837299999780953 ], [ 40524086.2003, 3530014.175099999178201 ], [ 40524085.228897802531719, 3530025.028070687782019 ], [ 40524084.198968879878521, 3530035.875643550883979 ], [ 40524083.110540382564068, 3530046.717503070365638 ], [ 40524081.963645927608013, 3530057.55333363963291 ], [ 40524080.758316032588482, 3530068.382819950114936 ], [ 40524079.494587652385235, 3530079.205647110473365 ], [ 40524078.1725, 3530090.021499999798834 ], [ 40524090.8781, 3530094.444299999158829 ], [ 40524090.290700003504753, 3530096.892699999269098 ], [ 40524095.1069, 3530098.137700000312179 ], [ 40524100.62389999628067, 3530105.644699999596924 ], [ 40524109.631300002336502, 3530125.962899999227375 ], [ 40524115.0247, 3530134.579900001175702 ], [ 40524113.387100003659725, 3530135.8775 ], [ 40524176.593900002539158, 3530178.746699998620898 ], [ 40524176.85310223698616, 3530178.916697877924889 ], [ 40524177.117450706660748, 3530179.078580557834357 ], [ 40524177.386688224971294, 3530179.232192277442664 ], [ 40524177.66055678576231, 3530179.377385496627539 ], [ 40524177.938793174922466, 3530179.51402050210163 ], [ 40524178.221130877733231, 3530179.641966361086816 ], [ 40524178.507299996912479, 3530179.761099999304861 ], [ 40524179.384794801473618, 3530180.07747172890231 ], [ 40524180.281316749751568, 3530180.335028469096869 ], [ 40524181.192930214107037, 3530180.532639145385474 ], [ 40524182.115629188716412, 3530180.669435739051551 ], [ 40524183.045364372432232, 3530180.744817614089698 ], [ 40524183.97804831713438, 3530180.758453726302832 ], [ 40524184.909589760005474, 3530180.710283994209021 ], [ 40524185.835893623530865, 3530180.600520133506507 ], [ 40524186.752893440425396, 3530180.429644226562232 ], [ 40524187.656562797725201, 3530180.198406695853919 ], [ 40524188.542930595576763, 3530179.907822966109961 ], [ 40524189.408105842769146, 3530179.559169411193579 ], [ 40524190.248289100825787, 3530179.153977036010474 ], [ 40524191.05978774279356, 3530178.694025635253638 ], [ 40524191.839042656123638, 3530178.18133509112522 ], [ 40524192.582626335322857, 3530177.618156909476966 ], [ 40524193.287277214229107, 3530177.006964683067054 ], [ 40524193.949897758662701, 3530176.350442528259009 ], [ 40524194.567579261958599, 3530175.651473879348487 ], [ 40524195.13760756701231, 3530174.913128256332129 ], [ 40524195.657482139766216, 3530174.138648509513587 ], [ 40524196.124916069209576, 3530173.331436037551612 ], [ 40524196.537860862910748, 3530172.495035767089576 ], [ 40524196.894498817622662, 3530171.633121251594275 ], [ 40524197.193265907466412, 3530170.749477624427527 ], [ 40524197.43284796923399, 3530169.847985744010657 ], [ 40524197.612195961177349, 3530168.93260484887287 ], [ 40524197.730518907308578, 3530168.007355089765042 ], [ 40524197.787299998104572, 3530167.076299998909235 ], [ 40524203.003899998962879, 3530107.03089999826625 ], [ 40524204.468099996447563, 3530091.824300000444055 ], [ 40524206.477700002491474, 3530067.463299999479204 ], [ 40524207.752300001680851, 3530065.662899999413639 ], [ 40524208.747299998998642, 3530061.403699999209493 ], [ 40524208.991300001740456, 3530054.467700000386685 ], [ 40524208.8151, 3530054.340699999127537 ] ] ] ] } },
{ "type": "Feature", "properties": { "OBJECTID": 16557, "DKBH": "ZC-CZ-B03-14", "YDDM": "R2", "DKMJ": 40281.7, "YDJRX": "A、B、S、G", "RJL": "≤2.5", "JZMD": "≤30%", "LDL": "≥30%", "JDCW": "0.6个/100㎡", "DTSTZB": " ", "CSSJZB": " ", "REMARK": " ", "PLANNAME": "《江阴市中心城区主城控制性详细规划》滨江路沿线地块更正", "PLANDATE": "2022-01-17T00:00:00Z", "PLANUNIT": "江阴市城乡规划设计院", "PASSDATE": "2022-01-21T00:00:00Z", "STARTTIME": "2022-02-14T14:48:18Z", "FGUID": null, "CADNAME": "01R2二类居住用地", "DXKJKF": " ", "YDXZ": "二类居住用地", "FTZMC": "ZC-CZ-B03-01-28.dwg", "JZGD": "/", "JC": null, "SHAPE_Length": 799.5309945587012, "SHAPE_Area": 40282.440250791959 }, "geometry": { "type": "MultiPolygon", "coordinates": [ [ [ [ 40522976.68469999730587, 3531921.951899999286979 ], [ 40522811.167099997401237, 3531873.166700000409037 ], [ 40522755.3825, 3532098.281899999827147 ], [ 40522918.8569, 3532134.768500000238419 ], [ 40522933.7421, 3532125.45469999872148 ], [ 40522980.4811, 3531928.497500000521541 ], [ 40522976.68469999730587, 3531921.951899999286979 ] ] ] ] } },
{ "type": "Feature", "properties": { "OBJECTID": 16558, "DKBH": "ZC-CZ-A04-11", "YDDM": "R2", "DKMJ": 70936.0, "YDJRX": "A、B、S、G", "RJL": "≤2.0", "JZMD": "≤30%", "LDL": "≥30%", "JDCW": "0.5个/100㎡", "DTSTZB": " ", "CSSJZB": " ", "REMARK": " ", "PLANNAME": "《江阴市中心城区主城控制性详细规划》滨江路沿线地块更正", "PLANDATE": "2022-01-17T00:00:00Z", "PLANUNIT": "江阴市城乡规划设计院", "PASSDATE": "2022-01-21T00:00:00Z", "STARTTIME": "2022-02-14T14:48:18Z", "FGUID": null, "CADNAME": "01R2二类居住用地", "DXKJKF": " ", "YDXZ": "二类居住用地", "FTZMC": "ZC-CZ-A04-01-20.dwg", "JZGD": "/", "JC": null, "SHAPE_Length": 1130.9874489734755, "SHAPE_Area": 70937.34680997346 }, "geometry": { "type": "MultiPolygon", "coordinates": [ [ [ [ 40520240.327299997210503, 3531589.219299999531358 ], [ 40520256.2571, 3531576.863300000317395 ], [ 40520259.491700001060963, 3531539.113900000229478 ], [ 40520265.1135, 3531514.503700000233948 ], [ 40520279.1725, 3531350.432099999394268 ], [ 40520278.246699996292591, 3531320.242499998770654 ], [ 40520283.070100001990795, 3531263.950299998745322 ], [ 40520266.055299997329712, 3531244.436900000553578 ], [ 40520206.133100003004074, 3531241.371699999086559 ], [ 40520186.337899997830391, 3531236.854699999559671 ], [ 40520097.223899997770786, 3531232.2961 ], [ 40520094.482500001788139, 3531373.324300000909716 ], [ 40520040.493500001728535, 3531373.323899999726564 ], [ 40520051.0453, 3531428.456699999514967 ], [ 40520040.567699998617172, 3531577.356499998830259 ], [ 40520145.081299997866154, 3531582.470100000500679 ], [ 40520158.6021, 3531583.244300000369549 ], [ 40520183.557499997317791, 3531581.7547 ], [ 40520202.537500001490116, 3531583.799300000537187 ], [ 40520221.4643, 3531586.288099999539554 ], [ 40520240.327299997210503, 3531589.219299999531358 ] ] ] ] } },
{ "type": "Feature", "properties": { "OBJECTID": 16561, "DKBH": "ZC-CZ-B02-18", "YDDM": "R2", "DKMJ": 70678.5, "YDJRX": "A、B、S、G", "RJL": "≤2.5", "JZMD": "≤30%", "LDL": "≥30%", "JDCW": "0.6个/100㎡", "DTSTZB": " ", "CSSJZB": " ", "REMARK": " ", "PLANNAME": "《江阴市中心城区主城控制性详细规划》滨江路沿线地块更正", "PLANDATE": "2022-01-17T00:00:00Z", "PLANUNIT": "江阴市城乡规划设计院", "PASSDATE": "2022-01-21T00:00:00Z", "STARTTIME": "2022-02-14T14:48:18Z", "FGUID": null, "CADNAME": "01R2二类居住用地", "DXKJKF": " ", "YDXZ": "二类居住用地", "FTZMC": "ZC-CZ-B02-01-21.dwg", "JZGD": "/", "JC": null, "SHAPE_Length": 1047.6179995861858, "SHAPE_Area": 70679.746871602852 }, "geometry": { "type": "MultiPolygon", "coordinates": [ [ [ [ 40522665.039899997413158, 3531834.173099999781698 ], [ 40522371.174900002777576, 3531783.25370000069961 ], [ 40522364.820500001311302, 3531787.712099999655038 ], [ 40522328.780299998819828, 3531990.821700000204146 ], [ 40522338.3653, 3532005.205499999690801 ], [ 40522513.574500001966953, 3532044.311300000175834 ], [ 40522543.616700001060963, 3532047.4307 ], [ 40522602.1765, 3532060.500900000333786 ], [ 40522623.581299997866154, 3532047.2133 ], [ 40522637.0167, 3531992.334100000560284 ], [ 40522645.1721, 3531973.739899999462068 ], [ 40522675.447499997913837, 3531850.073699999134988 ], [ 40522665.039899997413158, 3531834.173099999781698 ] ] ] ] } },
{ "type": "Feature", "properties": { "OBJECTID": 16563, "DKBH": " ", "YDDM": "E11", "DKMJ": 43259.4, "YDJRX": " ", "RJL": " ", "JZMD": " ", "LDL": " ", "JDCW": " ", "DTSTZB": " ", "CSSJZB": " ", "REMARK": " ", "PLANNAME": "《江阴市中心城区主城控制性详细规划》滨江路沿线地块更正", "PLANDATE": "2022-01-17T00:00:00Z", "PLANUNIT": "江阴市城乡规划设计院", "PASSDATE": "2022-01-21T00:00:00Z", "STARTTIME": "2022-02-14T14:48:18Z", "FGUID": null, "CADNAME": "10E11自然水域", "DXKJKF": " ", "YDXZ": "自然水域", "FTZMC": " ", "JZGD": "/", "JC": null, "SHAPE_Length": 1601.0403074482824, "SHAPE_Area": 43260.170530822157 }, "geometry": { "type": "MultiPolygon", "coordinates": [ [ [ [ 40524054.3975, 3531920.308500000275671 ], [ 40524049.245700001716614, 3531906.906499998643994 ], [ 40524052.082500003278255, 3531896.057699999772012 ], [ 40524055.3063, 3531886.626500000245869 ], [ 40524063.48650000244379, 3531866.145299999509007 ], [ 40524067.3371, 3531857.4131 ], [ 40524068.063500002026558, 3531855.2067 ], [ 40524068.3195, 3531852.85329999960959 ], [ 40524100.6545, 3531773.598699999041855 ], [ 40524102.785499997437, 3531763.948099999222904 ], [ 40524108.7319, 3531732.624900000169873 ], [ 40524115.2975, 3531702.570299999322742 ], [ 40524116.012100003659725, 3531695.073699998669326 ], [ 40524125.234499998390675, 3531649.275099999736995 ], [ 40524129.043700002133846, 3531631.345099999103695 ], [ 40524133.240500003099442, 3531616.8797 ], [ 40524136.1567, 3531606.465899999253452 ], [ 40524137.931900002062321, 3531597.284900000784546 ], [ 40524140.259499996900558, 3531584.81290000025183 ], [ 40524149.855499997735023, 3531524.245299999602139 ], [ 40524153.5863, 3531490.233499999158084 ], [ 40524153.596500001847744, 3531468.760300000663847 ], [ 40524154.887699998915195, 3531444.142099999822676 ], [ 40524156.449500001966953, 3531397.198699999134988 ], [ 40524159.898100003600121, 3531394.994699999224395 ], [ 40524159.8671, 3531387.382699998561293 ], [ 40524157.835100002586842, 3531387.419299999717623 ], [ 40524157.683300003409386, 3531379.00349999871105 ], [ 40524162.324299998581409, 3531376.580499999690801 ], [ 40524163.868299998342991, 3531322.509100000374019 ], [ 40524135.05009999871254, 3531308.298699999693781 ], [ 40524106.516099996864796, 3531294.207499999552965 ], [ 40524105.451300002634525, 3531305.436499999836087 ], [ 40524102.906099997460842, 3531326.427699999883771 ], [ 40524102.578100003302097, 3531330.242700000759214 ], [ 40524097.411899998784065, 3531358.3246999992989 ], [ 40524098.135499998927116, 3531364.419700000900775 ], [ 40524100.5317, 3531378.135900001041591 ], [ 40524101.612499997019768, 3531383.213899999391288 ], [ 40524102.597499996423721, 3531416.568300000391901 ], [ 40524099.901299998164177, 3531416.294499998912215 ], [ 40524099.379299998283386, 3531420.314499999862164 ], [ 40524102.673500001430511, 3531420.711299999151379 ], [ 40524101.543300002813339, 3531431.537699999753386 ], [ 40524099.618699997663498, 3531448.706499999389052 ], [ 40524098.080700002610683, 3531463.637900000438094 ], [ 40524097.496699996292591, 3531468.010899999644607 ], [ 40524097.2663, 3531470.465099999681115 ], [ 40524094.592299997806549, 3531492.375900000333786 ], [ 40524091.807300001382828, 3531514.5417 ], [ 40524087.439099997282028, 3531544.734099999070168 ], [ 40524085.884099997580051, 3531555.116700000595301 ], [ 40524083.585900001227856, 3531570.029500000644475 ], [ 40524082.417900003492832, 3531576.7281 ], [ 40524081.0009, 3531583.991899999324232 ], [ 40524074.627499997615814, 3531613.383100000210106 ], [ 40524074.029700003564358, 3531621.534699998795986 ], [ 40524072.815499998629093, 3531621.516099999658763 ], [ 40524066.169100001454353, 3531652.35429999884218 ], [ 40524065.751500003039837, 3531658.783900000154972 ], [ 40524065.5761, 3531658.772499999031425 ], [ 40524051.2095, 3531719.475899999495596 ], [ 40524047.899300001561642, 3531729.6267 ], [ 40524042.01129999756813, 3531746.851099998224527 ], [ 40524040.1699, 3531752.289100000169128 ], [ 40524036.0409, 3531763.3301 ], [ 40524031.394900001585484, 3531775.239100000355393 ], [ 40524030.677699998021126, 3531776.823300000280142 ], [ 40524031.098899997770786, 3531776.947299999650568 ], [ 40524027.445100001990795, 3531786.183499998878688 ], [ 40524021.292499996721745, 3531801.823099998757243 ], [ 40524020.506099998950958, 3531803.793899999000132 ], [ 40524017.83110000193119, 3531810.1985 ], [ 40524016.7659, 3531812.64710000064224 ], [ 40524014.4003000035882, 3531817.7377 ], [ 40524012.9573, 3531820.498699999414384 ], [ 40524007.868299998342991, 3531829.975499998778105 ], [ 40524002.333700001239777, 3531842.632899999152869 ], [ 40523996.5229, 3531855.596499999519438 ], [ 40523992.652500003576279, 3531864.73189999954775 ], [ 40523988.9833, 3531872.813099999446422 ], [ 40523976.6307, 3531899.320899999700487 ], [ 40523974.660099998116493, 3531899.636700000148267 ], [ 40523962.5695, 3531898.881100000347942 ], [ 40523961.7183, 3531904.213699999731034 ], [ 40523963.542900003492832, 3531904.518299999646842 ], [ 40523962.447499997913837, 3531911.117899999022484 ], [ 40523960.615500003099442, 3531910.813900000415742 ], [ 40523959.7311, 3531916.1409 ], [ 40523963.932899996638298, 3531916.506899998988956 ], [ 40523964.886100001633167, 3531917.354100000113249 ], [ 40523964.5291, 3531921.51609999826178 ], [ 40523960.340899996459484, 3531932.876100000459701 ], [ 40523956.740500003099442, 3531941.7385 ], [ 40523955.996699996292591, 3531943.394699998665601 ], [ 40524088.407499998807907, 3531984.088899998459965 ], [ 40524088.1135, 3531981.50690000038594 ], [ 40524082.9687, 3531950.823699999600649 ], [ 40524081.609700001776218, 3531947.866899999789894 ], [ 40524077.434299997985363, 3531941.810499999672174 ], [ 40524072.7297, 3531937.608299999497831 ], [ 40524067.444300003349781, 3531932.904499999713153 ], [ 40524059.929899998009205, 3531926.365299999248236 ], [ 40524054.3975, 3531920.308500000275671 ] ] ] ] } },
{ "type": "Feature", "properties": { "OBJECTID": 16564, "DKBH": " ", "YDDM": "E11", "DKMJ": 10093.6, "YDJRX": " ", "RJL": " ", "JZMD": " ", "LDL": " ", "JDCW": " ", "DTSTZB": " ", "CSSJZB": " ", "REMARK": " ", "PLANNAME": "《江阴市中心城区主城控制性详细规划》滨江路沿线地块更正", "PLANDATE": "2022-01-17T00:00:00Z", "PLANUNIT": "江阴市城乡规划设计院", "PASSDATE": "2022-01-21T00:00:00Z", "STARTTIME": "2022-02-14T14:48:18Z", "FGUID": null, "CADNAME": "10E11自然水域", "DXKJKF": " ", "YDXZ": "自然水域", "FTZMC": " ", "JZGD": "/", "JC": null, "SHAPE_Length": 650.21924873838373, "SHAPE_Area": 10094.609286429399 }, "geometry": { "type": "MultiPolygon", "coordinates": [ [ [ [ 40520008.490099996328354, 3531605.823099999222904 ], [ 40519971.369499996304512, 3531604.006900000851601 ], [ 40519955.82769999653101, 3531892.105699999723583 ], [ 40519971.9331, 3531894.4551 ], [ 40519987.9949000030756, 3531897.087500000372529 ], [ 40519989.7377, 3531872.320499999448657 ], [ 40519993.879100002348423, 3531813.46430000057444 ], [ 40520008.490099996328354, 3531605.823099999222904 ] ] ] ] } },
{ "type": "Feature", "properties": { "OBJECTID": 16591, "DKBH": "ZC-CZ-A04-09", "YDDM": "R2", "DKMJ": 182087.0, "YDJRX": "A、B、S、G", "RJL": "≤2.5", "JZMD": "≤30%", "LDL": "≥30%", "JDCW": "0.8个/100M2", "DTSTZB": " ", "CSSJZB": " ", "REMARK": " ", "PLANNAME": "《江阴市中心城区主城控制性详细规划》滨江路沿线地块更正", "PLANDATE": "2022-01-17T00:00:00Z", "PLANUNIT": "江阴市城乡规划设计院", "PASSDATE": "2022-01-21T00:00:00Z", "STARTTIME": "2022-02-14T14:48:18Z", "FGUID": null, "CADNAME": "01R2二类居住用地", "DXKJKF": " ", "YDXZ": "二类居住用地", "FTZMC": "ZC-CZ-A04-01-20.dwg", "JZGD": "/", "JC": null, "SHAPE_Length": 1715.4853731503413, "SHAPE_Area": 182087.00496303145 }, "geometry": { "type": "MultiPolygon", "coordinates": [ [ [ [ 40520960.075900003314018, 3531740.259900000412017 ], [ 40520904.671099998056889, 3531729.309299999382347 ], [ 40520901.436099998652935, 3531731.760299999732524 ], [ 40520899.896499998867512, 3531732.927099999506027 ], [ 40520875.118500001728535, 3532044.189500000793487 ], [ 40520863.313299998641014, 3532193.262099999003112 ], [ 40521202.812299996614456, 3532277.552299999631941 ], [ 40521224.544299997389317, 3532282.979299999773502 ], [ 40521236.1981, 3532285.889499998185784 ], [ 40521244.355700001120567, 3532287.926699999719858 ], [ 40521250.549099996685982, 3532176.452299999073148 ], [ 40521249.350500002503395, 3532149.464300000108778 ], [ 40521250.88570000231266, 3532126.588699999731034 ], [ 40521254.7165, 3532101.442699998617172 ], [ 40521270.642099998891354, 3531814.803899999707937 ], [ 40521258.573700003325939, 3531799.256499999668449 ], [ 40521207.164899997413158, 3531789.09569999948144 ], [ 40521188.222900003194809, 3531781.7843 ], [ 40520985.280299998819828, 3531741.673499999102205 ], [ 40520960.075900003314018, 3531740.259900000412017 ] ] ] ] } },
{ "type": "Feature", "properties": { "OBJECTID": 16638, "DKBH": null, "YDDM": "E11", "DKMJ": 47241.1, "YDJRX": null, "RJL": null, "JZMD": null, "LDL": null, "JDCW": null, "DTSTZB": null, "CSSJZB": null, "REMARK": null, "PLANNAME": "《江阴市中心城区主城控制性详细规划》（ZC-CZ-B07基本控制单元）更正", "PLANDATE": "2022-06-01T00:00:00Z", "PLANUNIT": "江阴市城乡规划设计院", "PASSDATE": "2022-07-01T00:00:00Z", "STARTTIME": "2022-07-07T15:22:14Z", "FGUID": null, "CADNAME": "10E11自然水域", "DXKJKF": null, "YDXZ": "自然水域", "FTZMC": null, "JZGD": "/", "JC": null, "SHAPE_Length": 2084.9509612566435, "SHAPE_Area": 47241.096843707266 }, "geometry": { "type": "MultiPolygon", "coordinates": [ [ [ [ 40524260.410499997437, 3530205.376499999780208 ], [ 40524266.580899998545647, 3530179.2333 ], [ 40524296.627700001001358, 3530152.523700000252575 ], [ 40524320.383100003004074, 3530144.248099999502301 ], [ 40524335.8851, 3530140.745500000193715 ], [ 40524347.04730000346899, 3530139.761700000148267 ], [ 40524349.8847, 3530113.730699999257922 ], [ 40524338.967100001871586, 3530113.9567 ], [ 40524323.715300001204014, 3530115.28389999922365 ], [ 40524314.3697, 3530117.6201 ], [ 40524296.798500001430511, 3530129.696499999146909 ], [ 40524273.6285, 3530143.02049999916926 ], [ 40524257.982500001788139, 3530143.066700000315905 ], [ 40524255.762100003659725, 3530133.726899999193847 ], [ 40524251.803099997341633, 3530120.368700000457466 ], [ 40524281.132299996912479, 3529756.779499999713153 ], [ 40524298.268299996852875, 3529607.848699999507517 ], [ 40524237.5387, 3529599.3383 ], [ 40524227.548699997365475, 3529753.083499998319894 ], [ 40524231.540299996733665, 3529753.342699999455363 ], [ 40524226.380900003015995, 3529832.743300000205636 ], [ 40524222.3895, 3529832.48390000173822 ], [ 40524216.532499998807907, 3529922.62169999955222 ], [ 40524220.524099998176098, 3529922.881099999882281 ], [ 40524216.3697, 3529986.813900000415742 ], [ 40524213.063100002706051, 3529989.4539 ], [ 40524212.865900002419949, 3529995.400099999736995 ], [ 40524211.5317, 3529997.116099999286234 ], [ 40524209.745700001716614, 3530034.740500000771135 ], [ 40524211.256700001657009, 3530034.858499999623746 ], [ 40524211.118500001728535, 3530039.967899998649955 ], [ 40524209.5035, 3530039.84169999929145 ], [ 40524208.8151, 3530054.340699999127537 ], [ 40524208.991300001740456, 3530054.467700000386685 ], [ 40524208.747299998998642, 3530061.403699999209493 ], [ 40524207.752300001680851, 3530065.662899999413639 ], [ 40524206.477700002491474, 3530067.463299999479204 ], [ 40524204.468099996447563, 3530091.824300000444055 ], [ 40524203.003899998962879, 3530107.03089999826625 ], [ 40524197.787299998104572, 3530167.076299998909235 ], [ 40524197.728441439568996, 3530168.00548660941422 ], [ 40524197.60816764831543, 3530168.928734481334686 ], [ 40524197.427009575068951, 3530169.841988801490515 ], [ 40524197.185760490596294, 3530170.741238832008094 ], [ 40524196.885478965938091, 3530171.622535109054297 ], [ 40524196.527484886348248, 3530172.482007264625281 ], [ 40524196.113349907100201, 3530173.315880655776709 ], [ 40524195.644893638789654, 3530174.120493053924292 ], [ 40524195.124174110591412, 3530174.892310857307166 ], [ 40524194.553476326167583, 3530175.627944468986243 ], [ 40524193.935308448970318, 3530176.324162959586829 ], [ 40524193.272384636104107, 3530176.977908730041236 ], [ 40524192.567615501582623, 3530177.586310863029212 ], [ 40524191.824096672236919, 3530178.146697163116187 ], [ 40524191.045093528926373, 3530178.656606554519385 ], [ 40524190.23402976244688, 3530179.113799690734595 ], [ 40524189.394462577998638, 3530179.516268729697913 ], [ 40524188.530084602534771, 3530179.86224603606388 ], [ 40524187.64468764513731, 3530180.150212168227881 ], [ 40524186.74216078966856, 3530180.378902434837073 ], [ 40524185.826469413936138, 3530180.54731249762699 ], [ 40524184.901636116206646, 3530180.65470266295597 ], [ 40524183.971717827022076, 3530180.700601338874549 ], [ 40524183.040803901851177, 3530180.684807061683387 ], [ 40524182.112977974116802, 3530180.607388972770423 ], [ 40524181.192319862544537, 3530180.468687295448035 ], [ 40524180.282865524291992, 3530180.269311010837555 ], [ 40524179.388618670403957, 3530180.0101357717067 ], [ 40524178.51349999755621, 3530179.692299999762326 ], [ 40524178.227363578975201, 3530179.583052939269692 ], [ 40524177.94474982470274, 3530179.464990078937262 ], [ 40524177.665929786860943, 3530179.338225006591529 ], [ 40524177.391174308955669, 3530179.202879428397864 ], [ 40524177.120744697749615, 3530179.059083163272589 ], [ 40524176.854902260005474, 3530178.906974738929421 ], [ 40524176.593900002539158, 3530178.746699998620898 ], [ 40524113.387100003659725, 3530135.8775 ], [ 40524115.0247, 3530134.579900001175702 ], [ 40524109.631300002336502, 3530125.962899999227375 ], [ 40524100.62389999628067, 3530105.644699999596924 ], [ 40524095.1069, 3530098.137700000312179 ], [ 40524090.290700003504753, 3530096.892699999269098 ], [ 40524090.8781, 3530094.444299999158829 ], [ 40524078.1725, 3530090.021499999798834 ], [ 40524077.71031204611063, 3530093.687873723451048 ], [ 40524077.241878509521484, 3530097.353454887866974 ], [ 40524076.767204277217388, 3530101.018232941161841 ], [ 40524076.286287300288677, 3530104.682197093497962 ], [ 40524075.799129486083984, 3530108.345336616039276 ], [ 40524075.305732883512974, 3530112.007641079369932 ], [ 40524074.806100003421307, 3530115.669099999126047 ], [ 40524077.0445, 3530116.210499999579042 ], [ 40524078.682499997317791, 3530118.817100000102073 ], [ 40524079.3455, 3530120.881299998611212 ], [ 40524079.809299997985363, 3530122.000300000421703 ], [ 40524080.577299997210503, 3530123.024299999233335 ], [ 40524081.617299996316433, 3530126.060899999458343 ], [ 40524081.0735, 3530129.406300000380725 ], [ 40524079.2883, 3530130.008299998939037 ], [ 40524082.959299996495247, 3530139.264299998991191 ], [ 40524080.857299998402596, 3530148.533299998845905 ], [ 40524080.932300001382828, 3530150.24849999928847 ], [ 40524081.232299998402596, 3530151.488300000317395 ], [ 40524081.6083, 3530152.014499998651445 ], [ 40524099.282499998807907, 3530160.772899999748915 ], [ 40524131.095299996435642, 3530189.096299999859184 ], [ 40524132.945500001311302, 3530192.829299999400973 ], [ 40524137.227300003170967, 3530195.4665 ], [ 40524135.909500002861023, 3530197.769299999345094 ], [ 40524141.522699996829033, 3530201.150500000454485 ], [ 40524179.633699998259544, 3530225.5691 ], [ 40524185.8213, 3530229.7187 ], [ 40524187.421300001442432, 3530231.713699998799711 ], [ 40524189.124300003051758, 3530237.876700000837445 ], [ 40524189.895499996840954, 3530247.208700000774115 ], [ 40524189.7275, 3530251.825299998279661 ], [ 40524187.0709, 3530276.29270000057295 ], [ 40524189.8253, 3530280.84669999871403 ], [ 40524186.531900003552437, 3530281.259100000374019 ], [ 40524185.963299997150898, 3530286.498700000345707 ], [ 40524183.618900001049042, 3530310.882699999492615 ], [ 40524182.3583, 3530323.518299999646842 ], [ 40524236.197300001978874, 3530332.036900000181049 ], [ 40524235.877499997615814, 3530311.821299999486655 ], [ 40524260.410499997437, 3530205.376499999780208 ] ] ] ] } },
{ "type": "Feature", "properties": { "OBJECTID": 16656, "DKBH": "ZC-CZ-B05-46", "YDDM": "B1", "DKMJ": 9115.0, "YDJRX": "A、B、S、G", "RJL": "≤2.5", "JZMD": "≤50%", "LDL": "≥15%", "JDCW": "0.5个/100㎡", "DTSTZB": " ", "CSSJZB": " ", "REMARK": " ", "PLANNAME": "《江阴市中心城区主城控制性详细规划》（城西片区）调整", "PLANDATE": "2022-06-15T00:00:00Z", "PLANUNIT": "江阴市城乡规划设计院", "PASSDATE": "2022-07-15T00:00:00Z", "STARTTIME": "2022-08-03T16:39:42Z", "FGUID": null, "CADNAME": "03B1商业用地", "DXKJKF": " ", "YDXZ": "商业用地", "FTZMC": "ZC-CZ-B05-19-52.dwg", "JZGD": "/", "JC": null, "SHAPE_Length": 391.26455151722746, "SHAPE_Area": 9115.0088893897027 }, "geometry": { "type": "MultiPolygon", "coordinates": [ [ [ [ 40523764.9635, 3530766.287100000306964 ], [ 40523699.1391, 3530753.017300000414252 ], [ 40523685.3081, 3530762.947100000455976 ], [ 40523675.792499996721745, 3530837.761099999770522 ], [ 40523674.958314947783947, 3530844.504103779792786 ], [ 40523674.170333862304688, 3530851.25266307592392 ], [ 40523673.428594581782818, 3530858.006461023818702 ], [ 40523672.733129493892193, 3530864.765180944930762 ], [ 40523672.083969116210938, 3530871.528505504131317 ], [ 40523671.481151632964611, 3530878.296117663383484 ], [ 40523670.9247, 3530885.067699999082834 ], [ 40523738.6497, 3530879.418899999465793 ], [ 40523764.9635, 3530766.287100000306964 ] ] ] ] } },
{ "type": "Feature", "properties": { "OBJECTID": 16657, "DKBH": "ZC-CZ-B02-09", "YDDM": "B1", "DKMJ": 4282.7, "YDJRX": "A、B、S、G", "RJL": "≤4.0", "JZMD": "≤55%", "LDL": "≥15%", "JDCW": "0.6个/100㎡", "DTSTZB": " ", "CSSJZB": " ", "REMARK": " ", "PLANNAME": "《江阴市中心城区主城控制性详细规划》（城西片区）调整", "PLANDATE": "2022-06-15T00:00:00Z", "PLANUNIT": "江阴市城乡规划设计院", "PASSDATE": "2022-07-15T00:00:00Z", "STARTTIME": "2022-08-03T16:39:42Z", "FGUID": null, "CADNAME": "03B1商业用地", "DXKJKF": " ", "YDXZ": "商业用地", "FTZMC": "ZC-CZ-B02-01-21.dwg", "JZGD": "/", "JC": null, "SHAPE_Length": 266.70599886067049, "SHAPE_Area": 4282.6632324045531 }, "geometry": { "type": "MultiPolygon", "coordinates": [ [ [ [ 40521460.1563, 3531358.291300000157207 ], [ 40521449.627700001001358, 3531357.172299999278039 ], [ 40521451.092211291193962, 3531368.273719549179077 ], [ 40521452.608207702636719, 3531379.368225634098053 ], [ 40521454.175661079585552, 3531390.45557928038761 ], [ 40521455.79452895373106, 3531401.535541891586035 ], [ 40521457.46478271484375, 3531412.607875049114227 ], [ 40521459.186384722590446, 3531423.672340393066406 ], [ 40521460.959299996495247, 3531434.728699999395758 ], [ 40521508.05290000140667, 3531438.333499999716878 ], [ 40521512.457099996507168, 3531360.33049999922514 ], [ 40521500.302500002086163, 3531359.038699999451637 ], [ 40521460.1563, 3531358.291300000157207 ] ] ] ] } },
{ "type": "Feature", "properties": { "OBJECTID": 16658, "DKBH": "ZC-CZ-A04-86", "YDDM": "B2", "DKMJ": 37163.2, "YDJRX": "A、B、S、G", "RJL": "2.0-5.0", "JZMD": "≤55%", "LDL": "≥15%", "JDCW": "0.6个/100㎡", "DTSTZB": " ", "CSSJZB": " ", "REMARK": " ", "PLANNAME": "《江阴市中心城区主城控制性详细规划》（城西片区）调整", "PLANDATE": "2022-06-15T00:00:00Z", "PLANUNIT": "江阴市城乡规划设计院", "PASSDATE": "2022-07-15T00:00:00Z", "STARTTIME": "2022-08-03T16:39:42Z", "FGUID": null, "CADNAME": "03B2商务用地", "DXKJKF": " ", "YDXZ": "商务用地", "FTZMC": "ZC-CZ-A04-71-88.dwg", "JZGD": "/", "JC": null, "SHAPE_Length": 759.81286399779697, "SHAPE_Area": 37163.170676700407 }, "geometry": { "type": "MultiPolygon", "coordinates": [ [ [ [ 40521328.716899998486042, 3530424.939899999648333 ], [ 40521180.508100003004074, 3530413.100100000854582 ], [ 40521175.7791, 3530417.235299999359995 ], [ 40521165.2725, 3530611.238699999637902 ], [ 40521176.562700003385544, 3530628.55589999910444 ], [ 40521292.9423, 3530672.520099999383092 ], [ 40521324.452299997210503, 3530645.3821 ], [ 40521336.522699996829033, 3530433.172899999190122 ], [ 40521328.716899998486042, 3530424.939899999648333 ] ] ] ] } },
{ "type": "Feature", "properties": { "OBJECTID": 16659, "DKBH": "ZC-CZ-B02-07", "YDDM": "B2", "DKMJ": 25881.9, "YDJRX": "R、A、B、G", "RJL": "≤3.0", "JZMD": "≤55%", "LDL": "≥15%", "JDCW": "0.6个/100㎡", "DTSTZB": " ", "CSSJZB": " ", "REMARK": " ", "PLANNAME": "《江阴市中心城区主城控制性详细规划》（城西片区）调整", "PLANDATE": "2022-06-15T00:00:00Z", "PLANUNIT": "江阴市城乡规划设计院", "PASSDATE": "2022-07-15T00:00:00Z", "STARTTIME": "2022-08-03T16:39:42Z", "FGUID": null, "CADNAME": "03B2商务用地", "DXKJKF": " ", "YDXZ": "商务用地", "FTZMC": "ZC-CZ-B02-01-21.dwg", "JZGD": "/", "JC": null, "SHAPE_Length": 742.08476865667058, "SHAPE_Area": 25881.878058919268 }, "geometry": { "type": "MultiPolygon", "coordinates": [ [ [ [ 40521523.070100001990795, 3531569.810099999886006 ], [ 40521527.8697, 3531540.432899999432266 ], [ 40521575.510499998927116, 3531546.465900000650436 ], [ 40521583.9555, 3531547.535299998708069 ], [ 40521591.359700001776218, 3531543.9561 ], [ 40521609.289499998092651, 3531465.975099998991936 ], [ 40521644.435900002717972, 3531472.972099999897182 ], [ 40521649.270499996840954, 3531374.87209999980405 ], [ 40521512.457099996507168, 3531360.33049999922514 ], [ 40521508.05290000140667, 3531438.333499999716878 ], [ 40521460.959299996495247, 3531434.728699999395758 ], [ 40521461.843212857842445, 3531440.121683480683714 ], [ 40521462.73933219909668, 3531445.512651979923248 ], [ 40521463.647659294307232, 3531450.901577591430396 ], [ 40521464.568183891475201, 3531456.288432836066931 ], [ 40521465.500898361206055, 3531461.673190057277679 ], [ 40521466.445807233452797, 3531467.055821540299803 ], [ 40521467.402900002896786, 3531472.436299999244511 ], [ 40521483.6853, 3531563.3755 ], [ 40521523.070100001990795, 3531569.810099999886006 ] ] ] ] } },
{ "type": "Feature", "properties": { "OBJECTID": 16667, "DKBH": null, "YDDM": "E11", "DKMJ": 0.0, "YDJRX": null, "RJL": null, "JZMD": null, "LDL": null, "JDCW": null, "DTSTZB": null, "CSSJZB": null, "REMARK": null, "PLANNAME": "《江阴市中心城区主城控制性详细规划》滨江路沿线地块更正", "PLANDATE": "2022-01-17T00:00:00Z", "PLANUNIT": "江阴市城乡规划设计院", "PASSDATE": "2022-01-21T00:00:00Z", "STARTTIME": "2022-02-14T14:48:18Z", "FGUID": null, "CADNAME": "10E11自然水域", "DXKJKF": null, "YDXZ": "自然水域", "FTZMC": null, "JZGD": "/", "JC": null, "SHAPE_Length": 1365.9154328077989, "SHAPE_Area": 23653.524530213672 }, "geometry": { "type": "MultiPolygon", "coordinates": [ [ [ [ 40519945.4951, 3531941.163899999111891 ], [ 40519947.3917, 3531998.2185 ], [ 40519949.576377086341381, 3532011.417651414871216 ], [ 40519950.853582382202148, 3532024.735277235507965 ], [ 40519951.217342369258404, 3532038.109061121474952 ], [ 40519950.665952675044537, 3532051.476423620712012 ], [ 40519949.201992027461529, 3532064.774815797340125 ], [ 40519946.832311622798443, 3532077.942011117469519 ], [ 40519943.568002693355083, 3532090.916397213470191 ], [ 40519939.424335472285748, 3532103.637263535987586 ], [ 40519934.420700073242188, 3532116.045086085796356 ], [ 40519928.580514125525951, 3532128.081805825233459 ], [ 40519921.931100003421307, 3532139.691100000869483 ], [ 40519914.372134894132614, 3532156.019207715056837 ], [ 40519907.850849144160748, 3532172.788759886752814 ], [ 40519902.39285659044981, 3532189.933886765968055 ], [ 40519898.019598, 3532207.387243270408362 ], [ 40519894.748247139155865, 3532225.080273806583136 ], [ 40519892.591659277677536, 3532242.943481325171888 ], [ 40519891.558300003409386, 3532260.906700000166893 ], [ 40519890.519685298204422, 3532282.866956592071801 ], [ 40519890.373802185058594, 3532304.851276218891144 ], [ 40519891.120895378291607, 3532326.82338237715885 ], [ 40519892.759727470576763, 3532348.747018575202674 ], [ 40519895.287595748901367, 3532370.586008131504059 ], [ 40519898.700332194566727, 3532392.304314494598657 ], [ 40519902.992299996316433, 3532413.866099999751896 ], [ 40519907.245135113596916, 3532437.200427175033838 ], [ 40519910.721803665161133, 3532460.662954747676849 ], [ 40519913.418483726680279, 3532484.227872728835791 ], [ 40519915.332206718623638, 3532507.869257926475257 ], [ 40519916.460865020751953, 3532531.561103522777557 ], [ 40519916.803223416209221, 3532555.277347326744348 ], [ 40519916.358900003135204, 3532578.991899999789894 ], [ 40519922.309197477996349, 3532577.991768243256956 ], [ 40519928.2618408203125, 3532577.005700051784515 ], [ 40519934.216800682246685, 3532576.033700823318213 ], [ 40519940.174037925899029, 3532575.075775861274451 ], [ 40519946.133522033691406, 3532574.131930530071259 ], [ 40519952.095221571624279, 3532573.202170135919005 ], [ 40519958.0591000020504, 3532572.2865 ], [ 40519953.996100001037121, 3532559.502099999692291 ], [ 40519953.102545186877251, 3532537.534385442733765 ], [ 40519951.946247100830078, 3532515.57893306016922 ], [ 40519950.527372352778912, 3532493.638885139953345 ], [ 40519948.846120826900005, 3532471.717381834518164 ], [ 40519946.902730941772461, 3532449.817560851573944 ], [ 40519944.697485372424126, 3532427.942556500434875 ], [ 40519942.230700001120567, 3532406.095500000752509 ], [ 40519938.432738862931728, 3532385.348042010795325 ], [ 40519935.237417213618755, 3532364.49926596833393 ], [ 40519932.64742087572813, 3532343.566672920715064 ], [ 40519930.664922706782818, 3532322.567834019195288 ], [ 40519929.29158591479063, 3532301.52037602616474 ], [ 40519928.528565965592861, 3532280.441966890823096 ], [ 40519928.376500003039837, 3532259.3503 ], [ 40519928.70920342952013, 3532248.376005886122584 ], [ 40519929.54971694201231, 3532237.428889214526862 ], [ 40519930.896240226924419, 3532226.532435655128211 ], [ 40519932.745882026851177, 3532215.710021495353431 ], [ 40519935.094675056636333, 3532204.984864413272589 ], [ 40519937.937581725418568, 3532194.379973648115993 ], [ 40519941.2685, 3532183.918099999427795 ], [ 40519942.688745103776455, 3532179.912153243552893 ], [ 40519944.179960243403912, 3532175.93207937432453 ], [ 40519945.741670601069927, 3532171.979135989677161 ], [ 40519947.373388282954693, 3532168.054571389686316 ], [ 40519949.074592582881451, 3532164.159625231754035 ], [ 40519950.844750963151455, 3532160.295528053771704 ], [ 40519952.683300003409386, 3532156.463499999605119 ], [ 40519960.199877791106701, 3532143.044031858909875 ], [ 40519966.81157112121582, 3532129.15639191865921 ], [ 40519972.489376060664654, 3532114.861512064468116 ], [ 40519977.208379738032818, 3532100.222110628616065 ], [ 40519980.947874061763287, 3532085.30241811228916 ], [ 40519983.691455833613873, 3532070.167894243728369 ], [ 40519985.427087776362896, 3532054.884941696655005 ], [ 40519986.147151939570904, 3532039.520614265929908 ], [ 40519985.848489761352539, 3532024.142322480678558 ], [ 40519984.532416395843029, 3532008.817538619507104 ], [ 40519982.2047, 3531993.6135 ], [ 40519980.6879, 3531946.566899998579174 ], [ 40519975.674220182001591, 3531945.70756375323981 ], [ 40519970.655639640986919, 3531944.877342164050788 ], [ 40519965.632322303950787, 3531944.076263308059424 ], [ 40519960.604440681636333, 3531943.304354190360755 ], [ 40519955.57216452807188, 3531942.561640679370612 ], [ 40519950.535658933222294, 3531941.848147983662784 ], [ 40519945.4951, 3531941.163899999111891 ] ] ] ] } },
{ "type": "Feature", "properties": { "OBJECTID": 16668, "DKBH": " ", "YDDM": "E11", "DKMJ": 10093.6, "YDJRX": " ", "RJL": " ", "JZMD": " ", "LDL": " ", "JDCW": " ", "DTSTZB": " ", "CSSJZB": " ", "REMARK": " ", "PLANNAME": "《江阴市中心城区主城控制性详细规划》滨江路沿线地块更正", "PLANDATE": "2022-01-17T00:00:00Z", "PLANUNIT": "江阴市城乡规划设计院", "PASSDATE": "2022-01-21T00:00:00Z", "STARTTIME": "2022-02-14T14:48:18Z", "FGUID": null, "CADNAME": "10E11自然水域", "DXKJKF": " ", "YDXZ": "自然水域", "FTZMC": " ", "JZGD": "/", "JC": null, "SHAPE_Length": 775.22783196890873, "SHAPE_Area": 13904.632268801892 }, "geometry": { "type": "MultiPolygon", "coordinates": [ [ [ [ 40520028.694899998605251, 3531228.79069999884814 ], [ 40519988.746699996292591, 3531226.747100000269711 ], [ 40519971.814900003373623, 3531573.992700000293553 ], [ 40520011.767300002276897, 3531575.94730000058189 ], [ 40520028.694899998605251, 3531228.79069999884814 ] ] ] ] } },
{ "type": "Feature", "properties": { "OBJECTID": 16684, "DKBH": "ZC-CZ-B03-27", "YDDM": "B41", "DKMJ": 4483.9, "YDJRX": " ", "RJL": "≤0.5", "JZMD": "≤40%", "LDL": "≥15%", "JDCW": " ", "DTSTZB": " ", "CSSJZB": " ", "REMARK": " ", "PLANNAME": "《江阴市中心城区主城控制性详细规划》滨江路沿线地块更正", "PLANDATE": "2022-01-17T00:00:00Z", "PLANUNIT": "江阴市城乡规划设计院", "PASSDATE": "2022-01-21T00:00:00Z", "STARTTIME": "2022-02-14T14:48:18Z", "FGUID": null, "CADNAME": "03B41加油加气站用地", "DXKJKF": " ", "YDXZ": "加油加气站用地", "FTZMC": "ZC-CZ-B03-01-28.dwg", "JZGD": "/", "JC": null, "SHAPE_Length": 271.52206470742442, "SHAPE_Area": 4483.9928102455924 }, "geometry": { "type": "MultiPolygon", "coordinates": [ [ [ [ 40523859.9371, 3532042.684299998916686 ], [ 40523778.550899997353554, 3532026.349899999797344 ], [ 40523759.256499998271465, 3532082.4507 ], [ 40523818.4217, 3532094.325299999676645 ], [ 40523834.900700002908707, 3532086.802099999506027 ], [ 40523859.9371, 3532042.684299998916686 ] ] ] ] } },
{ "type": "Feature", "properties": { "OBJECTID": 16686, "DKBH": "ZC-CZ-A02-20", "YDDM": "B41", "DKMJ": 2950.9, "YDJRX": " ", "RJL": "≤0.8", "JZMD": "≤40%", "LDL": "≥15%", "JDCW": " ", "DTSTZB": " ", "CSSJZB": " ", "REMARK": " ", "PLANNAME": "《江阴市中心城区主城控制性详细规划》滨江路沿线地块更正", "PLANDATE": "2022-01-17T00:00:00Z", "PLANUNIT": "江阴市城乡规划设计院", "PASSDATE": "2022-01-21T00:00:00Z", "STARTTIME": "2022-02-14T14:48:18Z", "FGUID": null, "CADNAME": "03B41加油加气站用地", "DXKJKF": " ", "YDXZ": "加油加气站用地", "FTZMC": "ZC-CZ-A02-09-42.dwg", "JZGD": "/", "JC": null, "SHAPE_Length": 221.12090767091397, "SHAPE_Area": 2950.8919081617541 }, "geometry": { "type": "MultiPolygon", "coordinates": [ [ [ [ 40520558.908299997448921, 3532226.3903 ], [ 40520558.9441, 3532224.458099999465048 ], [ 40520563.311899997293949, 3532224.866899999324232 ], [ 40520565.1395, 3532220.723299999255687 ], [ 40520577.26969999819994, 3532201.434699999634176 ], [ 40520579.253899998962879, 3532198.279500000178814 ], [ 40520571.898733846843243, 3532195.369530560448766 ], [ 40520564.551168441772461, 3532192.440422475337982 ], [ 40520557.211256019771099, 3532189.492195486556739 ], [ 40520549.879043571650982, 3532186.524869560729712 ], [ 40520542.554576873779297, 3532183.538464725017548 ], [ 40520535.237913839519024, 3532180.533001424744725 ], [ 40520527.9291, 3532177.508500000461936 ], [ 40520524.841899998486042, 3532179.463300000410527 ], [ 40520501.702299997210503, 3532194.113299999851733 ], [ 40520500.946099996566772, 3532221.380100000184029 ], [ 40520538.648699998855591, 3532231.3745 ], [ 40520558.717100001871586, 3532236.694099999498576 ], [ 40520558.908299997448921, 3532226.3903 ] ] ] ] } },
{ "type": "Feature", "properties": { "OBJECTID": 16690, "DKBH": "ZC-CZ-A04-10", "YDDM": "G1", "DKMJ": 21430.6, "YDJRX": " ", "RJL": " ", "JZMD": " ", "LDL": "≥65%", "JDCW": " ", "DTSTZB": " ", "CSSJZB": " ", "REMARK": " ", "PLANNAME": "《江阴市中心城区主城控制性详细规划》滨江路沿线地块更正", "PLANDATE": "2022-01-17T00:00:00Z", "PLANUNIT": "江阴市城乡规划设计院", "PASSDATE": "2022-01-21T00:00:00Z", "STARTTIME": "2022-02-14T14:48:18Z", "FGUID": null, "CADNAME": "08G1公园绿地", "DXKJKF": " ", "YDXZ": "公园绿地", "FTZMC": "ZC-CZ-A04-01-20.dwg", "JZGD": "/", "JC": null, "SHAPE_Length": 845.41912993916435, "SHAPE_Area": 16020.745725623885 }, "geometry": { "type": "MultiPolygon", "coordinates": [ [ [ [ 40520051.0453, 3531428.456699999514967 ], [ 40520040.493500001728535, 3531373.323899999726564 ], [ 40520094.482500001788139, 3531373.324300000909716 ], [ 40520096.836900003254414, 3531252.210099999792874 ], [ 40520097.223899997770786, 3531232.2961 ], [ 40520028.692699998617172, 3531228.838699999731034 ], [ 40520011.767300002276897, 3531575.946899998933077 ], [ 40520040.567699998617172, 3531577.356499998830259 ], [ 40520051.0453, 3531428.456699999514967 ] ] ] ] } },
{ "type": "Feature", "properties": { "OBJECTID": 16695, "DKBH": "ZC-CZ-A04-07", "YDDM": "R2", "DKMJ": 124346.4, "YDJRX": "A、B、S、G", "RJL": "≤2.0", "JZMD": "≤30%", "LDL": "≥30%", "JDCW": "0.4个/100㎡", "DTSTZB": " ", "CSSJZB": " ", "REMARK": " ", "PLANNAME": "《江阴市中心城区主城控制性详细规划》滨江路沿线地块更正", "PLANDATE": "2022-01-17T00:00:00Z", "PLANUNIT": "江阴市城乡规划设计院", "PASSDATE": "2022-01-21T00:00:00Z", "STARTTIME": "2022-02-14T14:48:18Z", "FGUID": null, "CADNAME": "01R2二类居住用地", "DXKJKF": " ", "YDXZ": "二类居住用地", "FTZMC": "ZC-CZ-A04-01-20.dwg", "JZGD": "/", "JC": null, "SHAPE_Length": 1480.1500729397958, "SHAPE_Area": 124346.39565428979 }, "geometry": { "type": "MultiPolygon", "coordinates": [ [ [ [ 40520657.177100002765656, 3532133.699900000356138 ], [ 40520670.3961, 3532023.994900000747293 ], [ 40520826.229099996387959, 3532049.1467 ], [ 40520845.438699997961521, 3531805.775099999736995 ], [ 40520843.5229, 3531785.561500000301749 ], [ 40520847.4573, 3531735.716099998448044 ], [ 40520832.217299997806549, 3531716.504099999554455 ], [ 40520787.727700002491474, 3531709.742700000293553 ], [ 40520768.480499997735023, 3531703.277300000656396 ], [ 40520621.313900001347065, 3531680.911700000986457 ], [ 40520591.128300003707409, 3531679.864099999889731 ], [ 40520538.651299998164177, 3531671.889099999796599 ], [ 40520515.6537000015378, 3531691.107699999120086 ], [ 40520513.990099996328354, 3531751.08530000038445 ], [ 40520509.9371, 3531770.980499999132007 ], [ 40520505.040299996733665, 3531947.522900000214577 ], [ 40520507.430100001394749, 3531987.604899999685585 ], [ 40520505.1135, 3532071.12790000019595 ], [ 40520505.0981, 3532071.685499999672174 ], [ 40520568.610100001096725, 3532098.129099999554455 ], [ 40520617.694700002670288, 3532118.56529999896884 ], [ 40520623.321701608598232, 3532120.762011406477541 ], [ 40520628.953191749751568, 3532122.947195946704596 ], [ 40520634.589141838252544, 3532125.120844840537757 ], [ 40520640.229532234370708, 3532127.282948731910437 ], [ 40520645.874338142573833, 3532129.433498441707343 ], [ 40520651.523533426225185, 3532131.572485325392336 ], [ 40520657.177100002765656, 3532133.699900000356138 ] ] ] ] } },
{ "type": "Feature", "properties": { "OBJECTID": 16719, "DKBH": "ZC-CZ-B03-26", "YDDM": "G1", "DKMJ": 28965.8, "YDJRX": " ", "RJL": " ", "JZMD": " ", "LDL": "≥65%", "JDCW": " ", "DTSTZB": " ", "CSSJZB": " ", "REMARK": " ", "PLANNAME": "《江阴市中心城区主城控制性详细规划》滨江路沿线地块更正", "PLANDATE": "2022-01-17T00:00:00Z", "PLANUNIT": "江阴市城乡规划设计院", "PASSDATE": "2022-01-21T00:00:00Z", "STARTTIME": "2022-02-14T14:48:18Z", "FGUID": null, "CADNAME": "08G1公园绿地", "DXKJKF": " ", "YDXZ": "公园绿地", "FTZMC": "ZC-CZ-B03-01-28.dwg", "JZGD": "/", "JC": null, "SHAPE_Length": 768.1683743148011, "SHAPE_Area": 28963.594641578864 }, "geometry": { "type": "MultiPolygon", "coordinates": [ [ [ [ 40523759.256499998271465, 3532082.4507 ], [ 40523778.550899997353554, 3532026.349899999797344 ], [ 40523859.9371, 3532042.684299998916686 ], [ 40523866.795100003480911, 3532030.599700000137091 ], [ 40523872.618900001049042, 3532019.791899999603629 ], [ 40523877.963299997150898, 3532008.739299999084324 ], [ 40523882.818300001323223, 3531997.463099999818951 ], [ 40523887.174099996685982, 3531985.984899999573827 ], [ 40523891.0225, 3531974.326699999626726 ], [ 40523895.310099996626377, 3531960.3139 ], [ 40523688.441699996590614, 3531896.736499999649823 ], [ 40523676.008699998259544, 3531892.936499999370426 ], [ 40523669.710299998521805, 3531911.249899999704212 ], [ 40523663.606700003147125, 3531928.996500000357628 ], [ 40523634.4441, 3532013.790500000119209 ], [ 40523683.54169999808073, 3532025.483099999371916 ], [ 40523673.7465, 3532065.2889 ], [ 40523759.256499998271465, 3532082.4507 ] ] ] ] } },
{ "type": "Feature", "properties": { "OBJECTID": 16814, "DKBH": " ", "YDDM": "E11", "DKMJ": 0.0, "YDJRX": " ", "RJL": " ", "JZMD": " ", "LDL": " ", "JDCW": " ", "DTSTZB": " ", "CSSJZB": " ", "REMARK": " ", "PLANNAME": "《江阴市中心城区主城控制性详细规划》滨江路沿线地块更正", "PLANDATE": "2022-01-17T00:00:00Z", "PLANUNIT": "江阴市城乡规划设计院", "PASSDATE": "2022-01-21T00:00:00Z", "STARTTIME": "2022-02-14T14:48:18Z", "FGUID": null, "CADNAME": "10E11自然水域", "DXKJKF": " ", "YDXZ": "自然水域", "FTZMC": " ", "JZGD": "/", "JC": null, "SHAPE_Length": 474.4403040026682, "SHAPE_Area": 7701.963095164343 }, "geometry": { "type": "MultiPolygon", "coordinates": [ [ [ [ 40524082.829899996519089, 3532011.667700000107288 ], [ 40524034.716899998486042, 3531996.880899998825043 ], [ 40524024.397299997508526, 3532027.115499999374151 ], [ 40524014.563299998641014, 3532054.268499999772757 ], [ 40524010.554300002753735, 3532069.945299999788404 ], [ 40524003.661300003528595, 3532089.740299999248236 ], [ 40524002.993500001728535, 3532096.867299999576062 ], [ 40524002.584299996495247, 3532104.258499999530613 ], [ 40524002.79730000346899, 3532108.742499999701977 ], [ 40524005.58330000191927, 3532141.307499999180436 ], [ 40524007.1585, 3532152.55530000012368 ], [ 40524011.6233000010252, 3532169.8903 ], [ 40524013.8983, 3532177.106499998830259 ], [ 40524014.7663, 3532179.544500000309199 ], [ 40524019.4023, 3532187.71629999903962 ], [ 40524025.151299998164177, 3532194.802500000223517 ], [ 40524028.475500002503395, 3532199.2133 ], [ 40524030.668499998748302, 3532201.753299999516457 ], [ 40524033.292499996721745, 3532204.284900000784546 ], [ 40524042.986699998378754, 3532167.701499999500811 ], [ 40524045.272100001573563, 3532159.382299998775125 ], [ 40524043.01349999755621, 3532155.495500000193715 ], [ 40524042.478299997746944, 3532152.019500000402331 ], [ 40524043.626500003039837, 3532143.615500000305474 ], [ 40524043.063500002026558, 3532133.191499999258667 ], [ 40524041.449500001966953, 3532125.461499999742955 ], [ 40524042.3565, 3532111.01149999955669 ], [ 40524043.095299996435642, 3532100.5365 ], [ 40524046.1325, 3532091.504499999806285 ], [ 40524051.074500001966953, 3532075.764499999582767 ], [ 40524064.718500003218651, 3532046.317699999082834 ], [ 40524070.9925, 3532034.329499999061227 ], [ 40524077.7315, 3532023.508500000927597 ], [ 40524079.9133, 3532019.128499999176711 ], [ 40524082.829899996519089, 3532011.667700000107288 ] ] ] ] } },
{ "type": "Feature", "properties": { "OBJECTID": 16815, "DKBH": " ", "YDDM": "E11", "DKMJ": 10728.8, "YDJRX": " ", "RJL": " ", "JZMD": " ", "LDL": " ", "JDCW": " ", "DTSTZB": " ", "CSSJZB": " ", "REMARK": " ", "PLANNAME": "《江阴市中心城区主城控制性详细规划》滨江路沿线地块更正", "PLANDATE": "2022-01-17T00:00:00Z", "PLANUNIT": "江阴市城乡规划设计院", "PASSDATE": "2022-01-21T00:00:00Z", "STARTTIME": "2022-02-14T14:48:18Z", "FGUID": null, "CADNAME": "10E11自然水域", "DXKJKF": " ", "YDXZ": "自然水域", "FTZMC": " ", "JZGD": "/", "JC": null, "SHAPE_Length": 1113.4021521503878, "SHAPE_Area": 10728.813384855301 }, "geometry": { "type": "MultiPolygon", "coordinates": [ [ [ [ 40521755.692699998617172, 3531905.894699999596924 ], [ 40521735.881899997591972, 3531901.473099999595433 ], [ 40521735.78490000218153, 3531903.489700000267476 ], [ 40521734.9723, 3531920.3903 ], [ 40521712.7641, 3532382.315499998629093 ], [ 40521711.036300003528595, 3532418.251899998635054 ], [ 40521710.1113, 3532437.49170000012964 ], [ 40521729.941299997270107, 3532441.509299999568611 ], [ 40521755.692699998617172, 3531905.894699999596924 ] ] ] ] } },
{ "type": "Feature", "properties": { "OBJECTID": 16972, "DKBH": "ZC-CZ-A01-07", "YDDM": "M2", "DKMJ": 280366.0, "YDJRX": "W、S、U、G", "RJL": "≥0.8", "JZMD": "≥50%", "LDL": "≤20%", "JDCW": "0.3个/100平方米", "DTSTZB": null, "CSSJZB": null, "REMARK": null, "PLANNAME": "《江阴市中心城区主城控制性详细规划》滨江路沿线地块更正", "PLANDATE": "2022-01-17T00:00:00Z", "PLANUNIT": "江阴市城乡规划设计院", "PASSDATE": "2022-01-21T00:00:00Z", "STARTTIME": "2022-02-14T14:48:18Z", "FGUID": null, "CADNAME": "04M2二类工业用地", "DXKJKF": null, "YDXZ": "二类工业用地", "FTZMC": "ZC-CZ-A01-01-10.dwg", "JZGD": "/", "JC": null, "SHAPE_Length": 2232.258566751721, "SHAPE_Area": 280366.00734935905 }, "geometry": { "type": "MultiPolygon", "coordinates": [ [ [ [ 40519917.499499998986721, 3532001.800099999643862 ], [ 40519916.374300003051758, 3531967.946899999398738 ], [ 40519909.589987762272358, 3531967.280317063909024 ], [ 40519902.800519935786724, 3531966.668487011920661 ], [ 40519896.006336204707623, 3531966.11144983721897 ], [ 40519889.207880012691021, 3531965.609241604339331 ], [ 40519882.405593864619732, 3531965.161895095836371 ], [ 40519875.599919326603413, 3531964.769439454656094 ], [ 40519868.791299998760223, 3531964.431899999734014 ], [ 40519591.244499996304512, 3531951.795099998824298 ], [ 40519582.0489, 3532085.83530000038445 ], [ 40519568.497500002384186, 3532085.0299 ], [ 40519433.021499998867512, 3532076.978500000201166 ], [ 40519432.524183243513107, 3532086.424792170990258 ], [ 40519432.009033203125, 3532095.870128810405731 ], [ 40519431.476058952510357, 3532105.314476251136512 ], [ 40519430.925254814326763, 3532114.757800697814673 ], [ 40519430.356624603271484, 3532124.200068533420563 ], [ 40519429.770173996686935, 3532133.641246080864221 ], [ 40519429.1659, 3532143.081299998797476 ], [ 40519403.239699997007847, 3532542.200500000268221 ], [ 40519403.094896040856838, 3532546.878694653511047 ], [ 40519403.267570495605469, 3532551.555943667888641 ], [ 40519403.756935112178326, 3532556.210726141463965 ], [ 40519404.560733787715435, 3532560.821624516975135 ], [ 40519405.67526625841856, 3532565.367423653136939 ], [ 40519407.095407478511333, 3532569.827207445632666 ], [ 40519408.814624778926373, 3532574.180455922614783 ], [ 40519410.825002662837505, 3532578.407139181625098 ], [ 40519413.11729621142149, 3532582.487809419166297 ], [ 40519415.680953972041607, 3532586.403690933715552 ], [ 40519418.504182808101177, 3532590.136766314040869 ], [ 40519421.573993675410748, 3532593.669858932029456 ], [ 40519424.876258842647076, 3532596.98671257449314 ], [ 40519428.395784370601177, 3532600.072066068183631 ], [ 40519432.116378776729107, 3532602.911722898017615 ], [ 40519436.020923607051373, 3532605.492617725860327 ], [ 40519440.091449730098248, 3532607.802875279914588 ], [ 40519444.309228889644146, 3532609.831865787040442 ], [ 40519448.654857628047466, 3532611.570253490936011 ], [ 40519453.108337394893169, 3532613.010039805900306 ], [ 40519457.649179451167583, 3532614.144600152503699 ], [ 40519462.25649069994688, 3532614.968714236747473 ], [ 40519466.909069061279297, 3532615.478590071201324 ], [ 40519471.585513792932034, 3532615.671881794929504 ], [ 40519476.264300003647804, 3532615.547699999529868 ], [ 40519768.6505, 3532597.84889999916777 ], [ 40519782.625418305397034, 3532596.903615592047572 ], [ 40519796.585550300776958, 3532595.760511219035834 ], [ 40519810.528091423213482, 3532594.419816135894507 ], [ 40519824.450246803462505, 3532592.881799220573157 ], [ 40519838.349224083125591, 3532591.146768867503852 ], [ 40519852.222235321998596, 3532589.215073464438319 ], [ 40519866.0665, 3532587.087099999655038 ], [ 40519886.452100001275539, 3532583.805699998978525 ], [ 40519886.972369708120823, 3532560.286752819549292 ], [ 40519886.706682197749615, 3532536.763552009593695 ], [ 40519885.655330650508404, 3532513.262355923186988 ], [ 40519883.81949233263731, 3532489.80939757777378 ], [ 40519881.201213829219341, 3532466.430856525432318 ], [ 40519877.803418673574924, 3532443.152829288970679 ], [ 40519873.6299, 3532420.001300000119954 ], [ 40519869.136545710265636, 3532397.374252081848681 ], [ 40519865.560483932495117, 3532374.584225475788116 ], [ 40519862.907550804316998, 3532351.668391227256507 ], [ 40519861.182069770991802, 3532328.664125442039222 ], [ 40519860.38685417175293, 3532305.60894900560379 ], [ 40519860.523207239806652, 3532282.540465355850756 ], [ 40519861.590899996459484, 3532259.49629999930039 ], [ 40519862.781982310116291, 3532239.543995737563819 ], [ 40519865.227766029536724, 3532219.706373154651374 ], [ 40519868.918535225093365, 3532200.06225550128147 ], [ 40519873.83962058275938, 3532180.689696788322181 ], [ 40519879.971473686397076, 3532161.665671884547919 ], [ 40519887.28972614556551, 3532143.065771460067481 ], [ 40519895.765299998223782, 3532124.963899999856949 ], [ 40519901.62515439838171, 3532114.887329936493188 ], [ 40519906.761556625366211, 3532104.423463404178619 ], [ 40519911.149055473506451, 3532093.624157547485083 ], [ 40519914.76590346544981, 3532082.542932390701026 ], [ 40519917.594179145991802, 3532071.234704970847815 ], [ 40519919.619863502681255, 3532059.755517243873328 ], [ 40519920.832918159663677, 3532048.162258743774146 ], [ 40519921.227331154048443, 3532036.512383937370032 ], [ 40519920.8011474609375, 3532024.863627970218658 ], [ 40519919.556482218205929, 3532013.273720622528344 ], [ 40519917.499499998986721, 3532001.800099999643862 ] ] ] ] } },
{ "type": "Feature", "properties": { "OBJECTID": 16999, "DKBH": "ZC-CZ-B05-43", "YDDM": "R2", "DKMJ": 64329.2, "YDJRX": "A、B、S、G", "RJL": "1.2-3.0", "JZMD": "≤30%", "LDL": "≥30%", "JDCW": "0.6个/100㎡", "DTSTZB": " ", "CSSJZB": " ", "REMARK": " ", "PLANNAME": "《江阴市中心城区主城控制性详细规划》（城西片区）调整", "PLANDATE": "2022-06-15T00:00:00Z", "PLANUNIT": "江阴市城乡规划设计院", "PASSDATE": "2022-07-15T00:00:00Z", "STARTTIME": "2022-08-03T16:39:42Z", "FGUID": null, "CADNAME": "01R2二类居住用地", "DXKJKF": " ", "YDXZ": "二类居住用地", "FTZMC": "ZC-CZ-B05-19-52.dwg", "JZGD": "/", "JC": null, "SHAPE_Length": 1033.6644688642789, "SHAPE_Area": 64329.190993720753 }, "geometry": { "type": "MultiPolygon", "coordinates": [ [ [ [ 40523824.056699998676777, 3530778.2001 ], [ 40523764.9635, 3530766.287100000306964 ], [ 40523738.6497, 3530879.418899999465793 ], [ 40523670.9247, 3530885.067699999082834 ], [ 40523670.50228226184845, 3530890.633115886710584 ], [ 40523670.111186973750591, 3530896.200820147525519 ], [ 40523669.751422874629498, 3530901.770636915694922 ], [ 40523669.423002235591412, 3530907.342389702331275 ], [ 40523669.125934593379498, 3530912.915902077686042 ], [ 40523668.860230565071106, 3530918.490997790358961 ], [ 40523668.6259, 3530924.067500000353903 ], [ 40523666.0016999989748, 3530991.010299999266863 ], [ 40523673.080700002610683, 3530999.880299999378622 ], [ 40523946.9397, 3531050.981499999761581 ], [ 40523962.743100002408028, 3531038.770299999509007 ], [ 40523972.687299996614456, 3530898.153300000820309 ], [ 40523973.027494184672832, 3530892.747443677391857 ], [ 40523973.290599822998047, 3530887.337287604808807 ], [ 40523973.476566307246685, 3530881.923930882941931 ], [ 40523973.585353843867779, 3530876.508473395835608 ], [ 40523973.616939544677734, 3530871.092015326023102 ], [ 40523973.571319334208965, 3530865.675657392945141 ], [ 40523973.4485, 3530860.260499998927116 ], [ 40523972.48650000244379, 3530827.9937 ], [ 40523952.284500002861023, 3530804.050299999304116 ], [ 40523824.056699998676777, 3530778.2001 ] ] ] ] } },
{ "type": "Feature", "properties": { "OBJECTID": 17035, "DKBH": "ZC-CZ-B03-13", "YDDM": "B1", "DKMJ": 21895.0, "YDJRX": "A、B、S、G", "RJL": "≤3.0", "JZMD": "≤55%", "LDL": "≥15%", "JDCW": "1.5个/100㎡", "DTSTZB": " ", "CSSJZB": " ", "REMARK": " ", "PLANNAME": "《江阴市中心城区主城控制性详细规划》滨江路沿线地块更正", "PLANDATE": "2022-01-17T00:00:00Z", "PLANUNIT": "江阴市城乡规划设计院", "PASSDATE": "2022-01-21T00:00:00Z", "STARTTIME": "2022-02-14T14:48:18Z", "FGUID": null, "CADNAME": "03B1商业用地", "DXKJKF": " ", "YDXZ": "商业用地", "FTZMC": "ZC-CZ-B03-01-28.dwg", "JZGD": "/", "JC": null, "SHAPE_Length": 638.36805087558298, "SHAPE_Area": 21895.388799349355 }, "geometry": { "type": "MultiPolygon", "coordinates": [ [ [ [ 40522811.167099997401237, 3531873.166700000409037 ], [ 40522730.782700002193451, 3531849.474099999759346 ], [ 40522714.480099998414516, 3531858.85249999910593 ], [ 40522692.3961, 3531949.058899999130517 ], [ 40522688.661899998784065, 3531979.030899999663234 ], [ 40522669.638300001621246, 3532056.73689999897033 ], [ 40522683.2011, 3532078.585099999792874 ], [ 40522723.704099997878075, 3532087.6253 ], [ 40522742.4617, 3532095.397899999748915 ], [ 40522755.3825, 3532098.281899999827147 ], [ 40522811.167099997401237, 3531873.166700000409037 ] ] ] ] } },
{ "type": "Feature", "properties": { "OBJECTID": 17105, "DKBH": "ZC-CZ-B03-25", "YDDM": "S42", "DKMJ": 2197.3, "YDJRX": " ", "RJL": " ", "JZMD": " ", "LDL": " ", "JDCW": " ", "DTSTZB": " ", "CSSJZB": " ", "REMARK": " ", "PLANNAME": "《江阴市中心城区主城控制性详细规划》滨江路沿线地块更正", "PLANDATE": "2022-01-17T00:00:00Z", "PLANUNIT": "江阴市城乡规划设计院", "PASSDATE": "2022-01-21T00:00:00Z", "STARTTIME": "2022-02-14T14:48:18Z", "FGUID": null, "CADNAME": "06S42社会停车场用地", "DXKJKF": " ", "YDXZ": "社会停车场用地", "FTZMC": "ZC-CZ-B03-01-28.dwg", "JZGD": "/", "JC": null, "SHAPE_Length": 188.99950764082783, "SHAPE_Area": 2197.3704900713201 }, "geometry": { "type": "MultiPolygon", "coordinates": [ [ [ [ 40523683.54169999808073, 3532025.483099999371916 ], [ 40523634.4441, 3532013.790500000119209 ], [ 40523620.414099998772144, 3532054.584900001063943 ], [ 40523673.7465, 3532065.2889 ], [ 40523683.54169999808073, 3532025.483099999371916 ] ] ] ] } },
{ "type": "Feature", "properties": { "OBJECTID": 17121, "DKBH": "ZC-CZ-A04-08", "YDDM": "G2", "DKMJ": 22639.8, "YDJRX": " ", "RJL": " ", "JZMD": " ", "LDL": "≥80%", "JDCW": " ", "DTSTZB": " ", "CSSJZB": " ", "REMARK": " ", "PLANNAME": "《江阴市中心城区主城控制性详细规划》滨江路沿线地块更正", "PLANDATE": "2022-01-17T00:00:00Z", "PLANUNIT": "江阴市城乡规划设计院", "PASSDATE": "2022-01-21T00:00:00Z", "STARTTIME": "2022-02-14T14:48:18Z", "FGUID": null, "CADNAME": "08G2防护绿地", "DXKJKF": " ", "YDXZ": "防护绿地", "FTZMC": "ZC-CZ-A04-01-20.dwg", "JZGD": "/", "JC": null, "SHAPE_Length": 1782.2766999673704, "SHAPE_Area": 22639.721841803697 }, "geometry": { "type": "MultiPolygon", "coordinates": [ [ [ [ 40521202.812299996614456, 3532277.552299999631941 ], [ 40520863.313299998641014, 3532193.262099999003112 ], [ 40520875.118500001728535, 3532044.189500000793487 ], [ 40520899.896499998867512, 3531732.92729999916628 ], [ 40520883.8319, 3531745.100300000980496 ], [ 40520880.291299998760223, 3531789.961299999151379 ], [ 40520875.228500001132488, 3531809.624099999200553 ], [ 40520865.6585, 3531930.87629999872297 ], [ 40520848.8605, 3532143.7039 ], [ 40520844.01969999819994, 3532204.784899999853224 ], [ 40520854.2516999989748, 3532220.1275 ], [ 40520856.8733000010252, 3532220.927499999757856 ], [ 40520857.953699998557568, 3532221.277900000102818 ], [ 40520859.019900001585484, 3532221.642699999734759 ], [ 40520860.072499997913837, 3532222.020300000905991 ], [ 40520861.111699998378754, 3532222.409300000406802 ], [ 40520862.138099998235703, 3532222.808099999558181 ], [ 40520863.1523, 3532223.215299999341369 ], [ 40520864.154700003564358, 3532223.629499998874962 ], [ 40520865.1457, 3532224.0491 ], [ 40520866.125699996948242, 3532224.473099999129772 ], [ 40520867.095299996435642, 3532224.8997 ], [ 40520868.055100001394749, 3532225.328099999111146 ], [ 40520869.0050999969244, 3532225.7569 ], [ 40520869.946099996566772, 3532226.1847 ], [ 40520870.876500003039837, 3532226.60950000025332 ], [ 40520871.804499998688698, 3532227.033699998632073 ], [ 40520872.717699997127056, 3532227.450500000268221 ], [ 40520873.625699996948242, 3532227.862899999599904 ], [ 40520874.526299998164177, 3532228.268500000238419 ], [ 40520875.4195, 3532228.666299999225885 ], [ 40520876.3059, 3532229.055499999318272 ], [ 40520877.185500003397465, 3532229.434499999508262 ], [ 40520878.058899998664856, 3532229.802899999078363 ], [ 40520878.925700001418591, 3532230.159499999601394 ], [ 40520879.786700002849102, 3532230.503299998585135 ], [ 40520880.6417, 3532230.833499999716878 ], [ 40520881.491099998354912, 3532231.149299998767674 ], [ 40520882.335100002586842, 3532231.449899999890476 ], [ 40520883.1739, 3532231.734299998730421 ], [ 40520884.0075, 3532232.001899999100715 ], [ 40520884.872100003063679, 3532232.2629 ], [ 40520890.648521430790424, 3532233.94730281457305 ], [ 40520896.425960533320904, 3532235.62821990204975 ], [ 40520902.204410545527935, 3532237.305650949012488 ], [ 40520907.983871452510357, 3532238.979594945441931 ], [ 40520913.764341346919537, 3532240.650051533710212 ], [ 40520919.54581642895937, 3532242.317020174115896 ], [ 40520925.3283, 3532243.9805 ], [ 40520926.262100003659725, 3532244.2105 ], [ 40520927.2073, 3532244.375499998684973 ], [ 40520928.1769, 3532244.487499999813735 ], [ 40520929.167499996721745, 3532244.555499999783933 ], [ 40520930.176700003445148, 3532244.5891 ], [ 40520931.2007, 3532244.597499999217689 ], [ 40520932.236699998378754, 3532244.590499999467283 ], [ 40520933.281499996781349, 3532244.578300000168383 ], [ 40520934.332099996507168, 3532244.571100000292063 ], [ 40520935.385899998247623, 3532244.579299999400973 ], [ 40520936.4401, 3532244.613499999511987 ], [ 40520937.491899996995926, 3532244.684899998828769 ], [ 40520938.538500003516674, 3532244.804900000803173 ], [ 40520939.577100001275539, 3532244.9847 ], [ 40520940.602700002491474, 3532245.236299999523908 ], [ 40520940.711842857301235, 3532245.267499997280538 ], [ 40520940.739128574728966, 3532245.275299997068942 ], [ 40520940.766414284706116, 3532245.283099996857345 ], [ 40520940.793700002133846, 3532245.290899999439716 ], [ 40520945.012906476855278, 3532246.494301847182214 ], [ 40520949.232100002467632, 3532247.697699999436736 ], [ 40520949.338197514414787, 3532247.727899291086942 ], [ 40520949.444300003349781, 3532247.758100000210106 ], [ 40520952.006374254822731, 3532248.487210757564753 ], [ 40520954.568641662597656, 3532249.215637147426605 ], [ 40520957.131107322871685, 3532249.943379044067115 ], [ 40520959.693763725459576, 3532250.67043626261875 ], [ 40520962.256614685058594, 3532251.396808803081512 ], [ 40520964.819661989808083, 3532252.122496731113642 ], [ 40520967.3829, 3532252.84749999968335 ], [ 40520969.339296817779541, 3532253.400199100840837 ], [ 40520971.295699998736382, 3532253.952899998985231 ], [ 40520972.249300003051758, 3532254.244499999564141 ], [ 40520973.192100003361702, 3532254.575100000482053 ], [ 40520974.124899998307228, 3532254.940299998503178 ], [ 40520975.0493, 3532255.335699999704957 ], [ 40520975.966300003230572, 3532255.7569 ], [ 40520976.877499997615814, 3532256.199699999764562 ], [ 40520977.783699996769428, 3532256.65970000019297 ], [ 40520978.686300002038479, 3532257.132699999026954 ], [ 40520979.586499996483326, 3532257.614299999084324 ], [ 40520980.485699996352196, 3532258.10010000038892 ], [ 40520981.384900003671646, 3532258.585899999830872 ], [ 40520982.285499997437, 3532259.067099999636412 ], [ 40520983.188500002026558, 3532259.53969999961555 ], [ 40520984.095299996435642, 3532259.999299999792129 ], [ 40520985.006899997591972, 3532260.4413 ], [ 40520985.9247, 3532260.861700000241399 ], [ 40520986.8496999964118, 3532261.255900000687689 ], [ 40520987.7835, 3532261.619700000155717 ], [ 40520988.726899996399879, 3532261.948699999600649 ], [ 40520989.6813, 3532262.238700000103563 ], [ 40521000.488907866179943, 3532265.259348514024168 ], [ 40521011.299905776977539, 3532268.267834961414337 ], [ 40521022.114284507930279, 3532271.264155268203467 ], [ 40521032.932025901973248, 3532274.248305677901953 ], [ 40521043.753116607666016, 3532277.220282375812531 ], [ 40521054.577546171844006, 3532280.180081727448851 ], [ 40521065.405299998819828, 3532283.1277 ], [ 40521073.548874452710152, 3532285.335980775766075 ], [ 40521081.694314956665039, 3532287.53737074136734 ], [ 40521089.841617576777935, 3532289.731868147384375 ], [ 40521097.990772239863873, 3532291.919471263419837 ], [ 40521106.141773223876953, 3532294.10017853975296 ], [ 40521114.294619157910347, 3532296.273988607339561 ], [ 40521122.449299998581409, 3532298.440899998880923 ], [ 40521123.414099998772144, 3532298.693099998869002 ], [ 40521124.380900003015995, 3532298.938099998980761 ], [ 40521125.349299997091293, 3532299.176300000399351 ], [ 40521126.3195, 3532299.408099999651313 ], [ 40521127.291500002145767, 3532299.633699999190867 ], [ 40521128.264899998903275, 3532299.85329999960959 ], [ 40521129.2399, 3532300.067299999762326 ], [ 40521130.216300003230572, 3532300.275699999649078 ], [ 40521131.1941, 3532300.4789 ], [ 40521132.173100002110004, 3532300.677099999506027 ], [ 40521133.153300002217293, 3532300.870699998456985 ], [ 40521134.134900003671646, 3532301.059900000691414 ], [ 40521135.117299996316433, 3532301.244900000281632 ], [ 40521136.100900001823902, 3532301.426100000273436 ], [ 40521137.085299998521805, 3532301.603500000201166 ], [ 40521138.070699997246265, 3532301.777699999511242 ], [ 40521139.056900002062321, 3532301.9487 ], [ 40521140.043700002133846, 3532302.116899999789894 ], [ 40521141.0313, 3532302.282499998807907 ], [ 40521142.019299998879433, 3532302.445699999574572 ], [ 40521143.0079, 3532302.60689999954775 ], [ 40521143.997100003063679, 3532302.7665 ], [ 40521144.986699998378754, 3532302.9243 ], [ 40521145.976499997079372, 3532303.080699999816716 ], [ 40521146.9665, 3532303.236299999523908 ], [ 40521147.956699997186661, 3532303.391299999784678 ], [ 40521148.94709999859333, 3532303.545499999076128 ], [ 40521149.9375, 3532303.6996999992989 ], [ 40521150.927699998021126, 3532303.853699999861419 ], [ 40521151.9181, 3532304.008100000210106 ], [ 40521152.908100001513958, 3532304.163099999073893 ], [ 40521153.8979, 3532304.318899999838322 ], [ 40521154.887500002980232, 3532304.475700000766665 ], [ 40521155.8766999989748, 3532304.633899998385459 ], [ 40521156.865500003099442, 3532304.79369999980554 ], [ 40521157.853699997067451, 3532304.955299999564886 ], [ 40521158.841300003230572, 3532305.119099999777973 ], [ 40521159.8283, 3532305.285299999173731 ], [ 40521160.8147, 3532305.454099999275059 ], [ 40521161.80009999871254, 3532305.625699998810887 ], [ 40521162.78490000218153, 3532305.800699999555945 ], [ 40521163.768700003623962, 3532305.978900000452995 ], [ 40521164.7513, 3532306.160899999085814 ], [ 40521165.7333, 3532306.346900000236928 ], [ 40521166.713699996471405, 3532306.537099999841303 ], [ 40521167.693300001323223, 3532306.731699999421835 ], [ 40521168.671499997377396, 3532306.931099999230355 ], [ 40521169.6483, 3532307.135700000915676 ], [ 40521170.62389999628067, 3532307.34529999922961 ], [ 40521171.597900003194809, 3532307.560499998740852 ], [ 40521172.570500001311302, 3532307.781499999575317 ], [ 40521173.541500002145767, 3532308.008499999530613 ], [ 40521174.510899998247623, 3532308.241899998858571 ], [ 40521175.478500001132488, 3532308.48189999954775 ], [ 40521176.444300003349781, 3532308.728699999395758 ], [ 40521183.321315594017506, 3532310.509950757026672 ], [ 40521190.199596405029297, 3532312.286300599575043 ], [ 40521197.079143516719341, 3532314.057748198043555 ], [ 40521203.959951393306255, 3532315.824292897712439 ], [ 40521210.842014312744141, 3532317.58593362569809 ], [ 40521217.725332088768482, 3532319.342669606208801 ], [ 40521224.609899997711182, 3532321.094500000588596 ], [ 40521243.274300001561642, 3532307.38689999980852 ], [ 40521244.355700001120567, 3532287.926699999719858 ], [ 40521236.1981, 3532285.889499998185784 ], [ 40521224.544299997389317, 3532282.979299999773502 ], [ 40521202.812299996614456, 3532277.552299999631941 ] ] ] ] } },
{ "type": "Feature", "properties": { "OBJECTID": 17169, "DKBH": "ZC-CZ-B03-16", "YDDM": "B1", "DKMJ": 18353.2, "YDJRX": "A、B、S、G", "RJL": "≤4.5", "JZMD": "≤50%", "LDL": "≥20%", "JDCW": "0.5个/100㎡", "DTSTZB": " ", "CSSJZB": " ", "REMARK": " ", "PLANNAME": "《江阴市中心城区主城控制性详细规划》滨江路沿线地块更正", "PLANDATE": "2022-01-17T00:00:00Z", "PLANUNIT": "江阴市城乡规划设计院", "PASSDATE": "2022-01-21T00:00:00Z", "STARTTIME": "2022-02-14T14:48:18Z", "FGUID": null, "CADNAME": "03B1商业用地", "DXKJKF": " ", "YDXZ": "商业用地", "FTZMC": "ZC-CZ-B03-01-28.dwg", "JZGD": "/", "JC": null, "SHAPE_Length": 554.34704236626669, "SHAPE_Area": 18353.479374513867 }, "geometry": { "type": "MultiPolygon", "coordinates": [ [ [ [ 40523386.7835, 3532033.193699999246746 ], [ 40523319.427500002086163, 3532019.675099999643862 ], [ 40523300.169699996709824, 3532031.864900000393391 ], [ 40523288.73309999704361, 3532077.783699999097735 ], [ 40523284.878700003027916, 3532107.740499999839813 ], [ 40523282.91669999808073, 3532115.618099999148399 ], [ 40523455.291299998760223, 3532153.838299998547882 ], [ 40523480.647299997508526, 3532052.032299999613315 ], [ 40523386.7835, 3532033.193699999246746 ] ] ] ] } },
{ "type": "Feature", "properties": { "OBJECTID": 17233, "DKBH": "ZC-CZ-B04-36", "YDDM": "R2", "DKMJ": 36841.4, "YDJRX": "A、B、S、G", "RJL": "1.2-3.5", "JZMD": "≤30%", "LDL": "≥30%", "JDCW": "0.8个/100M2", "DTSTZB": " ", "CSSJZB": " ", "REMARK": " ", "PLANNAME": "《江阴市中心城区主城控制性详细规划》（城西片区）调整", "PLANDATE": "2022-06-15T00:00:00Z", "PLANUNIT": "江阴市城乡规划设计院", "PASSDATE": "2022-07-15T00:00:00Z", "STARTTIME": "2022-08-03T16:39:42Z", "FGUID": null, "CADNAME": "01R2二类居住用地", "DXKJKF": " ", "YDXZ": "二类居住用地", "FTZMC": "ZC-CZ-B04-14-39.dwg", "JZGD": "/", "JC": null, "SHAPE_Length": 792.30278491093031, "SHAPE_Area": 36841.37180074145 }, "geometry": { "type": "MultiPolygon", "coordinates": [ [ [ [ 40522415.401699997484684, 3530034.6505 ], [ 40522356.7311, 3530022.087099999189377 ], [ 40522335.278499998152256, 3530036.326699999626726 ], [ 40522324.7275, 3530091.83229999942705 ], [ 40522317.5541, 3530110.827099999878556 ], [ 40522316.1963, 3530117.968500000424683 ], [ 40522312.164700001478195, 3530157.9189 ], [ 40522293.4899, 3530256.16069999942556 ], [ 40522306.583700001239777, 3530276.92729999916628 ], [ 40522364.601099997758865, 3530292.2259 ], [ 40522383.047899998724461, 3530300.709699999541044 ], [ 40522420.690700002014637, 3530310.635699999053031 ], [ 40522480.7315, 3530045.060699999798089 ], [ 40522445.469700001180172, 3530037.5099 ], [ 40522415.401699997484684, 3530034.6505 ] ] ] ] } },
{ "type": "Feature", "properties": { "OBJECTID": 17234, "DKBH": "ZC-CZ-B02-03", "YDDM": "R2", "DKMJ": 96844.1, "YDJRX": "A、B、S、G", "RJL": "≤2.8", "JZMD": "≤30%", "LDL": "≥35%", "JDCW": "0.8个/100㎡", "DTSTZB": " ", "CSSJZB": " ", "REMARK": " ", "PLANNAME": "《江阴市中心城区主城控制性详细规划》（城西片区）调整", "PLANDATE": "2022-06-15T00:00:00Z", "PLANUNIT": "江阴市城乡规划设计院", "PASSDATE": "2022-07-15T00:00:00Z", "STARTTIME": "2022-08-03T16:39:42Z", "FGUID": null, "CADNAME": "01R2二类居住用地", "DXKJKF": " ", "YDXZ": "二类居住用地", "FTZMC": "ZC-CZ-B02-01-21.dwg", "JZGD": "/", "JC": null, "SHAPE_Length": 1377.5988443503929, "SHAPE_Area": 96844.061477948082 }, "geometry": { "type": "MultiPolygon", "coordinates": [ [ [ [ 40521859.782899998128414, 3531929.126899999100715 ], [ 40521765.597900003194809, 3531908.105299999006093 ], [ 40521741.4023, 3532411.365100000519305 ], [ 40521917.063100002706051, 3532447.11009999923408 ], [ 40521918.209700003266335, 3532436.355499998666346 ], [ 40521924.570500001311302, 3532376.693099999800324 ], [ 40521930.171099998056889, 3532357.176499999593943 ], [ 40521961.486900001764297, 3532063.4411 ], [ 40521962.247299998998642, 3532023.295099998358637 ], [ 40521967.547899998724461, 3531973.576299999374896 ], [ 40521953.181900002062321, 3531953.559299998451024 ], [ 40521888.300300002098083, 3531939.077899998985231 ], [ 40521859.782899998128414, 3531929.126899999100715 ] ] ] ] } },
{ "type": "Feature", "properties": { "OBJECTID": 17236, "DKBH": "ZC-CZ-B03-23", "YDDM": "R2", "DKMJ": 32113.3, "YDJRX": "A、B、S、G", "RJL": "≤2.5", "JZMD": "≤30%", "LDL": "≥30%", "JDCW": "0.6个/100M2", "DTSTZB": " ", "CSSJZB": " ", "REMARK": " ", "PLANNAME": "《江阴市中心城区主城控制性详细规划》（城西片区）调整", "PLANDATE": "2022-06-15T00:00:00Z", "PLANUNIT": "江阴市城乡规划设计院", "PASSDATE": "2022-07-15T00:00:00Z", "STARTTIME": "2022-08-03T16:39:42Z", "FGUID": null, "CADNAME": "01R2二类居住用地", "DXKJKF": " ", "YDXZ": "二类居住用地", "FTZMC": "ZC-CZ-B03-01-28.dwg", "JZGD": "/", "JC": null, "SHAPE_Length": 822.27230188161229, "SHAPE_Area": 32113.349341469169 }, "geometry": { "type": "MultiPolygon", "coordinates": [ [ [ [ 40523634.4441, 3532013.790500000119209 ], [ 40523663.606700003147125, 3531928.996500000357628 ], [ 40523669.710299998521805, 3531911.249899999704212 ], [ 40523676.008699998259544, 3531892.936499999370426 ], [ 40523532.9525, 3531849.2148999995552 ], [ 40523505.1761, 3531957.090499999467283 ], [ 40523416.80290000140667, 3531934.851499999407679 ], [ 40523399.908299997448921, 3532001.987899999599904 ], [ 40523405.9379, 3532011.539299999829382 ], [ 40523486.377700001001358, 3532027.683699999470264 ], [ 40523620.348300002515316, 3532054.571700000204146 ], [ 40523634.4441, 3532013.790500000119209 ] ] ] ] } },
{ "type": "Feature", "properties": { "OBJECTID": 17252, "DKBH": "ZC-CZ-B05-06", "YDDM": "R2", "DKMJ": 41206.4, "YDJRX": "A、B、S、G", "RJL": "≤2.5", "JZMD": "≤30%", "LDL": "≥30%", "JDCW": "0.6个/100㎡", "DTSTZB": " ", "CSSJZB": " ", "REMARK": " ", "PLANNAME": "《江阴市中心城区主城控制性详细规划》（城西片区）调整", "PLANDATE": "2022-06-15T00:00:00Z", "PLANUNIT": "江阴市城乡规划设计院", "PASSDATE": "2022-07-15T00:00:00Z", "STARTTIME": "2022-08-03T16:39:42Z", "FGUID": null, "CADNAME": "01R2二类居住用地", "DXKJKF": " ", "YDXZ": "二类居住用地", "FTZMC": "ZC-CZ-B05-01-18.dwg", "JZGD": "/", "JC": null, "SHAPE_Length": 818.18817192556685, "SHAPE_Area": 41206.373789969104 }, "geometry": { "type": "MultiPolygon", "coordinates": [ [ [ [ 40523440.283299997448921, 3531236.619699998293072 ], [ 40523186.323299996554852, 3531191.507299999240786 ], [ 40523163.482900001108646, 3531331.265499999281019 ], [ 40523170.521300002932549, 3531342.469699999317527 ], [ 40523302.985299997031689, 3531381.564499999396503 ], [ 40523332.749300003051758, 3531386.699699998833239 ], [ 40523386.205700002610683, 3531402.476499999407679 ], [ 40523407.2593, 3531389.975099999457598 ], [ 40523419.890299998223782, 3531331.3191 ], [ 40523440.283299997448921, 3531236.619699998293072 ] ] ] ] } },
{ "type": "Feature", "properties": { "OBJECTID": 17255, "DKBH": "ZC-CZ-B04-35", "YDDM": "R2", "DKMJ": 100273.5, "YDJRX": "A、B、S、G", "RJL": "1.2-3.5", "JZMD": "≤30%", "LDL": "≥30%", "JDCW": "0.8个/100M2", "DTSTZB": " ", "CSSJZB": " ", "REMARK": " ", "PLANNAME": "《江阴市中心城区主城控制性详细规划》（城西片区）调整", "PLANDATE": "2022-06-15T00:00:00Z", "PLANUNIT": "江阴市城乡规划设计院", "PASSDATE": "2022-07-15T00:00:00Z", "STARTTIME": "2022-08-03T16:39:42Z", "FGUID": null, "CADNAME": "01R2二类居住用地", "DXKJKF": " ", "YDXZ": "二类居住用地", "FTZMC": "ZC-CZ-B04-14-39.dwg", "JZGD": "/", "JC": null, "SHAPE_Length": 1267.8670218296995, "SHAPE_Area": 100273.57796943455 }, "geometry": { "type": "MultiPolygon", "coordinates": [ [ [ [ 40521953.6633, 3529935.775699999649078 ], [ 40521894.9929, 3529923.212099999655038 ], [ 40521886.23309999704361, 3529929.953299998771399 ], [ 40521884.242299996316433, 3529971.358899999875575 ], [ 40521879.785899996757507, 3529991.168100000359118 ], [ 40521876.2469, 3530064.776100000366569 ], [ 40521878.302299998700619, 3530094.909900000318885 ], [ 40521875.420900002121925, 3530154.8413 ], [ 40521883.045699998736382, 3530165.244899999815971 ], [ 40521937.602899998426437, 3530179.630899999756366 ], [ 40521956.0497, 3530188.1149 ], [ 40522058.49549999833107, 3530215.128700000233948 ], [ 40522089.863300003111362, 3530223.400100000668317 ], [ 40522129.433899998664856, 3530230.214700000360608 ], [ 40522226.129699997603893, 3530255.712300000246614 ], [ 40522248.402500003576279, 3530241.668700000271201 ], [ 40522258.952299997210503, 3530186.170499999541789 ], [ 40522266.1259, 3530167.175699998624623 ], [ 40522272.815499998629093, 3530131.98509999923408 ], [ 40522274.9793, 3530101.859099999535829 ], [ 40522289.9195, 3530023.265699999406934 ], [ 40522277.9375, 3530005.214500000234693 ], [ 40522237.357900001108646, 3529996.524899997748435 ], [ 40522218.534100003540516, 3529988.91469999961555 ], [ 40522087.640500001609325, 3529960.885699999053031 ], [ 40521978.842299997806549, 3529937.587899999227375 ], [ 40521953.6633, 3529935.775699999649078 ] ] ] ] } },
{ "type": "Feature", "properties": { "OBJECTID": 17376, "DKBH": "ZC-CZ-B05-11", "YDDM": "R2", "DKMJ": 43686.2, "YDJRX": "A、B、S、G", "RJL": "1.2-3.0", "JZMD": "≤30%", "LDL": "≥30%", "JDCW": "0.6个/100㎡", "DTSTZB": " ", "CSSJZB": " ", "REMARK": " ", "PLANNAME": "《江阴市中心城区主城控制性详细规划》（城西片区）调整", "PLANDATE": "2022-06-15T00:00:00Z", "PLANUNIT": "江阴市城乡规划设计院", "PASSDATE": "2022-07-15T00:00:00Z", "STARTTIME": "2022-08-03T16:39:42Z", "FGUID": null, "CADNAME": "01R2二类居住用地", "DXKJKF": " ", "YDXZ": "二类居住用地", "FTZMC": "ZC-CZ-B05-01-18.dwg", "JZGD": "/", "JC": null, "SHAPE_Length": 865.06378303878705, "SHAPE_Area": 43686.214543274538 }, "geometry": { "type": "MultiPolygon", "coordinates": [ [ [ [ 40523250.76070000231266, 3530800.387699999380857 ], [ 40523215.2246999964118, 3530791.612099999561906 ], [ 40523207.289899997413158, 3530797.692500000353903 ], [ 40523204.163900002837181, 3530946.523299999535084 ], [ 40523210.445699997246265, 3530953.861100000794977 ], [ 40523476.241700001060963, 3530989.615699999500066 ], [ 40523490.299500003457069, 3530979.149500000290573 ], [ 40523498.3657, 3530928.240299999713898 ], [ 40523501.256899997591972, 3530909.993300000671297 ], [ 40523502.204099997878075, 3530871.5743 ], [ 40523490.377899996936321, 3530856.075899999123067 ], [ 40523411.042099997401237, 3530836.449499999638647 ], [ 40523271.010899998247623, 3530801.80790000082925 ], [ 40523250.76070000231266, 3530800.387699999380857 ] ] ] ] } },
{ "type": "Feature", "properties": { "OBJECTID": 17377, "DKBH": "ZC-CZ-A02-10", "YDDM": "U21", "DKMJ": 179700.3, "YDJRX": " ", "RJL": "≤0.6", "JZMD": "≤35%", "LDL": "≥30%", "JDCW": " ", "DTSTZB": " ", "CSSJZB": " ", "REMARK": " ", "PLANNAME": "《江阴市中心城区主城控制性详细规划》滨江路沿线地块更正", "PLANDATE": "2022-01-17T00:00:00Z", "PLANUNIT": "江阴市城乡规划设计院", "PASSDATE": "2022-01-21T00:00:00Z", "STARTTIME": "2022-02-14T14:48:18Z", "FGUID": null, "CADNAME": "07U21排水用地", "DXKJKF": " ", "YDXZ": "排水用地", "FTZMC": "ZC-CZ-A02-09-42.dwg", "JZGD": "/", "JC": null, "SHAPE_Length": 1697.9688097302178, "SHAPE_Area": 179692.95214319535 }, "geometry": { "type": "MultiPolygon", "coordinates": [ [ [ [ 40520053.408299997448921, 3531993.527499999850988 ], [ 40520031.99889999628067, 3531987.9685 ], [ 40520033.6519, 3531998.684299999848008 ], [ 40520035.2227, 3532013.119899999815971 ], [ 40520036.048500001430511, 3532027.617299999576062 ], [ 40520036.1266999989748, 3532042.1381 ], [ 40520035.457099996507168, 3532056.643499999772757 ], [ 40520034.04169999808073, 3532071.095300000160933 ], [ 40520031.883900001645088, 3532085.4551 ], [ 40520028.9899, 3532099.684699999168515 ], [ 40520025.3671, 3532113.746300000231713 ], [ 40520021.024899996817112, 3532127.602900000754744 ], [ 40520015.9753, 3532141.217499999795109 ], [ 40520010.231299996376038, 3532154.554099999368191 ], [ 40520003.808300003409386, 3532167.577299999073148 ], [ 40519996.723499998450279, 3532180.2525 ], [ 40519992.3503, 3532190.1135 ], [ 40519988.54730000346899, 3532200.2081 ], [ 40519984.982299998402596, 3532211.77489999961108 ], [ 40519982.173100002110004, 3532223.54829999897629 ], [ 40519980.131499998271465, 3532235.478499999735504 ], [ 40519978.866099998354912, 3532247.515899999532849 ], [ 40519978.382299996912479, 3532259.61009999923408 ], [ 40519978.60809999704361, 3532282.857300000265241 ], [ 40519979.630900003015995, 3532306.083300000522286 ], [ 40519981.449100002646446, 3532329.260499999858439 ], [ 40519984.061099998652935, 3532352.361700000241399 ], [ 40519987.4635, 3532375.359899999108166 ], [ 40519991.6523, 3532398.227899999823421 ], [ 40519994.3935, 3532422.3767 ], [ 40519996.8235, 3532446.558699999470264 ], [ 40520450.142099998891354, 3532484.104500000365078 ], [ 40520456.44650000333786, 3532256.812099998816848 ], [ 40520453.502099998295307, 3532236.722500000614673 ], [ 40520455.2205, 3532174.767100000288337 ], [ 40520271.786300003528595, 3532084.142900000326335 ], [ 40520204.642300002276897, 3532050.970899999607354 ], [ 40520181.420500002801418, 3532039.934699999168515 ], [ 40520157.873499996960163, 3532029.609899998642504 ], [ 40520137.372699998319149, 3532021.304299999028444 ], [ 40520116.6615, 3532013.538099999073893 ], [ 40520095.754100002348423, 3532006.316700000315905 ], [ 40520074.664899997413158, 3531999.644899999722838 ], [ 40520053.408299997448921, 3531993.527499999850988 ] ] ] ] } },
{ "type": "Feature", "properties": { "OBJECTID": 17380, "DKBH": "ZC-CZ-C03-30", "YDDM": "U32", "DKMJ": 436.8, "YDJRX": " ", "RJL": "≤0.8", "JZMD": "≤40%", "LDL": "≥15%", "JDCW": " ", "DTSTZB": " ", "CSSJZB": " ", "REMARK": " ", "PLANNAME": "《江阴市中心城区主城控制性详细规划》滨江路沿线地块更正", "PLANDATE": "2022-01-17T00:00:00Z", "PLANUNIT": "江阴市城乡规划设计院", "PASSDATE": "2022-01-21T00:00:00Z", "STARTTIME": "2022-02-14T14:48:18Z", "FGUID": null, "CADNAME": "07U32防洪用地", "DXKJKF": " ", "YDXZ": "防洪用地", "FTZMC": "ZC-CZ-C03-18-33.dwg", "JZGD": "/", "JC": null, "SHAPE_Length": 94.376367968647031, "SHAPE_Area": 436.801266089129 }, "geometry": { "type": "MultiPolygon", "coordinates": [ [ [ [ 40524216.589500002563, 3532200.902700000442564 ], [ 40524216.2769, 3532186.512500000186265 ], [ 40524200.77589999884367, 3532188.521499999333173 ], [ 40524185.294100001454353, 3532183.517300000414252 ], [ 40524183.179700002074242, 3532197.598099999129772 ], [ 40524208.931500002741814, 3532201.939299999270588 ], [ 40524216.589500002563, 3532200.902700000442564 ] ] ] ] } },
{ "type": "Feature", "properties": { "OBJECTID": 17406, "DKBH": "ZC-CZ-B05-42", "YDDM": "R2", "DKMJ": 29995.0, "YDJRX": "A、B、S、G", "RJL": "1.2-3.0", "JZMD": "≤30%", "LDL": "≥30%", "JDCW": "0.6个/100㎡", "DTSTZB": " ", "CSSJZB": " ", "REMARK": " ", "PLANNAME": "《江阴市中心城区主城控制性详细规划》（城西片区）调整", "PLANDATE": "2022-06-15T00:00:00Z", "PLANUNIT": "江阴市城乡规划设计院", "PASSDATE": "2022-07-15T00:00:00Z", "STARTTIME": "2022-08-03T16:39:42Z", "FGUID": null, "CADNAME": "01R2二类居住用地", "DXKJKF": " ", "YDXZ": "二类居住用地", "FTZMC": "ZC-CZ-B05-19-52.dwg", "JZGD": "/", "JC": null, "SHAPE_Length": 735.55298510456191, "SHAPE_Area": 29994.959355525662 }, "geometry": { "type": "MultiPolygon", "coordinates": [ [ [ [ 40523658.906099997460842, 3530744.906499999109656 ], [ 40523569.971500001847744, 3530726.977699999697506 ], [ 40523548.867299996316433, 3530743.82149999961257 ], [ 40523547.140699997544289, 3530813.800099999178201 ], [ 40523542.9063, 3530843.499900000169873 ], [ 40523541.175300002098083, 3530913.659699999727309 ], [ 40523530.1219, 3530983.42189999949187 ], [ 40523539.397699996829033, 3530994.526299998629838 ], [ 40523642.258900001645088, 3530996.769699999596924 ], [ 40523650.0511, 3530989.438900000415742 ], [ 40523652.637900002300739, 3530923.445099999196827 ], [ 40523653.20885381102562, 3530910.882034423295408 ], [ 40523653.936500549316406, 3530898.327069938182831 ], [ 40523654.82072638720274, 3530885.782160758506507 ], [ 40523655.861394874751568, 3530873.249259471427649 ], [ 40523657.058338165283203, 3530860.730316817760468 ], [ 40523658.411377996206284, 3530848.227281572762877 ], [ 40523659.9203, 3530835.74210000038147 ], [ 40523669.582500003278255, 3530759.776899999473244 ], [ 40523658.906099997460842, 3530744.906499999109656 ] ] ] ] } },
{ "type": "Feature", "properties": { "OBJECTID": 17560, "DKBH": "ZC-CZ-B05-10", "YDDM": "RB", "DKMJ": 29619.1, "YDJRX": "A、B、S、U、G", "RJL": "1.2-3.5", "JZMD": "≤40%", "LDL": "≥25%", "JDCW": "0.7个/100㎡", "DTSTZB": " ", "CSSJZB": " ", "REMARK": " ", "PLANNAME": "《江阴市中心城区主城控制性详细规划》（城西片区）调整", "PLANDATE": "2022-06-15T00:00:00Z", "PLANUNIT": "江阴市城乡规划设计院", "PASSDATE": "2022-07-15T00:00:00Z", "STARTTIME": "2022-08-03T16:39:42Z", "FGUID": null, "CADNAME": "01RB商住混合用地", "DXKJKF": " ", "YDXZ": "商住混合用地", "FTZMC": "ZC-CZ-B05-01-18.dwg", "JZGD": "/", "JC": null, "SHAPE_Length": 732.45823737999933, "SHAPE_Area": 29619.13189579629 }, "geometry": { "type": "MultiPolygon", "coordinates": [ [ [ [ 40523473.3495, 3531009.406899999827147 ], [ 40523211.6497, 3530974.203299998771399 ], [ 40523203.4349, 3530981.236299999523908 ], [ 40523202.864500001072884, 3531008.384699999820441 ], [ 40523201.800700001418591, 3531059.027099999133497 ], [ 40523217.0999, 3531078.866699999198318 ], [ 40523262.2971, 3531089.7355 ], [ 40523283.1417, 3531094.445300000254065 ], [ 40523304.1083, 3531098.578499999828637 ], [ 40523325.1809, 3531102.13190000038594 ], [ 40523346.343500003218651, 3531105.1031 ], [ 40523367.579899996519089, 3531107.489699999801815 ], [ 40523388.8741, 3531109.289900000207126 ], [ 40523448.8063, 3531113.525099999736995 ], [ 40523472.896899998188019, 3531094.241699999663979 ], [ 40523483.656900003552437, 3531023.152300000190735 ], [ 40523473.3495, 3531009.406899999827147 ] ] ] ] } },
{ "type": "Feature", "properties": { "OBJECTID": 17563, "DKBH": "ZC-CZ-A01-10", "YDDM": "G2", "DKMJ": 29342.2, "YDJRX": " ", "RJL": " ", "JZMD": " ", "LDL": "≥80%", "JDCW": " ", "DTSTZB": " ", "CSSJZB": " ", "REMARK": " ", "PLANNAME": "《江阴市中心城区主城控制性详细规划》滨江路沿线地块更正", "PLANDATE": "2022-01-17T00:00:00Z", "PLANUNIT": "江阴市城乡规划设计院", "PASSDATE": "2022-01-21T00:00:00Z", "STARTTIME": "2022-02-14T14:48:18Z", "FGUID": null, "CADNAME": "08G2防护绿地", "DXKJKF": " ", "YDXZ": "防护绿地", "FTZMC": "ZC-CZ-A01-01-10.dwg", "JZGD": "/", "JC": null, "SHAPE_Length": 2016.9934303059222, "SHAPE_Area": 29342.237824355019 }, "geometry": { "type": "MultiPolygon", "coordinates": [ [ [ [ 40519870.155900001525879, 3531934.462500000372529 ], [ 40519593.298299998044968, 3531921.857299999333918 ], [ 40519591.244499996304512, 3531951.795099998824298 ], [ 40519868.791299998760223, 3531964.431899999734014 ], [ 40519875.599919326603413, 3531964.769439454656094 ], [ 40519882.405593864619732, 3531965.161895095836371 ], [ 40519889.207880012691021, 3531965.609241604339331 ], [ 40519896.006336204707623, 3531966.11144983721897 ], [ 40519902.800519935786724, 3531966.668487011920661 ], [ 40519909.589987762272358, 3531967.280317063909024 ], [ 40519916.374300003051758, 3531967.946899999398738 ], [ 40519917.499499998986721, 3532001.800099999643862 ], [ 40519919.556482218205929, 3532013.273720622528344 ], [ 40519920.8011474609375, 3532024.863627970218658 ], [ 40519921.227331154048443, 3532036.512383937370032 ], [ 40519920.832918159663677, 3532048.162258743774146 ], [ 40519919.619863502681255, 3532059.755517243873328 ], [ 40519917.594179145991802, 3532071.234704970847815 ], [ 40519914.76590346544981, 3532082.542932390701026 ], [ 40519911.149055473506451, 3532093.624157547485083 ], [ 40519906.761556625366211, 3532104.423463404178619 ], [ 40519901.62515439838171, 3532114.887329936493188 ], [ 40519895.765299998223782, 3532124.963899999856949 ], [ 40519887.28972614556551, 3532143.065771460067481 ], [ 40519879.971473686397076, 3532161.665671884547919 ], [ 40519873.83962058275938, 3532180.689696788322181 ], [ 40519868.918535225093365, 3532200.06225550128147 ], [ 40519865.227766029536724, 3532219.706373154651374 ], [ 40519862.781982310116291, 3532239.543995737563819 ], [ 40519861.590899996459484, 3532259.49629999930039 ], [ 40519860.523207239806652, 3532282.540465355850756 ], [ 40519860.38685417175293, 3532305.60894900560379 ], [ 40519861.182069770991802, 3532328.664125442039222 ], [ 40519862.907550804316998, 3532351.668391227256507 ], [ 40519865.560483932495117, 3532374.584225475788116 ], [ 40519869.136545710265636, 3532397.374252081848681 ], [ 40519873.6299, 3532420.001300000119954 ], [ 40519877.803418673574924, 3532443.152829288970679 ], [ 40519881.201213829219341, 3532466.430856525432318 ], [ 40519883.81949233263731, 3532489.80939757777378 ], [ 40519885.655330650508404, 3532513.262355923186988 ], [ 40519886.706682197749615, 3532536.763552009593695 ], [ 40519886.972369708120823, 3532560.286752819549292 ], [ 40519886.452100001275539, 3532583.805699998978525 ], [ 40519916.358900003135204, 3532578.991899999789894 ], [ 40519916.953100003302097, 3532563.109899998642504 ], [ 40519916.833499997854233, 3532541.660299999639392 ], [ 40519916.087300002574921, 3532520.223499999847263 ], [ 40519914.71509999781847, 3532498.817500000353903 ], [ 40519912.718099996447563, 3532477.46070000063628 ], [ 40519910.0981, 3532456.171299999579787 ], [ 40519906.857100002467632, 3532434.967500000726432 ], [ 40519902.998099997639656, 3532413.867700000759214 ], [ 40519899.194700002670288, 3532395.010299998801202 ], [ 40519896.063900001347065, 3532376.0299 ], [ 40519893.609499998390675, 3532356.9501 ], [ 40519891.834700003266335, 3532337.79509999928996 ], [ 40519890.741899996995926, 3532318.589100000448525 ], [ 40519890.3323, 3532299.356700000353158 ], [ 40519890.6065, 3532280.121500000357628 ], [ 40519891.564099997282028, 3532260.908299999777228 ], [ 40519892.2905, 3532246.933500000741333 ], [ 40519893.6923, 3532233.010099999606609 ], [ 40519895.7659, 3532219.17090000025928 ], [ 40519898.506499998271465, 3532205.448099999222904 ], [ 40519901.907700002193451, 3532191.873899999540299 ], [ 40519905.961499996483326, 3532178.4803 ], [ 40519910.658699996769428, 3532165.298299999441952 ], [ 40519915.9877, 3532152.3591 ], [ 40519921.936700001358986, 3532139.6927 ], [ 40519928.039300002157688, 3532129.05849999981001 ], [ 40519933.467500001192093, 3532118.064699999056756 ], [ 40519938.2003, 3532106.754300000146031 ], [ 40519942.218900002539158, 3532095.170699999667704 ], [ 40519945.508100003004074, 3532083.359299999196082 ], [ 40519948.054899998009205, 3532071.3659 ], [ 40519949.849299997091293, 3532059.237099999096245 ], [ 40519950.884499996900558, 3532047.019899998791516 ], [ 40519951.1567, 3532034.762100000400096 ], [ 40519950.664300002157688, 3532022.51130000082776 ], [ 40519949.409699998795986, 3532010.314899999648333 ], [ 40519947.3975, 3531998.220099999569356 ], [ 40519945.5009, 3531941.165499999653548 ], [ 40519920.456299997866154, 3531938.181100000627339 ], [ 40519895.33389999717474, 3531935.946100000292063 ], [ 40519870.155900001525879, 3531934.462500000372529 ] ] ] ] } },
{ "type": "Feature", "properties": { "OBJECTID": 17656, "DKBH": "ZC-CZ-C06-04", "YDDM": "G2", "DKMJ": 2733.8, "YDJRX": " ", "RJL": " ", "JZMD": " ", "LDL": "≥80%", "JDCW": " ", "DTSTZB": " ", "CSSJZB": " ", "REMARK": " ", "PLANNAME": "《江阴市中心城区主城控制性详细规划》滨江路沿线地块更正", "PLANDATE": "2022-01-17T00:00:00Z", "PLANUNIT": "江阴市城乡规划设计院", "PASSDATE": "2022-01-21T00:00:00Z", "STARTTIME": "2022-02-14T14:48:18Z", "FGUID": null, "CADNAME": "08G2防护绿地", "DXKJKF": " ", "YDXZ": "防护绿地", "FTZMC": "ZC-CZ-C06-04-16.dwg", "JZGD": "/", "JC": null, "SHAPE_Length": 608.85008869524597, "SHAPE_Area": 2739.9917694832388 }, "geometry": { "type": "MultiPolygon", "coordinates": [ [ [ [ 40524201.362899996340275, 3531964.44730000058189 ], [ 40524199.601499997079372, 3531956.428900000173599 ], [ 40524190.496299996972084, 3532015.464100000448525 ], [ 40524434.891500003635883, 3532090.574499999638647 ], [ 40524435.451899997889996, 3532090.563299999572337 ], [ 40524436.002700001001358, 3532090.4589 ], [ 40524436.528499998152256, 3532090.264499999117106 ], [ 40524437.014700002968311, 3532089.985299999359995 ], [ 40524437.447700001299381, 3532089.62929999968037 ], [ 40524437.815499998629093, 3532089.206299999263138 ], [ 40524438.107900001108646, 3532088.727899999823421 ], [ 40524438.316699996590614, 3532088.207700000144541 ], [ 40524438.436099998652935, 3532087.659899999853224 ], [ 40524438.462899997830391, 3532087.1001 ], [ 40524438.3961, 3532086.543499998748302 ], [ 40524438.2377, 3532086.00569999916479 ], [ 40524437.992299996316433, 3532085.5016999989748 ], [ 40524437.666500002145767, 3532085.045499999541789 ], [ 40524437.269299998879433, 3532084.649900000542402 ], [ 40524436.811899997293949, 3532084.3257 ], [ 40524266.812700003385544, 3532032.419099999126047 ], [ 40524259.069700002670288, 3532029.691700000315905 ], [ 40524251.584700003266335, 3532026.319100000429899 ], [ 40524244.411899998784065, 3532022.325899998657405 ], [ 40524237.6025, 3532017.740299998782575 ], [ 40524231.2051, 3532012.595300000626594 ], [ 40524225.265699997544289, 3532006.927899999078363 ], [ 40524219.826899997889996, 3532000.778699999209493 ], [ 40524214.927299998700619, 3531994.191499999724329 ], [ 40524210.6025, 3531987.213499999139458 ], [ 40524206.8829, 3531979.894899999722838 ], [ 40524203.795699998736382, 3531972.287899999413639 ], [ 40524201.362899996340275, 3531964.44730000058189 ] ] ] ] } },
{ "type": "Feature", "properties": { "OBJECTID": 17657, "DKBH": "ZC-CZ-C03-33", "YDDM": "G2", "DKMJ": 2265.0, "YDJRX": " ", "RJL": " ", "JZMD": " ", "LDL": "≥80%", "JDCW": " ", "DTSTZB": " ", "CSSJZB": " ", "REMARK": " ", "PLANNAME": "《江阴市中心城区主城控制性详细规划》滨江路沿线地块更正", "PLANDATE": "2022-01-17T00:00:00Z", "PLANUNIT": "江阴市城乡规划设计院", "PASSDATE": "2022-01-21T00:00:00Z", "STARTTIME": "2022-02-14T14:48:18Z", "FGUID": null, "CADNAME": "08G2防护绿地", "DXKJKF": " ", "YDXZ": "防护绿地", "FTZMC": "ZC-CZ-C03-18-33.dwg", "JZGD": "/", "JC": null, "SHAPE_Length": 279.81178339469039, "SHAPE_Area": 2275.2581225373701 }, "geometry": { "type": "MultiPolygon", "coordinates": [ [ [ [ 40524256.963299997150898, 3532065.198900000657886 ], [ 40524256.79730000346899, 3532065.190899999812245 ], [ 40524256.632299996912479, 3532065.210499999579042 ], [ 40524256.4727, 3532065.257299999240786 ], [ 40524256.322899997234344, 3532065.32969999872148 ], [ 40524256.1875, 3532065.426100000273436 ], [ 40524256.069700002670288, 3532065.543499998748302 ], [ 40524255.9731, 3532065.678699999582022 ], [ 40524255.9001, 3532065.828099998179823 ], [ 40524255.853100001811981, 3532065.987700000870973 ], [ 40524255.833099998533726, 3532066.152700000442564 ], [ 40524255.8407, 3532066.318899999372661 ], [ 40524255.875699996948242, 3532066.481299999635667 ], [ 40524255.9371, 3532066.635900000110269 ], [ 40524256.0233, 3532066.778099998831749 ], [ 40524256.131899997591972, 3532066.903899999801069 ], [ 40524260.1893, 3532071.369499999564141 ], [ 40524263.708700001239777, 3532076.270099999848753 ], [ 40524266.644100002944469, 3532081.541299999691546 ], [ 40524268.956699997186661, 3532087.114100000821054 ], [ 40524270.616099998354912, 3532092.914900000207126 ], [ 40524271.600500002503395, 3532098.867499999701977 ], [ 40524271.896700002253056, 3532104.893700000364333 ], [ 40524271.501500003039837, 3532110.91429999936372 ], [ 40524270.419299997389317, 3532116.849899999797344 ], [ 40524268.664700001478195, 3532122.622700000181794 ], [ 40524266.260899998247623, 3532128.156499999575317 ], [ 40524263.23929999768734, 3532133.379099999554455 ], [ 40524263.157300002872944, 3532133.530499999411404 ], [ 40524263.1025, 3532133.693900000303984 ], [ 40524263.076499998569489, 3532133.864299999549985 ], [ 40524263.080300003290176, 3532134.036500000394881 ], [ 40524263.1135, 3532134.205499999690801 ], [ 40524263.17509999871254, 3532134.366499999072403 ], [ 40524263.26349999755621, 3532134.514299999456853 ], [ 40524263.37610000371933, 3532134.644699999596924 ], [ 40524263.5093, 3532134.754099999088794 ], [ 40524263.6593, 3532134.838899999391288 ], [ 40524263.8217, 3532134.896700000856072 ], [ 40524263.991499997675419, 3532134.925699998158962 ], [ 40524264.1637, 3532134.92509999871254 ], [ 40524264.33330000191927, 3532134.895099999848753 ], [ 40524264.495300002396107, 3532134.8363 ], [ 40524264.64469999819994, 3532134.750499999616295 ], [ 40524264.7773, 3532134.64049999974668 ], [ 40524272.0291, 3532127.997699999716133 ], [ 40524279.756899997591972, 3532121.915099999401718 ], [ 40524287.917499996721745, 3532116.426900000311434 ], [ 40524296.46509999781847, 3532111.5633 ], [ 40524305.351899996399879, 3532107.3517 ], [ 40524314.5287000015378, 3532103.815700000617653 ], [ 40524323.943899996578693, 3532100.974899999797344 ], [ 40524333.5449, 3532098.845299999695271 ], [ 40524343.278099998831749, 3532097.438699999824166 ], [ 40524353.0893, 3532096.7629 ], [ 40524353.2535, 3532096.744099999312311 ], [ 40524353.412299998104572, 3532096.698499999474734 ], [ 40524353.561300002038479, 3532096.627499999012798 ], [ 40524353.6967, 3532096.532700000796467 ], [ 40524353.8147, 3532096.417099999729544 ], [ 40524353.912100002169609, 3532096.283499999437481 ], [ 40524353.986100003123283, 3532096.13569999858737 ], [ 40524354.034699998795986, 3532095.97789999935776 ], [ 40524354.056699998676777, 3532095.814099999144673 ], [ 40524354.051299996674061, 3532095.648900000378489 ], [ 40524354.0189, 3532095.48689999897033 ], [ 40524353.960299998521805, 3532095.332499998621643 ], [ 40524353.876900002360344, 3532095.18970000045374 ], [ 40524353.771300002932549, 3532095.062699999194592 ], [ 40524353.646300002932549, 3532094.954900000244379 ], [ 40524353.5050999969244, 3532094.868900000117719 ], [ 40524353.3517, 3532094.807500000111759 ], [ 40524257.1259, 3532065.234300000127405 ], [ 40524256.963299997150898, 3532065.198900000657886 ] ] ] ] } },
{ "type": "Feature", "properties": { "OBJECTID": 17658, "DKBH": "ZC-CZ-A04-03", "YDDM": "G2", "DKMJ": 22943.0, "YDJRX": " ", "RJL": " ", "JZMD": " ", "LDL": "≥80%", "JDCW": " ", "DTSTZB": " ", "CSSJZB": " ", "REMARK": " ", "PLANNAME": "《江阴市中心城区主城控制性详细规划》滨江路沿线地块更正", "PLANDATE": "2022-01-17T00:00:00Z", "PLANUNIT": "江阴市城乡规划设计院", "PASSDATE": "2022-01-21T00:00:00Z", "STARTTIME": "2022-02-14T14:48:18Z", "FGUID": null, "CADNAME": "08G2防护绿地", "DXKJKF": " ", "YDXZ": "防护绿地", "FTZMC": "ZC-CZ-A04-01-20.dwg", "JZGD": "/", "JC": null, "SHAPE_Length": 1586.6920275939988, "SHAPE_Area": 22944.036433832149 }, "geometry": { "type": "MultiPolygon", "coordinates": [ [ [ [ 40520038.4613, 3531607.2895 ], [ 40520008.490099996328354, 3531605.823099999222904 ], [ 40519989.7377, 3531872.320499999448657 ], [ 40519987.9949000030756, 3531897.087500000372529 ], [ 40520014.1417, 3531901.997899999842048 ], [ 40520040.136699996888638, 3531907.658099998254329 ], [ 40520065.958099998533726, 3531914.063500000163913 ], [ 40520091.5845, 3531921.208899999037385 ], [ 40520116.9951, 3531929.088100000284612 ], [ 40520142.168300002813339, 3531937.694899998605251 ], [ 40520167.083700001239777, 3531947.022100000176579 ], [ 40520191.72070000320673, 3531957.06209999974817 ], [ 40520216.0585, 3531967.80629999935627 ], [ 40520240.0775, 3531979.245899999514222 ], [ 40520438.8213, 3532077.434100000187755 ], [ 40520458.244499996304512, 3532065.735699999611825 ], [ 40520458.5775, 3532053.732699999120086 ], [ 40520253.365900002419949, 3531952.349300000350922 ], [ 40520228.5365, 3531940.524099999573082 ], [ 40520203.376900002360344, 3531929.41869999980554 ], [ 40520177.907899998128414, 3531919.0425 ], [ 40520152.15089999884367, 3531909.403899999801069 ], [ 40520126.126900002360344, 3531900.511099999304861 ], [ 40520099.857699997723103, 3531892.371299999766052 ], [ 40520073.3649, 3531884.991100000217557 ], [ 40520046.670699998736382, 3531878.376899999566376 ], [ 40520019.7971, 3531872.533899999689311 ], [ 40520038.4613, 3531607.2895 ] ] ] ] } },
{ "type": "Feature", "properties": { "OBJECTID": 17668, "DKBH": "ZC-CZ-A04-05", "YDDM": "G2", "DKMJ": 4469.9, "YDJRX": " ", "RJL": " ", "JZMD": " ", "LDL": "≥80%", "JDCW": " ", "DTSTZB": " ", "CSSJZB": " ", "REMARK": " ", "PLANNAME": "《江阴市中心城区主城控制性详细规划》滨江路沿线地块更正", "PLANDATE": "2022-01-17T00:00:00Z", "PLANUNIT": "江阴市城乡规划设计院", "PASSDATE": "2022-01-21T00:00:00Z", "STARTTIME": "2022-02-14T14:48:18Z", "FGUID": null, "CADNAME": "08G2防护绿地", "DXKJKF": " ", "YDXZ": "防护绿地", "FTZMC": "ZC-CZ-A04-01-20.dwg", "JZGD": "/", "JC": null, "SHAPE_Length": 673.73558629632407, "SHAPE_Area": 4469.8570721705719 }, "geometry": { "type": "MultiPolygon", "coordinates": [ [ [ [ 40520568.610100001096725, 3532098.129099999554455 ], [ 40520505.0981, 3532071.685499999672174 ], [ 40520504.7817, 3532083.0877 ], [ 40520512.0009, 3532094.42890000063926 ], [ 40520520.803958669304848, 3532098.231307624373585 ], [ 40520529.619255058467388, 3532102.005253850948066 ], [ 40520538.446699135005474, 3532105.750699758064002 ], [ 40520547.286197654902935, 3532109.46760594798252 ], [ 40520556.137659065425396, 3532113.155933558475226 ], [ 40520565.000991597771645, 3532116.815644382033497 ], [ 40520573.87610000371933, 3532120.446700000204146 ], [ 40520574.129959456622601, 3532120.549619199708104 ], [ 40520574.384126663208008, 3532120.651776373386383 ], [ 40520574.638601295650005, 3532120.75317072821781 ], [ 40520574.893377296626568, 3532120.853801011573523 ], [ 40520575.148452758789062, 3532120.953666627407074 ], [ 40520575.403828017413616, 3532121.052766563370824 ], [ 40520575.659500002861023, 3532121.1511 ], [ 40520575.916176676750183, 3532121.248944847844541 ], [ 40520576.173128120601177, 3532121.346071183215827 ], [ 40520576.430349342525005, 3532121.442478298675269 ], [ 40520576.68783950060606, 3532121.538165568839759 ], [ 40520576.945596687495708, 3532121.63313204003498 ], [ 40520577.20361602306366, 3532121.727377145551145 ], [ 40520577.461900003254414, 3532121.820899999700487 ], [ 40520577.721157357096672, 3532121.914006713777781 ], [ 40520577.980655670166016, 3532122.006440937519073 ], [ 40520578.240396492183208, 3532122.098201870452613 ], [ 40520578.500371925532818, 3532122.189288734924048 ], [ 40520578.760580062866211, 3532122.279701173305511 ], [ 40520579.021023079752922, 3532122.369438413530588 ], [ 40520579.2817, 3532122.458499999251217 ], [ 40520579.5434175953269, 3532122.547150759957731 ], [ 40520579.805343627929688, 3532122.635176002979279 ], [ 40520580.067483894526958, 3532122.722575187217444 ], [ 40520580.329830162227154, 3532122.809347509872168 ], [ 40520580.592380523681641, 3532122.895492732524872 ], [ 40520580.855139397084713, 3532122.981010465882719 ], [ 40520581.118100002408028, 3532123.065899999346584 ], [ 40520581.382067538797855, 3532123.150490231346339 ], [ 40520581.646221153438091, 3532123.23450344754383 ], [ 40520581.91055678576231, 3532123.317939280997962 ], [ 40520582.175073616206646, 3532123.400797247420996 ], [ 40520582.439769737422466, 3532123.483076869975775 ], [ 40520582.704645968973637, 3532123.5647779176943 ], [ 40520582.969700001180172, 3532123.645900000352412 ], [ 40520583.235854886472225, 3532123.726712984964252 ], [ 40520583.50217055529356, 3532123.806998431216925 ], [ 40520583.768644325435162, 3532123.886755942832679 ], [ 40520584.035274498164654, 3532123.965985178481787 ], [ 40520584.302061073482037, 3532124.044685780536383 ], [ 40520584.569003842771053, 3532124.122857494279742 ], [ 40520584.836099997162819, 3532124.200500001199543 ], [ 40520585.104264691472054, 3532124.277933279052377 ], [ 40520585.372566215693951, 3532124.354889213573188 ], [ 40520585.641002647578716, 3532124.431367635261267 ], [ 40520585.909576408565044, 3532124.507368087302893 ], [ 40520586.178283683955669, 3532124.582890450488776 ], [ 40520586.447125867009163, 3532124.657934466376901 ], [ 40520586.7161, 3532124.7325 ], [ 40520586.986123412847519, 3532124.806865893770009 ], [ 40520587.256265632808208, 3532124.880805313121527 ], [ 40520587.526521675288677, 3532124.954318165313452 ], [ 40520587.796894066035748, 3532125.027404307853431 ], [ 40520588.067382805049419, 3532125.100063383113593 ], [ 40520588.33798536658287, 3532125.172295295167714 ], [ 40520588.6087, 3532125.244099999312311 ], [ 40520588.880434863269329, 3532125.315739064477384 ], [ 40520589.15226936340332, 3532125.387003362178802 ], [ 40520589.424201957881451, 3532125.457893013488501 ], [ 40520589.696231834590435, 3532125.52840757323429 ], [ 40520589.968357086181641, 3532125.598546922206879 ], [ 40520590.240580432116985, 3532125.66831114795059 ], [ 40520590.512900002300739, 3532125.737700000405312 ], [ 40520590.786172643303871, 3532125.806953117717057 ], [ 40520591.059524536132812, 3532125.875883996486664 ], [ 40520591.332960121333599, 3532125.944492458831519 ], [ 40520591.606475822627544, 3532126.012778281699866 ], [ 40520591.880069732666016, 3532126.080741584300995 ], [ 40520592.153745427727699, 3532126.148382112849504 ], [ 40520592.427500002086163, 3532126.215699998661876 ], [ 40520592.702160112559795, 3532126.282937293406576 ], [ 40520592.976886749267578, 3532126.34990519285202 ], [ 40520593.251680366694927, 3532126.416603564750403 ], [ 40520593.526538841426373, 3532126.483032345306128 ], [ 40520593.801460266113281, 3532126.549191296100616 ], [ 40520594.076446764171124, 3532126.615080480929464 ], [ 40520594.351499997079372, 3532126.680700000375509 ], [ 40520594.627403803169727, 3532126.746234337799251 ], [ 40520594.903358459472656, 3532126.811552584171295 ], [ 40520595.179367057979107, 3532126.876654743682593 ], [ 40520595.455425255000591, 3532126.941540479194373 ], [ 40520595.731531143188477, 3532127.006209909915924 ], [ 40520596.007690973579884, 3532127.07066313456744 ], [ 40520596.2839, 3532127.134899999480695 ], [ 40520596.560873664915562, 3532127.199159298557788 ], [ 40520596.837882995605469, 3532127.263256013393402 ], [ 40520597.114933006465435, 3532127.327190160285681 ], [ 40520597.392019264400005, 3532127.39096164656803 ], [ 40520597.669139862060547, 3532127.454570353031158 ], [ 40520597.946301139891148, 3532127.518016491550952 ], [ 40520598.223499998450279, 3532127.581299999263138 ], [ 40520599.196503676474094, 3532127.801600832492113 ], [ 40520600.1695, 3532128.021899999119341 ], [ 40520601.143405735492706, 3532128.240401287097484 ], [ 40520602.117299996316433, 3532128.458899999503046 ], [ 40520604.07490000128746, 3532128.896499999333173 ], [ 40520605.053982101380825, 3532129.116195982322097 ], [ 40520606.033100001513958, 3532129.335900000762194 ], [ 40520607.01278281211853, 3532129.557696109637618 ], [ 40520607.9925, 3532129.779500000178814 ], [ 40520608.272758170962334, 3532129.843489925842732 ], [ 40520608.552974700927734, 3532129.907645165920258 ], [ 40520608.833158485591412, 3532129.971965789329261 ], [ 40520609.113300316035748, 3532130.036451458465308 ], [ 40520609.393404006958008, 3532130.101102411746979 ], [ 40520609.673473045229912, 3532130.165918629150838 ], [ 40520609.953500002622604, 3532130.230899999383837 ], [ 40520610.233797937631607, 3532130.296123552136123 ], [ 40520610.514043807983398, 3532130.361567914485931 ], [ 40520610.794240944087505, 3532130.427232980262488 ], [ 40520611.074384681880474, 3532130.493118762504309 ], [ 40520611.354473114013672, 3532130.559225261211395 ], [ 40520611.634512811899185, 3532130.62555234413594 ], [ 40520611.914499998092651, 3532130.692099999636412 ], [ 40520612.19472773373127, 3532130.758956712670624 ], [ 40520612.474889755249023, 3532130.826089799404144 ], [ 40520612.754987709224224, 3532130.893499373923987 ], [ 40520613.035017006099224, 3532130.961185216438025 ], [ 40520613.314975738525391, 3532131.029147326946259 ], [ 40520613.594872310757637, 3532131.097385567612946 ], [ 40520613.874700002372265, 3532131.165900000371039 ], [ 40520614.154690951108932, 3532131.234789772890508 ], [ 40520614.434598922729492, 3532131.304011642932892 ], [ 40520614.714426033198833, 3532131.373565673362464 ], [ 40520614.994171135127544, 3532131.443451642524451 ], [ 40520615.273828506469727, 3532131.513669312000275 ], [ 40520615.553406924009323, 3532131.584218784235418 ], [ 40520615.832900002598763, 3532131.6551 ], [ 40520616.112543970346451, 3532131.726393916644156 ], [ 40520616.392087928950787, 3532131.798075854312629 ], [ 40520616.671531669795513, 3532131.870145558845252 ], [ 40520616.950876228511333, 3532131.942602991592139 ], [ 40520617.230119697749615, 3532132.015447914134711 ], [ 40520617.509259134531021, 3532132.088680365122855 ], [ 40520617.7883, 3532132.162299999501556 ], [ 40520618.067457750439644, 3532132.236397632397711 ], [ 40520618.346498481929302, 3532132.310939371120185 ], [ 40520618.625419609248638, 3532132.385924815665931 ], [ 40520618.904220573604107, 3532132.46135377837345 ], [ 40520619.182903282344341, 3532132.537226020824164 ], [ 40520619.461460664868355, 3532132.613541492260993 ], [ 40520619.7399, 3532132.6903 ], [ 40520620.018435887992382, 3532132.767573763150722 ], [ 40520620.296833030879498, 3532132.845347225200385 ], [ 40520620.575090400874615, 3532132.923619985114783 ], [ 40520620.853206627070904, 3532133.002391933929175 ], [ 40520621.131181709468365, 3532133.081662714015692 ], [ 40520621.409013204276562, 3532133.161432195920497 ], [ 40520621.686700001358986, 3532133.241699999663979 ], [ 40520621.964478805661201, 3532133.322608126793057 ], [ 40520622.242092132568359, 3532133.404071271419525 ], [ 40520622.519546501338482, 3532133.486089109908789 ], [ 40520622.79683493822813, 3532133.568661212455481 ], [ 40520623.073955535888672, 3532133.651787221431732 ], [ 40520623.350913360714912, 3532133.735466851387173 ], [ 40520623.627700001001358, 3532133.819699999410659 ], [ 40520623.904468894004822, 3532133.904531016480178 ], [ 40520624.181049346923828, 3532133.989971458911896 ], [ 40520624.45744513720274, 3532134.076020955573767 ], [ 40520624.733648292720318, 3532134.162678956519812 ], [ 40520625.00965690612793, 3532134.249944984912872 ], [ 40520625.285475134849548, 3532134.33781887544319 ], [ 40520625.561099998652935, 3532134.4263 ], [ 40520625.836782537400723, 3532134.515512882266194 ], [ 40520626.112251274287701, 3532134.605388938914984 ], [ 40520626.387502662837505, 3532134.695927857887 ], [ 40520626.662534706294537, 3532134.787128924857825 ], [ 40520626.937345497310162, 3532134.878991662990302 ], [ 40520627.211933217942715, 3532134.97151547530666 ], [ 40520627.4863, 3532135.064699999522418 ], [ 40520627.760761372745037, 3532135.158669223077595 ], [ 40520628.034978859126568, 3532135.253354489337653 ], [ 40520628.30894660204649, 3532135.348755239974707 ], [ 40520628.582664482295513, 3532135.444870948325843 ], [ 40520628.856130592525005, 3532135.541700541507453 ], [ 40520629.129343144595623, 3532135.639243950136006 ], [ 40520629.4023, 3532135.737499999348074 ], [ 40520629.67929021269083, 3532135.83807735517621 ], [ 40520629.955989837646484, 3532135.939444601535797 ], [ 40520630.232404701411724, 3532136.041601061355323 ], [ 40520630.508522026240826, 3532136.144545554649085 ], [ 40520630.784343719482422, 3532136.248277366161346 ], [ 40520631.059873022139072, 3532136.352795887738466 ], [ 40520631.335100002586842, 3532136.4581 ], [ 40520641.926401481032372, 3532140.503021359443665 ], [ 40520652.533111572265625, 3532144.50737053155899 ], [ 40520663.155073158442974, 3532148.471088766586035 ], [ 40520673.792127601802349, 3532152.394118070136756 ], [ 40520684.444118499755859, 3532156.276400744915009 ], [ 40520695.110895499587059, 3532160.11788010597229 ], [ 40520705.7923, 3532163.918499999213964 ], [ 40520719.172986529767513, 3532168.614698767662048 ], [ 40520732.57600212097168, 3532173.246777474880219 ], [ 40520746.001047126948833, 3532177.814629554282874 ], [ 40520759.447807304561138, 3532182.318150281440467 ], [ 40520772.915971755981445, 3532186.757236540317535 ], [ 40520786.405242465436459, 3532191.131786465644836 ], [ 40520799.915299996733665, 3532195.441700000315905 ], [ 40520812.382299996912479, 3532187.046299999114126 ], [ 40520784.283339582383633, 3532178.099848269484937 ], [ 40520756.275213234126568, 3532168.872963845264167 ], [ 40520728.360719673335552, 3532159.366569160949439 ], [ 40520700.542646400630474, 3532149.581613659393042 ], [ 40520672.823774330317974, 3532139.519075333606452 ], [ 40520645.206872068345547, 3532129.179959892295301 ], [ 40520617.694700002670288, 3532118.56529999896884 ], [ 40520568.610100001096725, 3532098.129099999554455 ] ] ] ] } },
{ "type": "Feature", "properties": { "OBJECTID": 17691, "DKBH": "ZC-CZ-B05-34", "YDDM": "RB", "DKMJ": 27111.5, "YDJRX": "A、B、S、U、G", "RJL": "1.2-3.0", "JZMD": "≤40%", "LDL": "≥30%", "JDCW": "0.5个/100㎡", "DTSTZB": " ", "CSSJZB": " ", "REMARK": " ", "PLANNAME": "《江阴市中心城区主城控制性详细规划》（城西片区）调整", "PLANDATE": "2022-06-15T00:00:00Z", "PLANUNIT": "江阴市城乡规划设计院", "PASSDATE": "2022-07-15T00:00:00Z", "STARTTIME": "2022-08-03T16:39:42Z", "FGUID": null, "CADNAME": "01RB商住混合用地", "DXKJKF": " ", "YDXZ": "商住混合用地", "FTZMC": "ZC-CZ-B05-19-52.dwg", "JZGD": "/", "JC": null, "SHAPE_Length": 637.13490330202899, "SHAPE_Area": 27111.484451998498 }, "geometry": { "type": "MultiPolygon", "coordinates": [ [ [ [ 40523931.830700002610683, 3531355.512299999594688 ], [ 40523799.847900003194809, 3531347.625699999276549 ], [ 40523794.032700002193451, 3531352.7881 ], [ 40523788.115500003099442, 3531452.798899999819696 ], [ 40523785.122100003063679, 3531503.390700000338256 ], [ 40523794.194700002670288, 3531515.947299999184906 ], [ 40523838.3433, 3531527.706899999640882 ], [ 40523868.233499996364117, 3531532.0469 ], [ 40523916.092299997806549, 3531544.794899999164045 ], [ 40523936.587300002574921, 3531529.976899999659508 ], [ 40523940.016099996864796, 3531471.410899999551475 ], [ 40523945.875699996948242, 3531371.323099998757243 ], [ 40523931.830700002610683, 3531355.512299999594688 ] ] ] ] } },
{ "type": "Feature", "properties": { "OBJECTID": 17692, "DKBH": "ZC-CZ-A03-12", "YDDM": "G2", "DKMJ": 20447.4, "YDJRX": " ", "RJL": " ", "JZMD": " ", "LDL": "≥80%", "JDCW": " ", "DTSTZB": " ", "CSSJZB": " ", "REMARK": " ", "PLANNAME": "《江阴市中心城区主城控制性详细规划》滨江路沿线地块更正", "PLANDATE": "2022-01-17T00:00:00Z", "PLANUNIT": "江阴市城乡规划设计院", "PASSDATE": "2022-01-21T00:00:00Z", "STARTTIME": "2022-02-14T14:48:18Z", "FGUID": null, "CADNAME": "08G2防护绿地", "DXKJKF": " ", "YDXZ": "防护绿地", "FTZMC": "ZC-CZ-A03-01-20.dwg", "JZGD": "/", "JC": null, "SHAPE_Length": 1310.7244676612152, "SHAPE_Area": 20447.619390846699 }, "geometry": { "type": "MultiPolygon", "coordinates": [ [ [ [ 40519955.82769999653101, 3531892.105699999723583 ], [ 40519971.369499996304512, 3531604.006900000851601 ], [ 40519941.404700003564358, 3531602.540699999313802 ], [ 40519927.8653, 3531853.521100000478327 ], [ 40519900.971500001847744, 3531851.156899998895824 ], [ 40519874.021899998188019, 3531849.5499 ], [ 40519590.326899997889996, 3531836.633099999278784 ], [ 40519588.616899996995926, 3531871.59169999929145 ], [ 40519872.430100001394749, 3531884.513899999205023 ], [ 40519893.338699996471405, 3531885.703299999702722 ], [ 40519914.214900001883507, 3531887.365499999839813 ], [ 40519935.048100002110004, 3531889.500099999364465 ], [ 40519955.82769999653101, 3531892.105699999723583 ] ] ] ] } },
{ "type": "Feature", "properties": { "OBJECTID": 17693, "DKBH": "ZC-CZ-B05-39", "YDDM": "RB", "DKMJ": 28779.2, "YDJRX": "A、B、S、U、G", "RJL": "1.2-3.0", "JZMD": "≤40%", "LDL": "≥30%", "JDCW": "0.7个/100㎡", "DTSTZB": " ", "CSSJZB": " ", "REMARK": " ", "PLANNAME": "《江阴市中心城区主城控制性详细规划》（城西片区）调整", "PLANDATE": "2022-06-15T00:00:00Z", "PLANUNIT": "江阴市城乡规划设计院", "PASSDATE": "2022-07-15T00:00:00Z", "STARTTIME": "2022-08-03T16:39:42Z", "FGUID": null, "CADNAME": "01RB商住混合用地", "DXKJKF": " ", "YDXZ": "商住混合用地", "FTZMC": "ZC-CZ-B05-19-52.dwg", "JZGD": "/", "JC": null, "SHAPE_Length": 725.62784890942464, "SHAPE_Area": 28779.16482487362 }, "geometry": { "type": "MultiPolygon", "coordinates": [ [ [ [ 40523656.2187, 3531017.079099999275059 ], [ 40523536.4613, 3531014.467300000134856 ], [ 40523523.817699998617172, 3531025.103499999269843 ], [ 40523512.9247, 3531097.07010000012815 ], [ 40523530.729900002479553, 3531119.314299999270588 ], [ 40523662.180100001394749, 3531128.6033 ], [ 40523778.528300002217293, 3531136.825299999676645 ], [ 40523791.8649, 3531125.236499999184161 ], [ 40523797.034100003540516, 3531050.934299999848008 ], [ 40523790.181900002062321, 3531042.0765 ], [ 40523656.2187, 3531017.079099999275059 ] ] ] ] } },
{ "type": "Feature", "properties": { "OBJECTID": 17779, "DKBH": "ZC-CZ-B04-04", "YDDM": "A32", "DKMJ": 145913.1, "YDJRX": " ", "RJL": "≤2.5", "JZMD": "≤45", "LDL": "≥20", "JDCW": "30/100教工", "DTSTZB": " ", "CSSJZB": " ", "REMARK": " ", "PLANNAME": "《江阴市中心城区主城控制性详细规划》（城西片区）调整", "PLANDATE": "2022-06-15T00:00:00Z", "PLANUNIT": "江阴市城乡规划设计院", "PASSDATE": "2022-07-15T00:00:00Z", "STARTTIME": "2022-08-03T16:39:42Z", "FGUID": null, "CADNAME": "02A32中等专业学校用地", "DXKJKF": " ", "YDXZ": "中等专业学校用地", "FTZMC": "ZC-CZ-B04-01-13.dwg", "JZGD": "/", "JC": null, "SHAPE_Length": 1544.4015323219314, "SHAPE_Area": 145913.14416552015 }, "geometry": { "type": "MultiPolygon", "coordinates": [ [ [ [ 40521477.021899998188019, 3530789.588699999731034 ], [ 40521401.5999, 3530767.354899999685585 ], [ 40521391.414499998092651, 3530774.835899998899549 ], [ 40521386.788099996745586, 3530860.257500000298023 ], [ 40521382.187299996614456, 3530943.432900000363588 ], [ 40521390.610299997031689, 3530943.844499998725951 ], [ 40521384.260499998927116, 3531058.123700000345707 ], [ 40521379.033299997448921, 3531152.197700000368059 ], [ 40521530.3979, 3531180.228699999395758 ], [ 40521579.312299996614456, 3531189.120299999136478 ], [ 40521758.7025, 3531222.341499999631196 ], [ 40521759.0189, 3531217.314899999648333 ], [ 40521766.765500001609325, 3531094.296699999831617 ], [ 40521767.454300001263618, 3531079.05350000038743 ], [ 40521769.369099996984005, 3531048.371899999212474 ], [ 40521770.784500002861023, 3531026.031300000846386 ], [ 40521773.727700002491474, 3530985.675900000147521 ], [ 40521776.374899998307228, 3530952.271300000138581 ], [ 40521776.486100003123283, 3530949.003499999176711 ], [ 40521777.983499996364117, 3530930.0898999995552 ], [ 40521780.936099998652935, 3530889.9759 ], [ 40521782.635300002992153, 3530854.635099999140948 ], [ 40521585.944899998605251, 3530811.7311 ], [ 40521568.9705, 3530808.028699999675155 ], [ 40521567.718270838260651, 3530807.731589537113905 ], [ 40521566.466196052730083, 3530807.433839618694037 ], [ 40521565.214271537959576, 3530807.135450243484229 ], [ 40521563.96249770373106, 3530806.836421489249915 ], [ 40521562.710880272090435, 3530806.536753475200385 ], [ 40521561.459413111209869, 3530806.236446361988783 ], [ 40521560.208099998533726, 3530805.935499998740852 ], [ 40521554.261481769382954, 3530804.446443914901465 ], [ 40521548.313711158931255, 3530802.961995541583747 ], [ 40521542.364789955317974, 3530801.482155799400061 ], [ 40521536.414726249873638, 3530800.006925463210791 ], [ 40521530.46352194994688, 3530798.536305367480963 ], [ 40521524.511178500950336, 3530797.070296644698828 ], [ 40521518.5577, 3530795.608899999875575 ], [ 40521477.021899998188019, 3530789.588699999731034 ] ] ] ] } },
{ "type": "Feature", "properties": { "OBJECTID": 17896, "DKBH": "ZC-CZ-B02-05", "YDDM": "R2", "DKMJ": 67268.2, "YDJRX": "A、B、S、G", "RJL": "≤2.5", "JZMD": "≤30%", "LDL": "≥30%", "JDCW": "0.8个/100㎡", "DTSTZB": " ", "CSSJZB": " ", "REMARK": " ", "PLANNAME": "《江阴市中心城区主城控制性详细规划》（城西片区）调整", "PLANDATE": "2022-06-15T00:00:00Z", "PLANUNIT": "江阴市城乡规划设计院", "PASSDATE": "2022-07-15T00:00:00Z", "STARTTIME": "2022-08-03T16:39:42Z", "FGUID": null, "CADNAME": "01R2二类居住用地", "DXKJKF": " ", "YDXZ": "二类居住用地", "FTZMC": "ZC-CZ-B02-01-21.dwg", "JZGD": "/", "JC": null, "SHAPE_Length": 1135.6122993944023, "SHAPE_Area": 67268.166982729483 }, "geometry": { "type": "MultiPolygon", "coordinates": [ [ [ [ 40521715.131700001657009, 3531637.128299999516457 ], [ 40521719.4525, 3531476.624699999112636 ], [ 40521644.6633, 3531468.358300000894815 ], [ 40521644.435900002717972, 3531472.972099999897182 ], [ 40521609.289499998092651, 3531465.975099998991936 ], [ 40521591.359700001776218, 3531543.9561 ], [ 40521583.9555, 3531547.535299998708069 ], [ 40521575.510499998927116, 3531546.465900000650436 ], [ 40521527.8697, 3531540.432899999432266 ], [ 40521523.070100001990795, 3531569.810099999886006 ], [ 40521483.6853, 3531563.3755 ], [ 40521505.896300002932549, 3531687.426899999845773 ], [ 40521509.306926898658276, 3531706.88033390045166 ], [ 40521512.577054977416992, 3531726.357878267765045 ], [ 40521515.70651625841856, 3531745.858518361579627 ], [ 40521518.695140831172466, 3531765.381238102447242 ], [ 40521521.542776107788086, 3531784.925020635128021 ], [ 40521524.249277286231518, 3531804.488847613334656 ], [ 40521526.814499996602535, 3531824.071699999738485 ], [ 40521669.641500003635883, 3531855.949900000356138 ], [ 40521679.4525, 3531858.13969999877736 ], [ 40521702.92230000346899, 3531752.654699999839067 ], [ 40521715.131700001657009, 3531637.128299999516457 ] ] ] ] } },
{ "type": "Feature", "properties": { "OBJECTID": 17897, "DKBH": "ZC-CZ-B02-10", "YDDM": "R2", "DKMJ": 100873.1, "YDJRX": "A、B、S、G", "RJL": "≤2.5", "JZMD": "≤30%", "LDL": "≥30%", "JDCW": "0.8个/100㎡", "DTSTZB": " ", "CSSJZB": " ", "REMARK": " ", "PLANNAME": "《江阴市中心城区主城控制性详细规划》（城西片区）调整", "PLANDATE": "2022-06-15T00:00:00Z", "PLANUNIT": "江阴市城乡规划设计院", "PASSDATE": "2022-07-15T00:00:00Z", "STARTTIME": "2022-08-03T16:39:42Z", "FGUID": null, "CADNAME": "01R2二类居住用地", "DXKJKF": " ", "YDXZ": "二类居住用地", "FTZMC": "ZC-CZ-B02-01-21.dwg", "JZGD": "/", "JC": null, "SHAPE_Length": 1373.3020616015779, "SHAPE_Area": 100873.04018369548 }, "geometry": { "type": "MultiPolygon", "coordinates": [ [ [ [ 40521924.663099996745586, 3531404.1431 ], [ 40521812.426299996674061, 3531392.213499999139458 ], [ 40521788.8517, 3531882.556900000665337 ], [ 40521858.642499998211861, 3531898.133699999656528 ], [ 40521888.6827, 3531901.2527 ], [ 40521953.564099997282028, 3531915.733900000341237 ], [ 40521975.384099997580051, 3531900.074099999386817 ], [ 40521979.624499998986721, 3531860.2991 ], [ 40521986.285099998116493, 3531830.838899999391288 ], [ 40522019.284699998795986, 3531521.309499999508262 ], [ 40522020.0449, 3531481.163499999325722 ], [ 40522024.285300001502037, 3531441.3887 ], [ 40522003.84570000320673, 3531416.079099999275059 ], [ 40521944.181100003421307, 3531409.737300000619143 ], [ 40521924.663099996745586, 3531404.1431 ] ] ] ] } },
{ "type": "Feature", "properties": { "OBJECTID": 17898, "DKBH": "ZC-CZ-B03-19", "YDDM": "R2", "DKMJ": 46472.6, "YDJRX": "A、B、S、G", "RJL": "≤2.5", "JZMD": "≤30%", "LDL": "≥30%", "JDCW": "0.6个/100M2", "DTSTZB": " ", "CSSJZB": " ", "REMARK": " ", "PLANNAME": "《江阴市中心城区主城控制性详细规划》（城西片区）调整", "PLANDATE": "2022-06-15T00:00:00Z", "PLANUNIT": "江阴市城乡规划设计院", "PASSDATE": "2022-07-15T00:00:00Z", "STARTTIME": "2022-08-03T16:39:42Z", "FGUID": null, "CADNAME": "01R2二类居住用地", "DXKJKF": " ", "YDXZ": "二类居住用地", "FTZMC": "ZC-CZ-B03-01-28.dwg", "JZGD": "/", "JC": null, "SHAPE_Length": 936.58843791991251, "SHAPE_Area": 46472.620877901478 }, "geometry": { "type": "MultiPolygon", "coordinates": [ [ [ [ 40523286.5841, 3531906.420699998736382 ], [ 40523310.752300001680851, 3531809.384099999442697 ], [ 40523294.214100003242493, 3531780.6837 ], [ 40523240.7385, 3531765.239699999801815 ], [ 40523222.4947, 3531756.327499998733401 ], [ 40523140.04389999806881, 3531732.514899999834597 ], [ 40523114.616099998354912, 3531839.666500000283122 ], [ 40523028.0497, 3531814.6653 ], [ 40523007.8301, 3531899.870700000785291 ], [ 40523015.1131, 3531912.42769999941811 ], [ 40523255.596699997782707, 3531983.30849999981001 ], [ 40523273.610100001096725, 3531972.99390000058338 ], [ 40523280.3129, 3531946.0811 ], [ 40523286.5841, 3531906.420699998736382 ] ] ] ] } },
{ "type": "Feature", "properties": { "OBJECTID": 17899, "DKBH": "ZC-CZ-B05-33", "YDDM": "RB", "DKMJ": 34364.0, "YDJRX": "A、B、S、U、G", "RJL": "1.2-3.0", "JZMD": "≤40%", "LDL": "≥30%", "JDCW": "0.7个/100㎡", "DTSTZB": " ", "CSSJZB": " ", "REMARK": " ", "PLANNAME": "《江阴市中心城区主城控制性详细规划》（城西片区）调整", "PLANDATE": "2022-06-15T00:00:00Z", "PLANUNIT": "江阴市城乡规划设计院", "PASSDATE": "2022-07-15T00:00:00Z", "STARTTIME": "2022-08-03T16:39:42Z", "FGUID": null, "CADNAME": "01RB商住混合用地", "DXKJKF": " ", "YDXZ": "商住混合用地", "FTZMC": "ZC-CZ-B05-19-52.dwg", "JZGD": "/", "JC": null, "SHAPE_Length": 811.21435114224994, "SHAPE_Area": 34363.975301928571 }, "geometry": { "type": "MultiPolygon", "coordinates": [ [ [ [ 40523636.717699997127056, 3531176.929099999833852 ], [ 40523524.1945, 3531168.9775 ], [ 40523498.825499996542931, 3531188.0269 ], [ 40523485.3019, 3531250.82670000102371 ], [ 40523706.131099998950958, 3531317.222500000614673 ], [ 40523778.8158999979496, 3531339.076299999374896 ], [ 40523787.039499998092651, 3531200.082300000824034 ], [ 40523775.308700002729893, 3531186.722900000400841 ], [ 40523636.717699997127056, 3531176.929099999833852 ] ] ] ] } },
{ "type": "Feature", "properties": { "OBJECTID": 17926, "DKBH": "ZC-CZ-B05-07", "YDDM": "RB", "DKMJ": 16681.0, "YDJRX": "A、B、S、U、G", "RJL": "1.2-3.5", "JZMD": "≤40%", "LDL": "≥25%", "JDCW": "0.7个/100㎡", "DTSTZB": " ", "CSSJZB": " ", "REMARK": " ", "PLANNAME": "《江阴市中心城区主城控制性详细规划》（城西片区）调整", "PLANDATE": "2022-06-15T00:00:00Z", "PLANUNIT": "江阴市城乡规划设计院", "PASSDATE": "2022-07-15T00:00:00Z", "STARTTIME": "2022-08-03T16:39:42Z", "FGUID": null, "CADNAME": "01RB商住混合用地", "DXKJKF": " ", "YDXZ": "商住混合用地", "FTZMC": "ZC-CZ-B05-01-18.dwg", "JZGD": "/", "JC": null, "SHAPE_Length": 636.48259016758948, "SHAPE_Area": 16680.947021175376 }, "geometry": { "type": "MultiPolygon", "coordinates": [ [ [ [ 40523250.6061, 3531138.3501 ], [ 40523212.678900003433228, 3531129.229299999307841 ], [ 40523194.530900001525879, 3531141.286299999803305 ], [ 40523186.323299996554852, 3531191.507299999240786 ], [ 40523440.283299997448921, 3531236.619699998293072 ], [ 40523451.468500003218651, 3531184.680299999192357 ], [ 40523434.9415, 3531162.670299999415874 ], [ 40523385.3495, 3531159.165899999439716 ], [ 40523362.681500002741814, 3531157.249699999112636 ], [ 40523340.07490000128746, 3531154.7090999991633 ], [ 40523317.5471, 3531151.546299999579787 ], [ 40523295.1149, 3531147.763499999884516 ], [ 40523272.795699998736382, 3531143.363499998580664 ], [ 40523250.6061, 3531138.3501 ] ] ] ] } },
{ "type": "Feature", "properties": { "OBJECTID": 18498, "DKBH": "ZC-CZ-A05-63", "YDDM": "R2", "DKMJ": 29502.2, "YDJRX": "A、B、S、G", "RJL": "1.5-3.5", "JZMD": "≤30%", "LDL": "≥30%", "JDCW": "0.8个/100㎡", "DTSTZB": " ", "CSSJZB": " ", "REMARK": " ", "PLANNAME": "《江阴市中心城区主城控制性详细规划》（青山未来社区）调整", "PLANDATE": "2024-02-20T00:00:00Z", "PLANUNIT": "江阴市城乡规划设计院", "PASSDATE": "2024-03-20T00:00:00Z", "STARTTIME": "2024-04-10T16:59:23Z", "FGUID": null, "CADNAME": "01R2二类居住用地", "DXKJKF": " ", "YDXZ": "二类居住用地", "FTZMC": "ZC-CZ-A05-46-74.dwg", "JZGD": "/", "JC": null, "SHAPE_Length": 684.34679120137901, "SHAPE_Area": 29502.159334972152 }, "geometry": { "type": "MultiPolygon", "coordinates": [ [ [ [ 40521273.7993, 3529786.751099999528378 ], [ 40521303.8701, 3529783.917899999301881 ], [ 40521366.713699996471405, 3529785.313100000377744 ], [ 40521382.531099997460842, 3529766.6401 ], [ 40521387.01070000231266, 3529686.765499999281019 ], [ 40521394.01349999755621, 3529654.616099999751896 ], [ 40521396.02929999679327, 3529618.33229999942705 ], [ 40521391.130900003015995, 3529618.647099998779595 ], [ 40521369.021899998188019, 3529620.067300000227988 ], [ 40521285.408699996769428, 3529625.438299999572337 ], [ 40521257.427100002765656, 3529625.963900000788271 ], [ 40521240.505500003695488, 3529625.849699999205768 ], [ 40521224.264700002968311, 3529625.378100001253188 ], [ 40521215.204099997878075, 3529624.661099999211729 ], [ 40521206.185099996626377, 3529623.53669999865815 ], [ 40521202.4753, 3529775.16509999986738 ], [ 40521212.228299997746944, 3529785.384299999568611 ], [ 40521233.61370000243187, 3529785.858899999875575 ], [ 40521273.7993, 3529786.751099999528378 ] ] ] ] } },
{ "type": "Feature", "properties": { "OBJECTID": 18499, "DKBH": "ZC-CZ-B06-16", "YDDM": "R2", "DKMJ": 112678.8, "YDJRX": "A、B、S、G", "RJL": "1.2-3.5", "JZMD": "≤30%", "LDL": "≥30%", "JDCW": "0.8个/100㎡", "DTSTZB": " ", "CSSJZB": " ", "REMARK": " ", "PLANNAME": "《江阴市中心城区主城控制性详细规划》（青山未来社区）调整", "PLANDATE": "2024-02-20T00:00:00Z", "PLANUNIT": "江阴市城乡规划设计院", "PASSDATE": "2024-03-20T00:00:00Z", "STARTTIME": "2024-04-10T16:59:23Z", "FGUID": null, "CADNAME": "01R2二类居住用地", "DXKJKF": " ", "YDXZ": "二类居住用地", "FTZMC": "ZC-CZ-B06-01-17.dwg", "JZGD": "/", "JC": null, "SHAPE_Length": 954.54605337455234, "SHAPE_Area": 50224.879301984271 }, "geometry": { "type": "MultiPolygon", "coordinates": [ [ [ [ 40522173.2029, 3529338.266900000162423 ], [ 40522213.2769, 3529335.746299998834729 ], [ 40522313.247900001704693, 3529338.192300000693649 ], [ 40522336.767700001597404, 3529316.603099999483675 ], [ 40522339.3957, 3529273.960899999365211 ], [ 40522345.480700001120567, 3529235.018899999558926 ], [ 40522347.578699998557568, 3529200.828099999576807 ], [ 40522338.196900002658367, 3529190.506299999542534 ], [ 40522022.7619, 3529179.761299999896437 ], [ 40522009.987899996340275, 3529251.703899999614805 ], [ 40522004.355099998414516, 3529283.182899999432266 ], [ 40521995.7769, 3529322.63289999961853 ], [ 40521993.614699997007847, 3529333.872899999376386 ], [ 40521997.721100002527237, 3529333.973299999255687 ], [ 40522173.2029, 3529338.266900000162423 ] ] ] ] } },
{ "type": "Feature", "properties": { "OBJECTID": 18500, "DKBH": "ZC-CZ-B07-14", "YDDM": "R2", "DKMJ": 76218.3, "YDJRX": "A、B、S、G", "RJL": "1.2-3.5", "JZMD": "≤30%", "LDL": "≥30%", "JDCW": "0.6个/100㎡", "DTSTZB": " ", "CSSJZB": " ", "REMARK": " ", "PLANNAME": "《江阴市中心城区主城控制性详细规划》（青山未来社区）调整", "PLANDATE": "2024-02-20T00:00:00Z", "PLANUNIT": "江阴市城乡规划设计院", "PASSDATE": "2024-03-20T00:00:00Z", "STARTTIME": "2024-04-10T16:59:23Z", "FGUID": null, "CADNAME": "01R2二类居住用地", "DXKJKF": " ", "YDXZ": "二类居住用地", "FTZMC": "ZC-CZ-B07-01-16.dwg", "JZGD": "/", "JC": null, "SHAPE_Length": 1360.0261378810019, "SHAPE_Area": 98154.607467867187 }, "geometry": { "type": "MultiPolygon", "coordinates": [ [ [ [ 40523356.058300003409386, 3529434.196300000417978 ], [ 40523376.432899996638298, 3529411.9655 ], [ 40523371.3807, 3529384.3451 ], [ 40523370.8653, 3529362.0743 ], [ 40523348.128899998962879, 3529237.770699999760836 ], [ 40523336.3477, 3529227.331299999728799 ], [ 40523228.976300001144409, 3529220.849899999797344 ], [ 40522867.348700001835823, 3529208.531299998983741 ], [ 40522855.8459, 3529220.112700000405312 ], [ 40522858.4885, 3529284.729500000365078 ], [ 40522863.211499996483326, 3529314.561299999710172 ], [ 40522865.462300002574921, 3529369.595099999103695 ], [ 40522884.116700001060963, 3529389.28830000013113 ], [ 40522947.413099996745586, 3529395.322300000116229 ], [ 40522966.990900002419949, 3529400.704499999526888 ], [ 40523283.6369, 3529430.889899999834597 ], [ 40523312.046499997377396, 3529430.017900000326335 ], [ 40523356.058300003409386, 3529434.196300000417978 ] ] ] ] } },
{ "type": "Feature", "properties": { "OBJECTID": 18501, "DKBH": "ZC-CZ-B06-42", "YDDM": "R2", "DKMJ": 67495.7, "YDJRX": "A、B、S、G", "RJL": "1.2-3.5", "JZMD": "≤30%", "LDL": "≥30%", "JDCW": "0.6个/100㎡", "DTSTZB": " ", "CSSJZB": " ", "REMARK": " ", "PLANNAME": "《江阴市中心城区主城控制性详细规划》（青山未来社区）调整", "PLANDATE": "2024-02-20T00:00:00Z", "PLANUNIT": "江阴市城乡规划设计院", "PASSDATE": "2024-03-20T00:00:00Z", "STARTTIME": "2024-04-10T16:59:23Z", "FGUID": null, "CADNAME": "01R2二类居住用地", "DXKJKF": " ", "YDXZ": "二类居住用地", "FTZMC": "ZC-CZ-B06-28-46.dwg", "JZGD": "/", "JC": null, "SHAPE_Length": 1131.4286423897972, "SHAPE_Area": 67495.692499065917 }, "geometry": { "type": "MultiPolygon", "coordinates": [ [ [ [ 40522791.292900003492832, 3529019.40610000025481 ], [ 40522399.958499997854233, 3529006.806099999696016 ], [ 40522390.181500002741814, 3529166.669499999377877 ], [ 40522399.188900001347065, 3529176.5746999992989 ], [ 40522794.566100001335144, 3529190.043099999893457 ], [ 40522790.76129999756813, 3529097.009300000499934 ], [ 40522790.542568661272526, 3529090.968142508529127 ], [ 40522790.38046645373106, 3529084.925200163852423 ], [ 40522790.275005333125591, 3529078.881004094611853 ], [ 40522790.226196281611919, 3529072.836084961425513 ], [ 40522790.234045021235943, 3529066.790973960887641 ], [ 40522790.29854629188776, 3529060.74620199110359 ], [ 40522790.419699996709824, 3529054.702299999538809 ], [ 40522791.292900003492832, 3529019.40610000025481 ] ] ] ] } },
{ "type": "Feature", "properties": { "OBJECTID": 18529, "DKBH": "ZC-CZ-B06-24", "YDDM": "R2", "DKMJ": 53327.2, "YDJRX": "A、B、S、G", "RJL": "1.2-3.5", "JZMD": "≤30%", "LDL": "≥30%", "JDCW": "0.8个/100㎡", "DTSTZB": " ", "CSSJZB": " ", "REMARK": " ", "PLANNAME": "《江阴市中心城区主城控制性详细规划》（青山未来社区）调整", "PLANDATE": "2024-02-20T00:00:00Z", "PLANUNIT": "江阴市城乡规划设计院", "PASSDATE": "2024-03-20T00:00:00Z", "STARTTIME": "2024-04-10T16:59:23Z", "FGUID": null, "CADNAME": "01R2二类居住用地", "DXKJKF": " ", "YDXZ": "二类居住用地", "FTZMC": "ZC-CZ-B06-18-32.dwg", "JZGD": "/", "JC": null, "SHAPE_Length": 964.64840219902385, "SHAPE_Area": 53327.207472813694 }, "geometry": { "type": "MultiPolygon", "coordinates": [ [ [ [ 40522360.44709999859333, 3529005.784099999815226 ], [ 40522054.4107, 3528995.930499999318272 ], [ 40522047.3913, 3529038.148699999786913 ], [ 40522041.8257, 3529062.3643 ], [ 40522031.138099998235703, 3529131.083299999590963 ], [ 40522025.509499996900558, 3529163.845700000412762 ], [ 40522339.177100002765656, 3529174.530499999877065 ], [ 40522350.771499998867512, 3529163.9921 ], [ 40522360.44709999859333, 3529005.784099999815226 ] ] ] ] } },
{ "type": "Feature", "properties": { "OBJECTID": 18530, "DKBH": "ZC-CZ-B06-17", "YDDM": "R2", "DKMJ": 17801.8, "YDJRX": "A、B、S、G", "RJL": "1.2-3.5", "JZMD": "≤30%", "LDL": "≥30%", "JDCW": "0.8个/100㎡", "DTSTZB": " ", "CSSJZB": " ", "REMARK": " ", "PLANNAME": "《江阴市中心城区主城控制性详细规划》（青山未来社区）调整", "PLANDATE": "2024-02-20T00:00:00Z", "PLANUNIT": "江阴市城乡规划设计院", "PASSDATE": "2024-03-20T00:00:00Z", "STARTTIME": "2024-04-10T16:59:23Z", "FGUID": null, "CADNAME": "01R2二类居住用地", "DXKJKF": " ", "YDXZ": "二类居住用地", "FTZMC": "ZC-CZ-B06-01-17.dwg", "JZGD": "/", "JC": null, "SHAPE_Length": 528.89042403055885, "SHAPE_Area": 17801.793922360008 }, "geometry": { "type": "MultiPolygon", "coordinates": [ [ [ [ 40521997.523500002920628, 3529178.901499999221414 ], [ 40521873.3385, 3529174.671299999579787 ], [ 40521863.802699998021126, 3529184.320299999322742 ], [ 40521864.855700001120567, 3529207.267299999017268 ], [ 40521872.436899997293949, 3529315.969899998512119 ], [ 40521888.475900001823902, 3529331.300499998498708 ], [ 40521968.2755, 3529333.252899999730289 ], [ 40521971.2839, 3529317.614700000267476 ], [ 40521979.8275, 3529278.323499999009073 ], [ 40521985.3759, 3529247.31709999917075 ], [ 40521997.523500002920628, 3529178.901499999221414 ] ] ] ] } },
{ "type": "Feature", "properties": { "OBJECTID": 18531, "DKBH": "ZC-CZ-B06-18", "YDDM": "R2", "DKMJ": 25021.2, "YDJRX": "A、B、S、G", "RJL": "1.2-3.5", "JZMD": "≤30%", "LDL": "≥30%", "JDCW": "0.8个/100㎡", "DTSTZB": " ", "CSSJZB": " ", "REMARK": " ", "PLANNAME": "《江阴市中心城区主城控制性详细规划》（青山未来社区）调整", "PLANDATE": "2024-02-20T00:00:00Z", "PLANUNIT": "江阴市城乡规划设计院", "PASSDATE": "2024-03-20T00:00:00Z", "STARTTIME": "2024-04-10T16:59:23Z", "FGUID": null, "CADNAME": "01R2二类居住用地", "DXKJKF": " ", "YDXZ": "二类居住用地", "FTZMC": "ZC-CZ-B06-18-32.dwg", "JZGD": "/", "JC": null, "SHAPE_Length": 630.99274582469457, "SHAPE_Area": 25021.192522686048 }, "geometry": { "type": "MultiPolygon", "coordinates": [ [ [ [ 40522029.202299997210503, 3528995.11890000058338 ], [ 40521868.54169999808073, 3528989.945899999700487 ], [ 40521863.441299997270107, 3529148.3191 ], [ 40521873.1135, 3529158.654299998655915 ], [ 40522000.2909, 3529162.986499999184161 ], [ 40522006.465499997138977, 3529127.0455 ], [ 40522017.260300002992153, 3529057.637500000186265 ], [ 40522022.85530000180006, 3529033.293899999465793 ], [ 40522029.202299997210503, 3528995.11890000058338 ] ] ] ] } },
{ "type": "Feature", "properties": { "OBJECTID": 18532, "DKBH": "ZC-CZ-B04-39", "YDDM": "R2", "DKMJ": 91907.9, "YDJRX": "A、B、S、G", "RJL": "1.2-3.5", "JZMD": "≤30%", "LDL": "≥30%", "JDCW": "0.8个/100M2", "DTSTZB": " ", "CSSJZB": " ", "REMARK": " ", "PLANNAME": "《江阴市中心城区主城控制性详细规划》（青山未来社区）调整", "PLANDATE": "2024-02-20T00:00:00Z", "PLANUNIT": "江阴市城乡规划设计院", "PASSDATE": "2024-03-20T00:00:00Z", "STARTTIME": "2024-04-10T16:59:23Z", "FGUID": null, "CADNAME": "01R2二类居住用地", "DXKJKF": " ", "YDXZ": "二类居住用地", "FTZMC": "ZC-CZ-B04-14-39.dwg", "JZGD": "/", "JC": null, "SHAPE_Length": 1172.8322830659622, "SHAPE_Area": 90768.097024923612 }, "geometry": { "type": "MultiPolygon", "coordinates": [ [ [ [ 40522779.3547, 3530109.006699998863041 ], [ 40522571.811099998652935, 3530064.564299998804927 ], [ 40522559.811899997293949, 3530072.219499998260289 ], [ 40522519.909500002861023, 3530247.372700000181794 ], [ 40522518.785899996757507, 3530268.061700001358986 ], [ 40522508.187299996614456, 3530314.584100000560284 ], [ 40522519.359700001776218, 3530333.034099999815226 ], [ 40522568.252899996936321, 3530345.926700000185519 ], [ 40522586.699500001966953, 3530354.410500000230968 ], [ 40522683.4023, 3530379.9101 ], [ 40522722.972900003194809, 3530386.724700000602752 ], [ 40522819.668700002133846, 3530412.222299999091774 ], [ 40522842.2421, 3530395.579899999313056 ], [ 40522844.6325, 3530339.212899999693036 ], [ 40522848.9767, 3530319.378900000359863 ], [ 40522851.76129999756813, 3530253.710500000510365 ], [ 40522849.535499997437, 3530223.588899999856949 ], [ 40522852.924900002777576, 3530143.660099999513477 ], [ 40522838.7099, 3530125.2961 ], [ 40522798.1787, 3530116.616899999324232 ], [ 40522779.3547, 3530109.006699998863041 ] ] ] ] } },
{ "type": "Feature", "properties": { "OBJECTID": 18533, "DKBH": "ZC-CZ-B06-09", "YDDM": "R2", "DKMJ": 64585.5, "YDJRX": "A、B、S、G", "RJL": "1.2-3.0", "JZMD": "≤30%", "LDL": "≥30%", "JDCW": "0.8个/100M2", "DTSTZB": " ", "CSSJZB": " ", "REMARK": " ", "PLANNAME": "《江阴市中心城区主城控制性详细规划》（青山未来社区）调整", "PLANDATE": "2024-02-20T00:00:00Z", "PLANUNIT": "江阴市城乡规划设计院", "PASSDATE": "2024-03-20T00:00:00Z", "STARTTIME": "2024-04-10T16:59:23Z", "FGUID": null, "CADNAME": "01R2二类居住用地", "DXKJKF": " ", "YDXZ": "二类居住用地", "FTZMC": "ZC-CZ-B06-01-17.dwg", "JZGD": "/", "JC": null, "SHAPE_Length": 1151.1771248984289, "SHAPE_Area": 64585.532545941111 }, "geometry": { "type": "MultiPolygon", "coordinates": [ [ [ [ 40522314.243299998342991, 3529742.1831 ], [ 40522324.687700003385544, 3529571.430899999570101 ], [ 40522321.427100002765656, 3529571.467099999543279 ], [ 40522313.567500002682209, 3529571.754499999806285 ], [ 40522305.721500001847744, 3529572.281700000166893 ], [ 40522300.6259, 3529572.7549 ], [ 40522204.699299998581409, 3529583.621899999678135 ], [ 40522097.393299996852875, 3529593.226700000464916 ], [ 40522080.4503, 3529594.155500000342727 ], [ 40522063.608900003135204, 3529594.773699999321252 ], [ 40522031.883100003004074, 3529595.087899998296052 ], [ 40522030.2975, 3529595.088699999731034 ], [ 40522014.563500002026558, 3529594.812300000339746 ], [ 40521892.140699997544289, 3529598.49269999936223 ], [ 40521893.953500002622604, 3529624.486499999649823 ], [ 40521894.374089062213898, 3529631.159391044639051 ], [ 40521894.705411903560162, 3529637.837309419643134 ], [ 40521894.94740866869688, 3529644.51906120730564 ], [ 40521895.100034706294537, 3529651.203451632987708 ], [ 40521895.163263313472271, 3529657.889285146724433 ], [ 40521895.137081921100616, 3529664.575366615317762 ], [ 40521895.021499998867512, 3529671.260499999858439 ], [ 40521893.410300001502037, 3529710.364299998618662 ], [ 40521902.949500001966953, 3529721.345300000626594 ], [ 40522293.120899997651577, 3529760.157499998807907 ], [ 40522314.243299998342991, 3529742.1831 ] ] ] ] } },
{ "type": "Feature", "properties": { "OBJECTID": 18534, "DKBH": "ZC-CZ-B06-08", "YDDM": "R2", "DKMJ": 97891.9, "YDJRX": "A、B、S、G", "RJL": "1.2-3.0", "JZMD": "≤30%", "LDL": "≥30%", "JDCW": "0.8个/100M2", "DTSTZB": " ", "CSSJZB": " ", "REMARK": " ", "PLANNAME": "《江阴市中心城区主城控制性详细规划》（青山未来社区）调整", "PLANDATE": "2024-02-20T00:00:00Z", "PLANUNIT": "江阴市城乡规划设计院", "PASSDATE": "2024-03-20T00:00:00Z", "STARTTIME": "2024-04-10T16:59:23Z", "FGUID": null, "CADNAME": "01R2二类居住用地", "DXKJKF": " ", "YDXZ": "二类居住用地", "FTZMC": "ZC-CZ-B06-01-17.dwg", "JZGD": "/", "JC": null, "SHAPE_Length": 1161.260090158408, "SHAPE_Area": 60946.704167589472 }, "geometry": { "type": "MultiPolygon", "coordinates": [ [ [ [ 40522199.1841000020504, 3529774.931499999482185 ], [ 40521901.603299997746944, 3529745.329899999313056 ], [ 40521891.1725, 3529754.328499999362975 ], [ 40521889.033299997448921, 3529798.824699998367578 ], [ 40521891.328699998557568, 3529823.964499999303371 ], [ 40521888.447499997913837, 3529883.895499999634922 ], [ 40521894.171099998056889, 3529891.333099999465048 ], [ 40521934.7055, 3529900.0131 ], [ 40521953.5295, 3529907.6233000010252 ], [ 40522187.149300001561642, 3529957.649899999145418 ], [ 40522217.217299997806549, 3529960.509100000374019 ], [ 40522275.887699998915195, 3529973.072499999310821 ], [ 40522297.623499996960163, 3529956.570299999788404 ], [ 40522301.070299997925758, 3529900.214699999894947 ], [ 40522305.78490000218153, 3529880.465699999593198 ], [ 40522306.305299997329712, 3529871.9581 ], [ 40522192.378899998962879, 3529866.41889999806881 ], [ 40522199.1841000020504, 3529774.931499999482185 ] ] ] ] } },
{ "type": "Feature", "properties": { "OBJECTID": 18535, "DKBH": "ZC-CZ-B06-28", "YDDM": "R2", "DKMJ": 34041.6, "YDJRX": "A、B、S、G", "RJL": "1.2-3.5", "JZMD": "≤30%", "LDL": "≥30%", "JDCW": "0.4个/100㎡", "DTSTZB": " ", "CSSJZB": " ", "REMARK": " ", "PLANNAME": "《江阴市中心城区主城控制性详细规划》（青山未来社区）调整", "PLANDATE": "2024-02-20T00:00:00Z", "PLANUNIT": "江阴市城乡规划设计院", "PASSDATE": "2024-03-20T00:00:00Z", "STARTTIME": "2024-04-10T16:59:23Z", "FGUID": null, "CADNAME": "01R2二类居住用地", "DXKJKF": " ", "YDXZ": "二类居住用地", "FTZMC": "ZC-CZ-B06-18-32.dwg", "JZGD": "/", "JC": null, "SHAPE_Length": 729.39846443025101, "SHAPE_Area": 34041.635756422191 }, "geometry": { "type": "MultiPolygon", "coordinates": [ [ [ [ 40522534.517499998211861, 3529808.28870000038296 ], [ 40522371.285300001502037, 3529792.051300000399351 ], [ 40522350.162500001490116, 3529810.034299999475479 ], [ 40522346.9877, 3529861.9381 ], [ 40522348.649499997496605, 3529892.096099999733269 ], [ 40522343.765299998223782, 3529971.947499999310821 ], [ 40522357.962899997830391, 3529990.647699999157339 ], [ 40522398.50450000166893, 3529999.329099999275059 ], [ 40522417.328500002622604, 3530006.939299999736249 ], [ 40522487.125500001013279, 3530021.8855000003241 ], [ 40522514.1673, 3529900.008100001141429 ], [ 40522534.517499998211861, 3529808.28870000038296 ] ] ] ] } },
{ "type": "Feature", "properties": { "OBJECTID": 18536, "DKBH": "ZC-CZ-B07-15", "YDDM": "R2", "DKMJ": 82332.2, "YDJRX": "A、B、S、G", "RJL": "1.2-3.5", "JZMD": "≤30%", "LDL": "≥30%", "JDCW": "0.6个/100㎡", "DTSTZB": " ", "CSSJZB": " ", "REMARK": " ", "PLANNAME": "《江阴市中心城区主城控制性详细规划》（青山未来社区）调整", "PLANDATE": "2024-02-20T00:00:00Z", "PLANUNIT": "江阴市城乡规划设计院", "PASSDATE": "2024-03-20T00:00:00Z", "STARTTIME": "2024-04-10T16:59:23Z", "FGUID": null, "CADNAME": "01R2二类居住用地", "DXKJKF": " ", "YDXZ": "二类居住用地", "FTZMC": "ZC-CZ-B07-01-16.dwg", "JZGD": "/", "JC": null, "SHAPE_Length": 1286.5270466447716, "SHAPE_Area": 82332.192491941736 }, "geometry": { "type": "MultiPolygon", "coordinates": [ [ [ [ 40523004.553900003433228, 3529023.701899999286979 ], [ 40522851.3261, 3529018.803899998776615 ], [ 40522850.401299998164177, 3529056.186099999118596 ], [ 40522850.291411377489567, 3529061.667797567788512 ], [ 40522850.232904434204102, 3529067.150284469127655 ], [ 40522850.225784294307232, 3529072.633078932296485 ], [ 40522850.270050041377544, 3529078.115699171554297 ], [ 40522850.365694046020508, 3529083.597663819789886 ], [ 40522850.512717224657536, 3529089.078491094056517 ], [ 40522850.711099997162819, 3529094.55769999884069 ], [ 40522854.2095, 3529180.101300000213087 ], [ 40522866.692900002002716, 3529192.499699999578297 ], [ 40523229.730899997055531, 3529204.866299999412149 ], [ 40523333.3847, 3529211.123299999628216 ], [ 40523341.565700002014637, 3529201.888899999670684 ], [ 40523322.959700003266335, 3529100.167299999855459 ], [ 40523314.119099996984005, 3529071.286700000520796 ], [ 40523307.214100003242493, 3529033.535299999173731 ], [ 40523290.230700001120567, 3529032.989699998870492 ], [ 40523004.553900003433228, 3529023.701899999286979 ] ] ] ] } },
{ "type": "Feature", "properties": { "OBJECTID": 18537, "DKBH": "ZC-CZ-B07-36", "YDDM": "R2", "DKMJ": 125942.2, "YDJRX": "A、B、S、G", "RJL": "1.2-3.5", "JZMD": "≤30%", "LDL": "≥30%", "JDCW": "0.8个/100㎡", "DTSTZB": " ", "CSSJZB": " ", "REMARK": " ", "PLANNAME": "《江阴市中心城区主城控制性详细规划》（青山未来社区）调整", "PLANDATE": "2024-02-20T00:00:00Z", "PLANUNIT": "江阴市城乡规划设计院", "PASSDATE": "2024-03-20T00:00:00Z", "STARTTIME": "2024-04-10T16:59:23Z", "FGUID": null, "CADNAME": "01R2二类居住用地", "DXKJKF": " ", "YDXZ": "二类居住用地", "FTZMC": "ZC-CZ-B07-17-40.dwg", "JZGD": "/", "JC": null, "SHAPE_Length": 1658.0620454864018, "SHAPE_Area": 164951.2405454593 }, "geometry": { "type": "MultiPolygon", "coordinates": [ [ [ [ 40523360.896499998867512, 3529037.128099999390543 ], [ 40523345.3891, 3529036.604099998716265 ], [ 40523352.32209999859333, 3529074.507099999580532 ], [ 40523354.276699997484684, 3529104.6467 ], [ 40523372.6153, 3529204.906299998983741 ], [ 40523379.249300003051758, 3529241.175699999555945 ], [ 40523400.375699996948242, 3529356.676499999593943 ], [ 40523407.7769, 3529377.687699999194592 ], [ 40523414.813299998641014, 3529416.156700000166893 ], [ 40523444.0695, 3529444.217899999581277 ], [ 40523491.137100003659725, 3529450.813900000881404 ], [ 40523510.458099998533726, 3529457.055700000841171 ], [ 40523615.114500001072884, 3529471.721899999305606 ], [ 40523650.968500003218651, 3529476.746500000357628 ], [ 40523689.653300002217293, 3529482.167700000107288 ], [ 40523834.9789, 3529502.533099999185652 ], [ 40523853.2945, 3529504.035899999551475 ], [ 40523878.5695, 3529310.13829999929294 ], [ 40523878.478842854499817, 3529309.989442851394415 ], [ 40523878.38818571716547, 3529309.840585712343454 ], [ 40523878.297528572380543, 3529309.691728569567204 ], [ 40523877.9349, 3529309.096300001256168 ], [ 40523877.734088748693466, 3529308.768014181405306 ], [ 40523877.532964698970318, 3529308.439918338786811 ], [ 40523877.331531517207623, 3529308.112012862693518 ], [ 40523877.129789344966412, 3529307.784298061858863 ], [ 40523876.927736274898052, 3529307.456774055492133 ], [ 40523876.725372165441513, 3529307.129441250115633 ], [ 40523876.522699996829033, 3529306.802300000563264 ], [ 40523876.319853022694588, 3529306.475573499221355 ], [ 40523876.116678230464458, 3529306.149050414096564 ], [ 40523875.913177482783794, 3529305.822731375228614 ], [ 40523875.709348671138287, 3529305.496616363059729 ], [ 40523875.505191795527935, 3529305.170705973636359 ], [ 40523875.300708964467049, 3529304.845000345725566 ], [ 40523875.0959, 3529304.519500000402331 ], [ 40523874.890875808894634, 3529304.194388727657497 ], [ 40523874.68550681322813, 3529303.869494735728949 ], [ 40523874.479793541133404, 3529303.544818758498877 ], [ 40523874.273735038936138, 3529303.220360874664038 ], [ 40523874.067333213984966, 3529302.896121441852301 ], [ 40523873.860589019954205, 3529302.572101096622646 ], [ 40523873.653499998152256, 3529302.248299998696893 ], [ 40523873.446210794150829, 3529301.924945630598813 ], [ 40523873.238557815551758, 3529301.601823151111603 ], [ 40523873.030549995601177, 3529301.278932690154761 ], [ 40523872.82217787951231, 3529300.956274747382849 ], [ 40523872.613443374633789, 3529300.633849680423737 ], [ 40523872.404352121055126, 3529300.311657943297178 ], [ 40523872.194899998605251, 3529299.989699999801815 ], [ 40523871.985173173248768, 3529299.668186877388507 ], [ 40523871.775070182979107, 3529299.346920191776007 ], [ 40523871.564590446650982, 3529299.025900601875037 ], [ 40523871.35373305529356, 3529298.70512831164524 ], [ 40523871.142498008906841, 3529298.384603678714484 ], [ 40523870.930886216461658, 3529298.064327572006732 ], [ 40523870.718900002539158, 3529297.744299999438226 ], [ 40523870.506707541644573, 3529297.4247129810974 ], [ 40523870.294122688472271, 3529297.10538738919422 ], [ 40523870.081142418086529, 3529296.786324023734778 ], [ 40523869.86777114123106, 3529296.467522978316993 ], [ 40523869.654005043208599, 3529296.148984968196601 ], [ 40523869.439849250018597, 3529295.830710495822132 ], [ 40523869.2253, 3529295.512700000777841 ], [ 40523869.01046846061945, 3529295.195180327631533 ], [ 40523868.795225143432617, 3529294.877937853336334 ], [ 40523868.579578392207623, 3529294.560972928535193 ], [ 40523868.363519661128521, 3529294.24428617907688 ], [ 40523868.147052764892578, 3529293.927878081798553 ], [ 40523867.93018052726984, 3529293.611749083735049 ], [ 40523867.712899997830391, 3529293.295899999327958 ], [ 40523867.495341032743454, 3529292.980532207060605 ], [ 40523867.277359008789062, 3529292.665457427501678 ], [ 40523867.058954231441021, 3529292.350676416885108 ], [ 40523866.840126030147076, 3529292.036189555656165 ], [ 40523866.620870590209961, 3529291.721997439861298 ], [ 40523866.401196211576462, 3529291.40810076193884 ], [ 40523866.181100003421307, 3529291.094499999657273 ], [ 40523865.960700035095215, 3529290.781397019978613 ], [ 40523865.739860534667969, 3529290.468603432178497 ], [ 40523865.518587104976177, 3529290.156120180618018 ], [ 40523865.296871177852154, 3529289.843947529327124 ], [ 40523865.074716567993164, 3529289.532086074352264 ], [ 40523864.852126121520996, 3529289.220536743756384 ], [ 40523864.629100002348423, 3529288.909300000406802 ], [ 40523864.405772067606449, 3529288.598574799485505 ], [ 40523864.181989669799805, 3529288.288176000118256 ], [ 40523863.957757942378521, 3529287.978104233276099 ], [ 40523863.733070366084576, 3529287.668360113631934 ], [ 40523863.507930755615234, 3529287.358944118022919 ], [ 40523863.282339908182621, 3529287.049857300706208 ], [ 40523863.0563, 3529286.741100000217557 ], [ 40523862.829645685851574, 3529286.432462380733341 ], [ 40523862.602521896362305, 3529286.124169409275055 ], [ 40523862.374933235347271, 3529285.816221951972693 ], [ 40523862.146875374019146, 3529285.508620500098914 ], [ 40523861.91834831237793, 3529285.201365888118744 ], [ 40523861.689358286559582, 3529284.894458816852421 ], [ 40523861.4599, 3529284.587899999693036 ], [ 40523861.230735056102276, 3529284.282757131848484 ], [ 40523861.001092903316021, 3529283.977974831592292 ], [ 40523860.77096938341856, 3529283.673554062377661 ], [ 40523860.540369026362896, 3529283.369495391380042 ], [ 40523860.309289924800396, 3529283.06579965306446 ], [ 40523860.077733270823956, 3529282.762467591557652 ], [ 40523859.84570000320673, 3529282.459499999880791 ], [ 40523859.807214289903641, 3529282.409414283931255 ], [ 40523859.768728569149971, 3529282.359328566119075 ], [ 40523859.730242848396301, 3529282.309242848306894 ], [ 40523859.576300002634525, 3529282.108899999875575 ], [ 40523859.564642861485481, 3529282.093757143244147 ], [ 40523859.552985712885857, 3529282.078614286612719 ], [ 40523859.541328571736813, 3529282.06347142951563 ], [ 40523859.529671430587769, 3529282.048328572884202 ], [ 40523859.4947, 3529282.002899999264628 ], [ 40523851.583942465484142, 3529272.285506962332875 ], [ 40523843.169622413814068, 3529263.000734507571906 ], [ 40523834.275356285274029, 3529254.174646019469947 ], [ 40523824.926111213862896, 3529245.832017302047461 ], [ 40523815.148136131465435, 3529237.996266901027411 ], [ 40523804.968872122466564, 3529230.689390777144581 ], [ 40523794.416900001466274, 3529223.931900000199676 ], [ 40523794.191401444375515, 3529223.795959292445332 ], [ 40523793.965755455195904, 3529223.660265266429633 ], [ 40523793.739959709346294, 3529223.524818062316626 ], [ 40523793.514015190303326, 3529223.389617800246924 ], [ 40523793.287925712764263, 3529223.254664480220526 ], [ 40523793.061686478555202, 3529223.119958578143269 ], [ 40523792.835299998521805, 3529222.985500000417233 ], [ 40523792.545702055096626, 3529222.813986196648329 ], [ 40523792.255874633789062, 3529222.642862260341644 ], [ 40523791.965820305049419, 3529222.472128390800208 ], [ 40523791.675533287227154, 3529222.301784991752356 ], [ 40523791.385015487670898, 3529222.131832182407379 ], [ 40523791.094270780682564, 3529221.962270393501967 ], [ 40523790.8033, 3529221.793099999893457 ], [ 40523790.511864677071571, 3529221.624143006280065 ], [ 40523790.220211029052734, 3529221.455561697483063 ], [ 40523789.928340904414654, 3529221.287356376182288 ], [ 40523789.636255256831646, 3529221.119527220260352 ], [ 40523789.343950271606445, 3529220.952074587345123 ], [ 40523789.051432624459267, 3529220.784998657181859 ], [ 40523788.758699998259544, 3529220.618299998808652 ], [ 40523788.46557042747736, 3529220.451872436329722 ], [ 40523788.172235481441021, 3529220.285805999767035 ], [ 40523787.878694526851177, 3529220.12010097457096 ], [ 40523787.584951393306255, 3529219.954757689964026 ], [ 40523787.291004173457623, 3529219.789776145946234 ], [ 40523786.996852852404118, 3529219.625156847760081 ], [ 40523786.7025, 3529219.460899999830872 ], [ 40523786.40773319453001, 3529219.296888517681509 ], [ 40523786.112773887813091, 3529219.133223473560065 ], [ 40523785.817621223628521, 3529218.969904899131507 ], [ 40523785.522277824580669, 3529218.806933044921607 ], [ 40523785.226741783320904, 3529218.644308030139655 ], [ 40523784.931016199290752, 3529218.482030319515616 ], [ 40523784.6351, 3529218.320099999662489 ], [ 40523784.338781408965588, 3529218.158391341101378 ], [ 40523784.042285904288292, 3529217.997013747226447 ], [ 40523783.745607368648052, 3529217.835967659484595 ], [ 40523783.448749534785748, 3529217.67525291396305 ], [ 40523783.151712402701378, 3529217.514869987498969 ], [ 40523782.854494147002697, 3529217.354818924795836 ], [ 40523782.557099997997284, 3529217.195099999662489 ], [ 40523782.25929232686758, 3529217.035580057650805 ], [ 40523781.961313240230083, 3529216.876376091968268 ], [ 40523781.66316794604063, 3529216.717488049995154 ], [ 40523781.364852897822857, 3529216.558916329871863 ], [ 40523781.066370002925396, 3529216.400660812389106 ], [ 40523780.767718993127346, 3529216.242722053080797 ], [ 40523780.468900002539158, 3529216.085099999327213 ], [ 40523780.169743053615093, 3529215.927655854728073 ], [ 40523779.870429985225201, 3529215.770511924754828 ], [ 40523779.57095717638731, 3529215.61366832209751 ], [ 40523779.271327964961529, 3529215.457125186454505 ], [ 40523778.971542350947857, 3529215.300882517825812 ], [ 40523778.67159890383482, 3529215.144940772559494 ], [ 40523778.3715, 3529214.989299998618662 ], [ 40523778.07102582603693, 3529214.833874940406531 ], [ 40523777.770404808223248, 3529214.678734123241156 ], [ 40523777.469635002315044, 3529214.523877858649939 ], [ 40523777.168720237910748, 3529214.369306206237525 ], [ 40523776.867660515010357, 3529214.215019166003913 ], [ 40523776.566453911364079, 3529214.061017155181617 ], [ 40523776.265100002288818, 3529213.9073 ], [ 40523775.963392332196236, 3529213.753723152913153 ], [ 40523775.661550521850586, 3529213.60041469335556 ], [ 40523775.359573356807232, 3529213.447374581824988 ], [ 40523775.057458870112896, 3529213.294602870475501 ], [ 40523774.755205154418945, 3529213.142099797725677 ], [ 40523774.452819898724556, 3529212.989865430630744 ], [ 40523774.1503000035882, 3529212.837899998761714 ], [ 40523773.847420655190945, 3529212.686086446046829 ], [ 40523773.544414512813091, 3529212.534524976741523 ], [ 40523773.241283409297466, 3529212.38321554614231 ], [ 40523772.938026420772076, 3529212.232158183585852 ], [ 40523772.634643547236919, 3529212.08135300828144 ], [ 40523772.331133805215359, 3529211.930800229310989 ], [ 40523772.027500003576279, 3529211.780499998945743 ], [ 40523771.723532304167747, 3529211.630364757962525 ], [ 40523771.419450752437115, 3529211.480464756023139 ], [ 40523771.115253441035748, 3529211.330800532829016 ], [ 40523770.810937874019146, 3529211.181371807586402 ], [ 40523770.506507866084576, 3529211.032178699504584 ], [ 40523770.201960191130638, 3529210.88322137016803 ], [ 40523769.897299997508526, 3529210.734499999321997 ], [ 40523769.592305891215801, 3529210.585871900431812 ], [ 40523769.287202827632427, 3529210.437462508212775 ], [ 40523768.981994621455669, 3529210.289272069465369 ], [ 40523768.676679603755474, 3529210.141300558578223 ], [ 40523768.371259681880474, 3529209.993547856342047 ], [ 40523768.065732710063457, 3529209.846014345996082 ], [ 40523767.7601, 3529209.698699999600649 ], [ 40523767.454160861670971, 3529209.551493919920176 ], [ 40523767.148128502070904, 3529209.404489814769477 ], [ 40523766.841995231807232, 3529209.257687687408179 ], [ 40523766.535766594111919, 3529209.111087560188025 ], [ 40523766.229440681636333, 3529208.964689433109015 ], [ 40523765.923017673194408, 3529208.818493641447276 ], [ 40523765.616499997675419, 3529208.672499999403954 ], [ 40523765.309649936854839, 3529208.52660170244053 ], [ 40523765.002708435058594, 3529208.380888402462006 ], [ 40523764.695684425532818, 3529208.235360383521765 ], [ 40523764.388568870723248, 3529208.090017437469214 ], [ 40523764.081365585327148, 3529207.944859683513641 ], [ 40523763.774077884852886, 3529207.799887091387063 ], [ 40523763.466700002551079, 3529207.655099999625236 ], [ 40523763.159022003412247, 3529207.510367105249316 ], [ 40523762.851264953613281, 3529207.365802228450775 ], [ 40523762.54343032091856, 3529207.221405505668372 ], [ 40523762.235515587031841, 3529207.077176808845252 ], [ 40523761.927520751953125, 3529206.933116257190704 ], [ 40523761.619450241327286, 3529206.789223978761584 ], [ 40523761.311300002038479, 3529206.645499999634922 ], [ 40523761.002880707383156, 3529206.501847543288022 ], [ 40523760.694391250610352, 3529206.358345925807953 ], [ 40523760.385835640132427, 3529206.214995026122779 ], [ 40523760.077205650508404, 3529206.071794986259192 ], [ 40523759.768505096435547, 3529205.928745687007904 ], [ 40523759.45973838865757, 3529205.78584734397009 ], [ 40523759.15089999884367, 3529205.643099999520928 ], [ 40523758.068306058645248, 3529205.145002789329737 ], [ 40523756.985699996352196, 3529204.6469 ], [ 40523755.900819063186646, 3529204.151608704589307 ], [ 40523754.8158999979496, 3529203.6563 ], [ 40523753.729217544198036, 3529203.163207965437323 ], [ 40523752.642499998211861, 3529202.67009999928996 ], [ 40523751.553921341896057, 3529202.178809632081538 ], [ 40523750.465300001204014, 3529201.687499998603016 ], [ 40523749.375208675861359, 3529201.197703897953033 ], [ 40523748.285099998116493, 3529200.707899999804795 ], [ 40523747.193600744009018, 3529200.21900033345446 ], [ 40523746.1021, 3529199.730099999345839 ], [ 40523743.980708062648773, 3529198.78260360006243 ], [ 40523741.859300002455711, 3529197.835099999327213 ], [ 40523741.82512965798378, 3529197.819842892698944 ], [ 40523741.790958367288113, 3529197.804585754405707 ], [ 40523741.756786338984966, 3529197.789328693877906 ], [ 40523741.722614280879498, 3529197.77407145453617 ], [ 40523741.688444100320339, 3529197.758814274799079 ], [ 40523741.654271274805069, 3529197.743557172827423 ], [ 40523741.6201, 3529197.728299999143928 ], [ 40523740.470925889909267, 3529197.215311557520181 ], [ 40523739.3217, 3529196.7023 ], [ 40523738.226627498865128, 3529196.212912288960069 ], [ 40523737.131499998271465, 3529195.723499999381602 ], [ 40523736.0360127389431, 3529195.232905704528093 ], [ 40523734.940499998629093, 3529194.742299998644739 ], [ 40523733.84490804374218, 3529194.250003614462912 ], [ 40523732.749300003051758, 3529193.757699999492615 ], [ 40523731.653716288506985, 3529193.26330734975636 ], [ 40523730.5581, 3529192.768899999093264 ], [ 40523729.462803602218628, 3529192.271901633124799 ], [ 40523728.3675, 3529191.77489999961108 ], [ 40523727.272493816912174, 3529191.274897175375372 ], [ 40523726.177500002086163, 3529190.774899998679757 ], [ 40523725.083189778029919, 3529190.271395296789706 ], [ 40523723.988899998366833, 3529189.767899999395013 ], [ 40523723.676287055015564, 3529189.623415222857147 ], [ 40523723.363746635615826, 3529189.478777586948127 ], [ 40523723.051275245845318, 3529189.333987354766577 ], [ 40523722.738876335322857, 3529189.189044475089759 ], [ 40523722.426546089351177, 3529189.04394882870838 ], [ 40523722.114286780357361, 3529188.898700705263764 ], [ 40523721.802100002765656, 3529188.753299999516457 ], [ 40523721.489746943116188, 3529188.607639621943235 ], [ 40523721.177473060786724, 3529188.46180885983631 ], [ 40523720.865280143916607, 3529188.315807699691504 ], [ 40523720.553165428340435, 3529188.169636129867285 ], [ 40523720.241130821406841, 3529188.023294269572943 ], [ 40523719.929175272583961, 3529187.8767822496593 ], [ 40523719.617299996316433, 3529187.730100000277162 ], [ 40523719.305291727185249, 3529187.583120878785849 ], [ 40523718.993370048701763, 3529187.435953676234931 ], [ 40523718.68153952807188, 3529187.288598775397986 ], [ 40523718.369796745479107, 3529187.141055702697486 ], [ 40523718.058141700923443, 3529186.993324934970587 ], [ 40523717.746575906872749, 3529186.845406349748373 ], [ 40523717.435099996626377, 3529186.697299999650568 ], [ 40523717.123519726097584, 3529186.548887548036873 ], [ 40523716.812038414180279, 3529186.400269686710089 ], [ 40523716.500654213130474, 3529186.251446365844458 ], [ 40523716.189367286860943, 3529186.102417706977576 ], [ 40523715.878181450068951, 3529185.953183590900153 ], [ 40523715.567090816795826, 3529185.803744372911751 ], [ 40523715.256099998950958, 3529185.6541 ], [ 40523714.945176616311073, 3529185.504225239157677 ], [ 40523714.634361259639263, 3529185.354127585422248 ], [ 40523714.323654167354107, 3529185.203807234298438 ], [ 40523714.013053886592388, 3529185.053264259826392 ], [ 40523713.702560417354107, 3529184.90249854279682 ], [ 40523713.392177119851112, 3529184.751510605216026 ], [ 40523713.0819, 3529184.600300001446158 ], [ 40523712.819275796413422, 3529184.472129801288247 ], [ 40523712.556737892329693, 3529184.343787490855902 ], [ 40523712.294280998408794, 3529184.215273499023169 ], [ 40523712.031909935176373, 3529184.086587666999549 ], [ 40523711.769622795283794, 3529183.95773011399433 ], [ 40523711.507418572902679, 3529183.828700879588723 ], [ 40523711.245300002396107, 3529183.699499999638647 ], [ 40523710.648592084646225, 3529183.403896078001708 ], [ 40523710.0519, 3529183.108300000894815 ], [ 40523698.571651756763458, 3529177.173472763970494 ], [ 40523687.282474517822266, 3529170.882783710956573 ], [ 40523676.195398323237896, 3529164.242377638351172 ], [ 40523665.321250908076763, 3529157.25874090148136 ], [ 40523654.670652389526367, 3529149.938695132732391 ], [ 40523644.254011452198029, 3529142.289390804246068 ], [ 40523634.081500001251698, 3529134.318300001323223 ], [ 40523634.027642853558064, 3529134.274671429768205 ], [ 40523633.97378571331501, 3529134.231042859144509 ], [ 40523633.919928565621376, 3529134.187414286658168 ], [ 40523633.866071425378323, 3529134.143785715103149 ], [ 40523633.812214285135269, 3529134.100157141685486 ], [ 40523633.704499997198582, 3529134.0129 ], [ 40523633.194998875260353, 3529133.598399084527045 ], [ 40523632.685500003397465, 3529133.183899998664856 ], [ 40523632.459307260811329, 3529132.999143405817449 ], [ 40523632.233236312866211, 3529132.814238846302032 ], [ 40523632.007287971675396, 3529132.629186510574073 ], [ 40523631.781459800899029, 3529132.443986415397376 ], [ 40523631.555749893188477, 3529132.258638441562653 ], [ 40523631.33016449958086, 3529132.073143049143255 ], [ 40523631.1047, 3529131.887499999720603 ], [ 40523630.838227935135365, 3529131.667815372347832 ], [ 40523630.571908950805664, 3529131.447939693927765 ], [ 40523630.305753700435162, 3529131.22787320567295 ], [ 40523630.039752952754498, 3529131.00761580420658 ], [ 40523629.773908615112305, 3529130.787167727947235 ], [ 40523629.508226104080677, 3529130.566529080271721 ], [ 40523629.242700003087521, 3529130.3457 ], [ 40523628.977490283548832, 3529130.1248245742172 ], [ 40523628.712425231933594, 3529129.903774201869965 ], [ 40523628.447509758174419, 3529129.682548880111426 ], [ 40523628.182737343013287, 3529129.461148738395423 ], [ 40523627.918109893798828, 3529129.239573776721954 ], [ 40523627.653632022440434, 3529129.017824104055762 ], [ 40523627.389300003647804, 3529128.795899999327958 ], [ 40523627.125326164066792, 3529128.57394816307351 ], [ 40523626.861486434936523, 3529128.351837337017059 ], [ 40523626.597782127559185, 3529128.129567503463477 ], [ 40523626.334211342036724, 3529127.907138823997229 ], [ 40523626.070772171020508, 3529127.684551179409027 ], [ 40523625.807468421757221, 3529127.461804884951562 ], [ 40523625.544299997389317, 3529127.238900000229478 ], [ 40523625.281421326100826, 3529127.016043979208916 ], [ 40523625.01866339892149, 3529126.793044507037848 ], [ 40523624.756027214229107, 3529126.569901942741126 ], [ 40523624.493513099849224, 3529126.346616148483008 ], [ 40523624.231121055781841, 3529126.123187124263495 ], [ 40523623.968848846852779, 3529125.899615007918328 ], [ 40523623.706699997186661, 3529125.675900000147521 ], [ 40523623.444857202470303, 3529125.452169009018689 ], [ 40523623.183124534785748, 3529125.228310167323798 ], [ 40523622.921501152217388, 3529125.004323601257056 ], [ 40523622.659986488521099, 3529124.78020930243656 ], [ 40523622.398582451045513, 3529124.555967151653022 ], [ 40523622.13728579133749, 3529124.331597395706922 ], [ 40523621.87610000371933, 3529124.107100000139326 ], [ 40523620.963995844125748, 3529123.320396412629634 ], [ 40523620.0519, 3529122.533699999563396 ], [ 40523619.142589285969734, 3529121.744890705216676 ], [ 40523618.2333, 3529120.956100000534207 ], [ 40523617.326600477099419, 3529120.165800416376442 ], [ 40523616.4199, 3529119.375499998684973 ], [ 40523615.515407077968121, 3529118.583806193899363 ], [ 40523614.6109, 3529117.792100000195205 ], [ 40523614.353014260530472, 3529117.565642833709717 ], [ 40523614.095128551125526, 3529117.339185684919357 ], [ 40523612.805699996650219, 3529116.206899999640882 ], [ 40523611.904817938804626, 3529115.413815793115646 ], [ 40523611.003899998962879, 3529114.620699999388307 ], [ 40523610.104217126965523, 3529113.827515101060271 ], [ 40523609.204499997198582, 3529113.034300000406802 ], [ 40523608.260917976498604, 3529112.201515865977854 ], [ 40523607.3173, 3529111.3687 ], [ 40523606.374421797692776, 3529110.536619235761464 ], [ 40523605.431500002741814, 3529109.704500000458211 ], [ 40523604.533819936215878, 3529108.913017575163394 ], [ 40523603.636100001633167, 3529108.121499999891967 ], [ 40523602.738500714302063, 3529107.331200630869716 ], [ 40523601.840899996459484, 3529106.540900000371039 ], [ 40523600.942782908678055, 3529105.752284993883222 ], [ 40523600.044699996709824, 3529104.963700000196695 ], [ 40523599.146085605025291, 3529104.177187400404364 ], [ 40523598.247500002384186, 3529103.390700000338256 ], [ 40523597.347903355956078, 3529102.606502926908433 ], [ 40523596.448299996554852, 3529101.822299999650568 ], [ 40523595.547397457063198, 3529101.040797796100378 ], [ 40523594.646499998867512, 3529100.2593 ], [ 40523593.744082130491734, 3529099.480984587687999 ], [ 40523592.841700002551079, 3529098.702699999324977 ], [ 40523592.583652600646019, 3529098.480921571608633 ], [ 40523592.325496673583984, 3529098.259269297122955 ], [ 40523592.067235939204693, 3529098.037743091117591 ], [ 40523591.808864586055279, 3529097.816342949401587 ], [ 40523591.550382614135742, 3529097.595068991184235 ], [ 40523591.291793927550316, 3529097.373921339865774 ], [ 40523591.033100001513958, 3529097.152900000102818 ], [ 40523590.774490162730217, 3529096.932162088342011 ], [ 40523590.515756607055664, 3529096.711565315723419 ], [ 40523590.256908409297466, 3529096.49110972834751 ], [ 40523589.997936241328716, 3529096.270795225631446 ], [ 40523589.738842010498047, 3529096.050622045993805 ], [ 40523589.479633137583733, 3529095.830590290017426 ], [ 40523589.220299996435642, 3529095.610699999146163 ], [ 40523588.961011186242104, 3529095.391144862398505 ], [ 40523588.701589576900005, 3529095.1717459554784 ], [ 40523588.442035667598248, 3529094.95250356150791 ], [ 40523588.182350151240826, 3529094.733417748939246 ], [ 40523587.92253302782774, 3529094.514488398563117 ], [ 40523587.662581697106361, 3529094.295715799555182 ], [ 40523587.402500003576279, 3529094.077099999878556 ], [ 40523587.142474345862865, 3529093.858784207608551 ], [ 40523586.882303237915039, 3529093.640640318393707 ], [ 40523586.621992103755474, 3529093.42266821814701 ], [ 40523586.361536018550396, 3529093.20486807776615 ], [ 40523586.100933074951172, 3529092.98723977804184 ], [ 40523585.840188197791576, 3529092.769783744122833 ], [ 40523585.579300001263618, 3529092.552499999757856 ], [ 40523585.318451337516308, 3529092.335538010578603 ], [ 40523585.057449333369732, 3529092.118763029109687 ], [ 40523584.796289436519146, 3529091.902175426017493 ], [ 40523584.534975044429302, 3529091.685775279533118 ], [ 40523584.273506157100201, 3529091.469562470447272 ], [ 40523584.011879377067089, 3529091.253537397366017 ], [ 40523583.750100001692772, 3529091.037700000684708 ], [ 40523583.488370403647423, 3529090.822234126739204 ], [ 40523583.226476661860943, 3529090.606970965396613 ], [ 40523582.964412681758404, 3529090.391910671722144 ], [ 40523582.702184669673443, 3529090.177053212653846 ], [ 40523582.439788810908794, 3529089.962398826610297 ], [ 40523582.177228435873985, 3529089.747947785072029 ], [ 40523581.914499998092651, 3529089.533699999563396 ], [ 40523581.651746392250061, 3529089.319814923685044 ], [ 40523581.388814926147461, 3529089.106148421764374 ], [ 40523581.125707618892193, 3529088.892700790893286 ], [ 40523580.862421028316021, 3529088.679471969138831 ], [ 40523580.598957061767578, 3529088.466461956501007 ], [ 40523580.335317254066467, 3529088.253671291749924 ], [ 40523580.07150000333786, 3529088.0411 ], [ 40523579.807721786201, 3529087.828909904230386 ], [ 40523579.543754570186138, 3529087.616954385768622 ], [ 40523579.279600135982037, 3529087.405233621131629 ], [ 40523579.015256874263287, 3529087.193747519981116 ], [ 40523578.750726692378521, 3529086.982496439944953 ], [ 40523578.486007384955883, 3529086.771480471361428 ], [ 40523578.221100002527237, 3529086.560700000263751 ], [ 40523577.956181608140469, 3529086.350290027447045 ], [ 40523577.691064827144146, 3529086.140130579005927 ], [ 40523577.425748817622662, 3529085.930222153197974 ], [ 40523577.160232536494732, 3529085.720564603339881 ], [ 40523576.894519798457623, 3529085.511158287059516 ], [ 40523576.628607831895351, 3529085.302003351040184 ], [ 40523576.362499997019768, 3529085.093099999241531 ], [ 40523576.096383176743984, 3529084.884612496010959 ], [ 40523575.830055236816406, 3529084.676391899585724 ], [ 40523575.563522331416607, 3529084.468438505660743 ], [ 40523575.296777717769146, 3529084.260752319823951 ], [ 40523575.029825210571289, 3529084.053333699703217 ], [ 40523574.762667737901211, 3529083.846182878129184 ], [ 40523574.495300002396107, 3529083.6393 ], [ 40523574.227895945310593, 3529083.432876710779965 ], [ 40523573.960275650024414, 3529083.226737201213837 ], [ 40523573.692436210811138, 3529083.020881294738501 ], [ 40523573.424379341304302, 3529082.815309404861182 ], [ 40523573.156101226806641, 3529082.610021770000458 ], [ 40523572.88760969042778, 3529082.405018453486264 ], [ 40523572.618900001049042, 3529082.200299999210984 ], [ 40523572.35015445202589, 3529081.995997413061559 ], [ 40523572.081180565059185, 3529081.791995226871222 ], [ 40523571.811979286372662, 3529081.588293790351599 ], [ 40523571.542551033198833, 3529081.384893297683448 ], [ 40523571.272893898189068, 3529081.181793987285346 ], [ 40523571.003009371459484, 3529080.978996141813695 ], [ 40523570.732900001108646, 3529080.776500000152737 ], [ 40523570.462781384587288, 3529080.57443236047402 ], [ 40523570.192424766719341, 3529080.372681915294379 ], [ 40523569.921833030879498, 3529080.171249269973487 ], [ 40523569.651002876460552, 3529079.970134377013892 ], [ 40523569.379938118159771, 3529079.769337713252753 ], [ 40523569.10863633453846, 3529079.5688595646061 ], [ 40523568.8371, 3529079.3687 ], [ 40523568.565490923821926, 3529079.169037429615855 ], [ 40523568.293640129268169, 3529078.969709455501288 ], [ 40523568.021541588008404, 3529078.770716547500342 ], [ 40523567.749196998775005, 3529078.572058796416968 ], [ 40523567.476608268916607, 3529078.373736559879035 ], [ 40523567.203775607049465, 3529078.175750223919749 ], [ 40523566.930699996650219, 3529077.978099999483675 ], [ 40523566.657459750771523, 3529077.780840761959553 ], [ 40523566.383964538574219, 3529077.583934128284454 ], [ 40523566.110219947993755, 3529077.387380361091346 ], [ 40523565.836217872798443, 3529077.191179751884192 ], [ 40523565.561962127685547, 3529076.995332539081573 ], [ 40523565.287457004189491, 3529076.799839146435261 ], [ 40523565.012699998915195, 3529076.604699999559671 ], [ 40523564.738138854503632, 3529076.410246620886028 ], [ 40523564.463315963745117, 3529076.216162860393524 ], [ 40523564.188234321773052, 3529076.022449135314673 ], [ 40523563.91288947314024, 3529075.829105495940894 ], [ 40523563.637283325195312, 3529075.636132538318634 ], [ 40523563.3614222407341, 3529075.443530569784343 ], [ 40523563.085299998521805, 3529075.251300000119954 ], [ 40523562.868904888629913, 3529075.101045706775039 ], [ 40523562.652347557246685, 3529074.951028167735785 ], [ 40523562.435625068843365, 3529074.801247715484351 ], [ 40523562.218740455806255, 3529074.651704549323767 ], [ 40523562.001689903438091, 3529074.502398669254035 ], [ 40523561.784476101398468, 3529074.35333047201857 ], [ 40523561.567100003361702, 3529074.204499999061227 ], [ 40523561.553186401724815, 3529074.194985735695809 ], [ 40523561.539272285997868, 3529074.185471474658698 ], [ 40523561.525358192622662, 3529074.175957202445716 ], [ 40523561.511444084346294, 3529074.166442870628089 ], [ 40523561.497529961168766, 3529074.156928598415107 ], [ 40523561.483615860342979, 3529074.147414315026253 ], [ 40523561.469700001180172, 3529074.13789999904111 ], [ 40523561.090056970715523, 3529073.879109599161893 ], [ 40523560.709911338984966, 3529073.621057092677802 ], [ 40523560.329265587031841, 3529073.363743781577796 ], [ 40523559.948118202388287, 3529073.107170462142676 ], [ 40523559.566474907100201, 3529072.85133796883747 ], [ 40523559.184335306286812, 3529072.596247531939298 ], [ 40523558.801700003445148, 3529072.341899999883026 ], [ 40523558.326420500874519, 3529072.02755005704239 ], [ 40523557.850278846919537, 3529071.714512764941901 ], [ 40523557.373271934688091, 3529071.402790665160865 ], [ 40523556.895408622920513, 3529071.092385887634009 ], [ 40523556.416688911616802, 3529070.783300935756415 ], [ 40523555.937117293477058, 3529070.475538209546357 ], [ 40523555.456699997186661, 3529070.169099999126047 ], [ 40523550.780992418527603, 3529067.391752238385379 ], [ 40523545.945230476558208, 3529064.90351504040882 ], [ 40523540.967269890010357, 3529062.713575958739966 ], [ 40523535.865493766963482, 3529060.830020665656775 ], [ 40523530.658735267817974, 3529059.259803771506995 ], [ 40523525.366220466792583, 3529058.008722900878638 ], [ 40523520.007490150630474, 3529057.081397354137152 ], [ 40523514.602331072092056, 3529056.481251115910709 ], [ 40523509.170699998736382, 3529056.210499999113381 ], [ 40523500.619169168174267, 3529055.916920660063624 ], [ 40523492.080175392329693, 3529055.368767678271979 ], [ 40523483.561296455562115, 3529054.566527723800391 ], [ 40523475.070091240108013, 3529053.510912417899817 ], [ 40523466.61409568041563, 3529052.202858268748969 ], [ 40523458.20080941170454, 3529050.643526433035731 ], [ 40523449.837700001895428, 3529048.834299999754876 ], [ 40523437.29548804461956, 3529046.107501745223999 ], [ 40523424.682470321655273, 3529043.729600012302399 ], [ 40523412.008361808955669, 3529041.702424287330359 ], [ 40523399.282903663814068, 3529040.027533888351172 ], [ 40523386.515886306762695, 3529038.706217467784882 ], [ 40523373.717137977480888, 3529037.739491581916809 ], [ 40523360.896499998867512, 3529037.128099999390543 ] ] ] ] } },
{ "type": "Feature", "properties": { "OBJECTID": 18538, "DKBH": "ZC-CZ-B06-39", "YDDM": "R2", "DKMJ": 62191.2, "YDJRX": "A、B、S、G", "RJL": "1.2-3.5", "JZMD": "≤30%", "LDL": "≥30%", "JDCW": "0.6个/100㎡", "DTSTZB": " ", "CSSJZB": " ", "REMARK": " ", "PLANNAME": "《江阴市中心城区主城控制性详细规划》（青山未来社区）调整", "PLANDATE": "2024-02-20T00:00:00Z", "PLANUNIT": "江阴市城乡规划设计院", "PASSDATE": "2024-03-20T00:00:00Z", "STARTTIME": "2024-04-10T16:59:23Z", "FGUID": null, "CADNAME": "01R2二类居住用地", "DXKJKF": " ", "YDXZ": "二类居住用地", "FTZMC": "ZC-CZ-B06-28-46.dwg", "JZGD": "/", "JC": null, "SHAPE_Length": 1127.3705967933961, "SHAPE_Area": 62191.212700549309 }, "geometry": { "type": "MultiPolygon", "coordinates": [ [ [ [ 40522595.563299998641014, 3529365.343299999367446 ], [ 40522594.5321, 3529340.132299998775125 ], [ 40522687.614699997007847, 3529348.988900000229478 ], [ 40522727.766500003635883, 3529349.293099998962134 ], [ 40522790.1681, 3529355.230499999132007 ], [ 40522797.5335, 3529348.25429999968037 ], [ 40522796.1963, 3529315.556499999482185 ], [ 40522798.467500001192093, 3529285.438499999698251 ], [ 40522795.221699997782707, 3529206.074699998833239 ], [ 40522684.044100001454353, 3529202.287499999627471 ], [ 40522398.2161, 3529192.55089999968186 ], [ 40522387.614100001752377, 3529202.191899999510497 ], [ 40522385.483900003135204, 3529237.1743 ], [ 40522386.6941, 3529277.758899999316782 ], [ 40522384.107500001788139, 3529319.83469999814406 ], [ 40522404.467100001871586, 3529343.645499999634922 ], [ 40522460.7117, 3529348.996899999678135 ], [ 40522480.290299996733665, 3529354.375499999150634 ], [ 40522595.563299998641014, 3529365.343299999367446 ] ] ] ] } },
{ "type": "Feature", "properties": { "OBJECTID": 18539, "DKBH": "ZC-CZ-B06-19", "YDDM": "R2", "DKMJ": 95453.3, "YDJRX": "A、B、S、G", "RJL": "1.2-3.5", "JZMD": "≤30%", "LDL": "≥30%", "JDCW": "0.8个/100㎡", "DTSTZB": " ", "CSSJZB": " ", "REMARK": " ", "PLANNAME": "《江阴市中心城区主城控制性详细规划》（青山未来社区）调整", "PLANDATE": "2024-02-20T00:00:00Z", "PLANUNIT": "江阴市城乡规划设计院", "PASSDATE": "2024-03-20T00:00:00Z", "STARTTIME": "2024-04-10T16:59:23Z", "FGUID": null, "CADNAME": "01R2二类居住用地", "DXKJKF": " ", "YDXZ": "二类居住用地", "FTZMC": "ZC-CZ-B06-18-32.dwg", "JZGD": "/", "JC": null, "SHAPE_Length": 1278.7086645686131, "SHAPE_Area": 95451.330921032844 }, "geometry": { "type": "MultiPolygon", "coordinates": [ [ [ [ 40521844.571900002658367, 3528988.621700000483543 ], [ 40521739.187700003385544, 3528984.994099999777973 ], [ 40521537.012500002980232, 3529014.805099999532104 ], [ 40521526.972499996423721, 3529195.015499998815358 ], [ 40521591.931100003421307, 3529197.566700000315905 ], [ 40521584.894299998879433, 3529323.872899999376386 ], [ 40521639.306500002741814, 3529325.204300000332296 ], [ 40521668.580700002610683, 3529325.920500000473112 ], [ 40521834.38570000231266, 3529329.977300000376999 ], [ 40521848.337499998509884, 3529315.380499999504536 ], [ 40521840.732100002467632, 3529206.329899999778718 ], [ 40521840.177349925041199, 3529197.444933174178004 ], [ 40521839.751899711787701, 3529188.552837073337287 ], [ 40521839.455835334956646, 3529179.65549325896427 ], [ 40521839.289222709834576, 3529170.754784106742591 ], [ 40521839.252094261348248, 3529161.85259312344715 ], [ 40521839.344460368156433, 3529152.950803993269801 ], [ 40521839.566299997270107, 3529144.0513 ], [ 40521844.571900002658367, 3528988.621700000483543 ] ] ] ] } },
{ "type": "Feature", "properties": { "OBJECTID": 18556, "DKBH": "ZC-CZ-B04-44", "YDDM": "A33", "DKMJ": 53658.1, "YDJRX": "/", "RJL": "0.7-1.5", "JZMD": "≤40%", "LDL": "≥35%", "JDCW": "1.0个/100生", "DTSTZB": null, "CSSJZB": null, "REMARK": null, "PLANNAME": "《江阴市中心城区主城控制性详细规划》（青山未来社区）调整", "PLANDATE": "2024-02-20T00:00:00Z", "PLANUNIT": "江阴市城乡规划设计院", "PASSDATE": "2024-03-20T00:00:00Z", "STARTTIME": "2024-04-10T16:59:23Z", "FGUID": null, "CADNAME": "02A33中小学用地", "DXKJKF": null, "YDXZ": "中小学用地", "FTZMC": null, "JZGD": "/", "JC": null, "SHAPE_Length": 877.53852902078631, "SHAPE_Area": 44627.021844120543 }, "geometry": { "type": "MultiPolygon", "coordinates": [ [ [ [ 40521823.087300002574921, 3530467.856099999044091 ], [ 40521692.9485, 3530431.002100000157952 ], [ 40521682.612499997019768, 3530438.251899999100715 ], [ 40521662.3807, 3530720.764699999708682 ], [ 40521815.587700001895428, 3530753.812699999660254 ], [ 40521815.663500003516674, 3530752.235299999825656 ], [ 40521820.1199000030756, 3530732.426499999593943 ], [ 40521832.228699997067451, 3530480.569299999158829 ], [ 40521823.087300002574921, 3530467.856099999044091 ] ] ] ] } },
{ "type": "Feature", "properties": { "OBJECTID": 18557, "DKBH": "ZC-CZ-B04-47", "YDDM": "A4", "DKMJ": 39213.1, "YDJRX": "/", "RJL": "≤2.0", "JZMD": "≤50%", "LDL": "≥20%", "JDCW": "0.6个/100平方米", "DTSTZB": null, "CSSJZB": null, "REMARK": null, "PLANNAME": "《江阴市中心城区主城控制性详细规划》（青山未来社区）调整", "PLANDATE": "2024-02-20T00:00:00Z", "PLANUNIT": "江阴市城乡规划设计院", "PASSDATE": "2024-03-20T00:00:00Z", "STARTTIME": "2024-04-10T16:59:23Z", "FGUID": null, "CADNAME": "02A4体育用地", "DXKJKF": null, "YDXZ": "体育用地", "FTZMC": null, "JZGD": "/", "JC": null, "SHAPE_Length": 778.46798064389543, "SHAPE_Area": 38387.803781869719 }, "geometry": { "type": "MultiPolygon", "coordinates": [ [ [ [ 40521499.726499997079372, 3530163.295899999793619 ], [ 40521492.067100003361702, 3530232.044300000648946 ], [ 40521472.729099996387959, 3530347.851899999193847 ], [ 40521595.046899996697903, 3530382.491100000683218 ], [ 40521655.511699996888638, 3530399.613900000229478 ], [ 40521665.847499996423721, 3530392.364299999084324 ], [ 40521680.006700001657009, 3530194.6505 ], [ 40521514.583499997854233, 3530152.988099999260157 ], [ 40521513.782946839928627, 3530152.815292954444885 ], [ 40521512.972469329833984, 3530152.697493851184845 ], [ 40521512.155849449336529, 3530152.635251402389258 ], [ 40521511.336881630122662, 3530152.628855227958411 ], [ 40521510.519386284053326, 3530152.678335427772254 ], [ 40521509.707168571650982, 3530152.783461451064795 ], [ 40521508.904014579951763, 3530152.943743586074561 ], [ 40521508.113662712275982, 3530153.158435225021094 ], [ 40521507.339796058833599, 3530153.426536321174353 ], [ 40521506.58601950854063, 3530153.746798157226294 ], [ 40521505.855842582881451, 3530154.117728948127478 ], [ 40521505.152667991816998, 3530154.537600874435157 ], [ 40521504.479768745601177, 3530155.004458307754248 ], [ 40521503.840282432734966, 3530155.516126393806189 ], [ 40521503.237186424434185, 3530156.07022201968357 ], [ 40521502.673288337886333, 3530156.664164065849036 ], [ 40521502.151216499507427, 3530157.295186042319983 ], [ 40521501.673402778804302, 3530157.960348724853247 ], [ 40521501.242071144282818, 3530158.656553744804114 ], [ 40521500.859233848750591, 3530159.380558132659644 ], [ 40521500.526670448482037, 3530160.128989696037024 ], [ 40521500.24593161791563, 3530160.898362040054053 ], [ 40521500.01832389831543, 3530161.685091435909271 ], [ 40521499.84491278231144, 3530162.4855135679245 ], [ 40521499.726499997079372, 3530163.295899999793619 ] ] ] ] } },
{ "type": "Feature", "properties": { "OBJECTID": 18558, "DKBH": "ZC-CZ-B06-06", "YDDM": "A5", "DKMJ": 26177.7, "YDJRX": " ", "RJL": "1.0-2.5", "JZMD": "≤50%", "LDL": "≥35%", "JDCW": "1.3个/100M2", "DTSTZB": " ", "CSSJZB": " ", "REMARK": " ", "PLANNAME": "《江阴市中心城区主城控制性详细规划》（青山未来社区）调整", "PLANDATE": "2024-02-20T00:00:00Z", "PLANUNIT": "江阴市城乡规划设计院", "PASSDATE": "2024-03-20T00:00:00Z", "STARTTIME": "2024-04-10T16:59:23Z", "FGUID": null, "CADNAME": "02A5医疗卫生用地", "DXKJKF": " ", "YDXZ": "医疗卫生用地", "FTZMC": "ZC-CZ-B06-01-17.dwg", "JZGD": "/", "JC": null, "SHAPE_Length": 647.71983009240842, "SHAPE_Area": 26177.740659493131 }, "geometry": { "type": "MultiPolygon", "coordinates": [ [ [ [ 40521686.688299998641014, 3529366.37569999974221 ], [ 40521554.3459, 3529363.137699999846518 ], [ 40521545.488899998366833, 3529362.921099999453872 ], [ 40521525.286700002849102, 3529365.92769999941811 ], [ 40521517.4613, 3529365.736299999058247 ], [ 40521508.772699996829033, 3529521.689500000793487 ], [ 40521621.287299998104572, 3529515.5513 ], [ 40521683.09009999781847, 3529513.854500000365078 ], [ 40521686.688299998641014, 3529366.37569999974221 ] ] ] ] } },
{ "type": "Feature", "properties": { "OBJECTID": 18569, "DKBH": "ZC-CZ-B06-07", "YDDM": "A6", "DKMJ": 24501.7, "YDJRX": " ", "RJL": "≤2.0", "JZMD": "≤45%", "LDL": "≥35%", "JDCW": "0.4个/100㎡", "DTSTZB": " ", "CSSJZB": " ", "REMARK": " ", "PLANNAME": "《江阴市中心城区主城控制性详细规划》（青山未来社区）调整", "PLANDATE": "2024-02-20T00:00:00Z", "PLANUNIT": "江阴市城乡规划设计院", "PASSDATE": "2024-03-20T00:00:00Z", "STARTTIME": "2024-04-10T16:59:23Z", "FGUID": null, "CADNAME": "02A6社会福利用地", "DXKJKF": " ", "YDXZ": "社会福利用地", "FTZMC": "ZC-CZ-B06-01-17.dwg", "JZGD": "/", "JC": null, "SHAPE_Length": 622.90318010861813, "SHAPE_Area": 24501.67614892183 }, "geometry": { "type": "MultiPolygon", "coordinates": [ [ [ [ 40521837.180699996650219, 3529370.05769999884069 ], [ 40521686.688299998641014, 3529366.37569999974221 ], [ 40521683.09009999781847, 3529513.854500000365078 ], [ 40521861.837300002574921, 3529508.946499998215586 ], [ 40521853.2245, 3529385.454699999187142 ], [ 40521837.180699996650219, 3529370.05769999884069 ] ] ] ] } },
{ "type": "Feature", "properties": { "OBJECTID": 18570, "DKBH": "ZC-CZ-A04-87", "YDDM": "B2", "DKMJ": 39681.7, "YDJRX": "A、B、S、G", "RJL": "1.5-4.0", "JZMD": "≤55%", "LDL": "≥15%", "JDCW": "0.6个/100㎡", "DTSTZB": " ", "CSSJZB": " ", "REMARK": " ", "PLANNAME": "《江阴市中心城区主城控制性详细规划》（青山未来社区）调整", "PLANDATE": "2024-02-20T00:00:00Z", "PLANUNIT": "江阴市城乡规划设计院", "PASSDATE": "2024-03-20T00:00:00Z", "STARTTIME": "2024-04-10T16:59:23Z", "FGUID": null, "CADNAME": "03B2商务用地", "DXKJKF": " ", "YDXZ": "商务用地", "FTZMC": "ZC-CZ-A04-71-88.dwg", "JZGD": "/", "JC": null, "SHAPE_Length": 1047.2442972717809, "SHAPE_Area": 39681.711122432251 }, "geometry": { "type": "MultiPolygon", "coordinates": [ [ [ [ 40521275.7751, 3530297.874899999704212 ], [ 40521279.6897, 3530227.41249999916181 ], [ 40521287.2755, 3530227.8843 ], [ 40521287.4881, 3530158.026499999221414 ], [ 40521271.9199, 3530158.026500000152737 ], [ 40521271.664899997413158, 3530137.18290000082925 ], [ 40521278.630500003695488, 3530137.287699999287724 ], [ 40521278.6827, 3530128.806899999734014 ], [ 40521303.198299996554852, 3530128.999699999578297 ], [ 40521302.950099997222424, 3530069.199899999890476 ], [ 40521287.62389999628067, 3530068.727699999697506 ], [ 40521267.7531, 3530064.55449999962002 ], [ 40521206.273699998855591, 3530062.477500000502914 ], [ 40521194.402099996805191, 3530073.349099999759346 ], [ 40521177.131300002336502, 3530392.266500000376254 ], [ 40521181.373499996960163, 3530397.118300000205636 ], [ 40521322.503300003707409, 3530408.3923 ], [ 40521338.6747, 3530394.272300000302494 ], [ 40521343.820500001311302, 3530301.655099999625236 ], [ 40521275.7751, 3530297.874899999704212 ] ] ] ] } },
{ "type": "Feature", "properties": { "OBJECTID": 18571, "DKBH": "ZC-CZ-B06-13", "YDDM": "B41", "DKMJ": 2999.5, "YDJRX": " /", "RJL": "≤0.8", "JZMD": "≤40%", "LDL": "≥15%", "JDCW": " ", "DTSTZB": " ", "CSSJZB": " ", "REMARK": " ", "PLANNAME": "《江阴市中心城区主城控制性详细规划》（青山未来社区）调整", "PLANDATE": "2024-02-20T00:00:00Z", "PLANUNIT": "江阴市城乡规划设计院", "PASSDATE": "2024-03-20T00:00:00Z", "STARTTIME": "2024-04-10T16:59:23Z", "FGUID": null, "CADNAME": "03B41加油加气站用地", "DXKJKF": " ", "YDXZ": "加油加气站用地", "FTZMC": "ZC-CZ-B06-01-17.dwg", "JZGD": "/", "JC": null, "SHAPE_Length": 248.19663395388764, "SHAPE_Area": 2999.4954020846808 }, "geometry": { "type": "MultiPolygon", "coordinates": [ [ [ [ 40521948.512900002300739, 3529392.787699999753386 ], [ 40521899.62049999833107, 3529391.591499999165535 ], [ 40521897.886100001633167, 3529393.40610000025481 ], [ 40521901.8869, 3529450.772699999157339 ], [ 40521903.890500001609325, 3529479.500899999402463 ], [ 40521923.933700002729893, 3529479.677899999544024 ], [ 40521928.9408999979496, 3529453.834500000346452 ], [ 40521948.512900002300739, 3529392.787699999753386 ] ] ] ] } },
{ "type": "Feature", "properties": { "OBJECTID": 18572, "DKBH": "ZC-CZ-B06-14", "YDDM": "S41", "DKMJ": 63623.1, "YDJRX": null, "RJL": null, "JZMD": null, "LDL": null, "JDCW": null, "DTSTZB": null, "CSSJZB": null, "REMARK": null, "PLANNAME": "《江阴市中心城区主城控制性详细规划》（青山未来社区）调整", "PLANDATE": "2024-02-20T00:00:00Z", "PLANUNIT": "江阴市城乡规划设计院", "PASSDATE": "2024-03-20T00:00:00Z", "STARTTIME": "2024-04-10T16:59:23Z", "FGUID": null, "CADNAME": "06S41公共交通场站用地", "DXKJKF": null, "YDXZ": "公共交通场站用地", "FTZMC": "ZC-CZ-B06-01-17.dwg", "JZGD": "/", "JC": null, "SHAPE_Length": 380.69965782684636, "SHAPE_Area": 8155.7470590945941 }, "geometry": { "type": "MultiPolygon", "coordinates": [ [ [ [ 40521591.931100003421307, 3529197.566700000315905 ], [ 40521526.972499996423721, 3529195.015499998815358 ], [ 40521520.076899997889996, 3529318.786099998746067 ], [ 40521538.061499997973442, 3529319.226099999155849 ], [ 40521557.9701, 3529323.214299999643117 ], [ 40521584.894299998879433, 3529323.872899999376386 ], [ 40521591.931100003421307, 3529197.566700000315905 ] ] ] ] } },
{ "type": "Feature", "properties": { "OBJECTID": 18573, "DKBH": "ZC-CZ-A04-88", "YDDM": "U12", "DKMJ": 4792.1, "YDJRX": " ", "RJL": "≤1.2", "JZMD": "≤80%", "LDL": "≥10%", "JDCW": " ", "DTSTZB": " ", "CSSJZB": " ", "REMARK": " ", "PLANNAME": "《江阴市中心城区主城控制性详细规划》（青山未来社区）调整", "PLANDATE": "2024-02-20T00:00:00Z", "PLANUNIT": "江阴市城乡规划设计院", "PASSDATE": "2024-03-20T00:00:00Z", "STARTTIME": "2024-04-10T16:59:23Z", "FGUID": null, "CADNAME": "07U12供电用地", "DXKJKF": " ", "YDXZ": "供电用地", "FTZMC": "ZC-CZ-A04-71-88.dwg", "JZGD": "/", "JC": null, "SHAPE_Length": 276.99383738441617, "SHAPE_Area": 4793.000039078257 }, "geometry": { "type": "MultiPolygon", "coordinates": [ [ [ [ 40521287.2753000035882, 3530227.916300000157207 ], [ 40521279.6897, 3530227.41249999916181 ], [ 40521275.7751, 3530297.874899999704212 ], [ 40521343.820500001311302, 3530301.655099999625236 ], [ 40521347.710299998521805, 3530231.642699999734759 ], [ 40521287.2753000035882, 3530227.916300000157207 ] ] ] ] } },
{ "type": "Feature", "properties": { "OBJECTID": 18575, "DKBH": "ZC-CZ-B06-05", "YDDM": "U22", "DKMJ": 8046.6, "YDJRX": "/", "RJL": "/", "JZMD": "/", "LDL": "/", "JDCW": null, "DTSTZB": null, "CSSJZB": null, "REMARK": null, "PLANNAME": "《江阴市中心城区主城控制性详细规划》（青山未来社区）调整", "PLANDATE": "2024-02-20T00:00:00Z", "PLANUNIT": "江阴市城乡规划设计院", "PASSDATE": "2024-03-20T00:00:00Z", "STARTTIME": "2024-04-10T16:59:23Z", "FGUID": null, "CADNAME": "07U22环卫用地", "DXKJKF": null, "YDXZ": "环卫用地", "FTZMC": "ZC-CZ-B06-01-17.dwg", "JZGD": "/", "JC": null, "SHAPE_Length": 362.63154246070462, "SHAPE_Area": 8046.5634769503185 }, "geometry": { "type": "MultiPolygon", "coordinates": [ [ [ [ 40521562.5827, 3529712.429699999745935 ], [ 40521568.841700002551079, 3529610.691100000403821 ], [ 40521489.53490000218153, 3529614.207499999552965 ], [ 40521483.275700002908707, 3529715.946099998895079 ], [ 40521562.5827, 3529712.429699999745935 ] ] ] ] } },
{ "type": "Feature", "properties": { "OBJECTID": 18576, "DKBH": "ZC-CZ-A04-89", "YDDM": "U31", "DKMJ": 9621.8, "YDJRX": " ", "RJL": " ", "JZMD": " ", "LDL": " ", "JDCW": " ", "DTSTZB": " ", "CSSJZB": " ", "REMARK": " ", "PLANNAME": "《江阴市中心城区主城控制性详细规划》（青山未来社区）调整", "PLANDATE": "2024-02-20T00:00:00Z", "PLANUNIT": "江阴市城乡规划设计院", "PASSDATE": "2024-03-20T00:00:00Z", "STARTTIME": "2024-04-10T16:59:23Z", "FGUID": null, "CADNAME": "07U31消防用地", "DXKJKF": " ", "YDXZ": "消防用地", "FTZMC": "ZC-CZ-A04-71-88.dwg", "JZGD": "/", "JC": null, "SHAPE_Length": 468.81138754914684, "SHAPE_Area": 9623.8827117049368 }, "geometry": { "type": "MultiPolygon", "coordinates": [ [ [ [ 40521347.710299998521805, 3530231.642699999734759 ], [ 40521355.57150000333786, 3530091.667899999301881 ], [ 40521336.077299997210503, 3530070.400899999309331 ], [ 40521302.950099997222424, 3530069.199899999890476 ], [ 40521303.198299996554852, 3530128.999699999578297 ], [ 40521278.6827, 3530128.806899999734014 ], [ 40521278.630500003695488, 3530137.287699999287724 ], [ 40521271.664899997413158, 3530137.18290000082925 ], [ 40521271.9199, 3530158.026500000152737 ], [ 40521287.4881, 3530158.026499999221414 ], [ 40521287.2753000035882, 3530227.916300000157207 ], [ 40521347.710299998521805, 3530231.642699999734759 ] ] ] ] } },
{ "type": "Feature", "properties": { "OBJECTID": 18577, "DKBH": "ZC-CZ-B04-26", "YDDM": "G1", "DKMJ": 9852.9, "YDJRX": " ", "RJL": " ", "JZMD": " ", "LDL": "≥65%", "JDCW": " ", "DTSTZB": " ", "CSSJZB": " ", "REMARK": " ", "PLANNAME": "《江阴市中心城区主城控制性详细规划》（青山未来社区）调整", "PLANDATE": "2024-02-20T00:00:00Z", "PLANUNIT": "江阴市城乡规划设计院", "PASSDATE": "2024-03-20T00:00:00Z", "STARTTIME": "2024-04-10T16:59:23Z", "FGUID": null, "CADNAME": "08G1公园绿地", "DXKJKF": " ", "YDXZ": "公园绿地", "FTZMC": "ZC-CZ-B04-14-39.dwg", "JZGD": "/", "JC": null, "SHAPE_Length": 833.44889592901791, "SHAPE_Area": 9852.9324966669483 }, "geometry": { "type": "MultiPolygon", "coordinates": [ [ [ [ 40522327.125699996948242, 3530837.869899999815971 ], [ 40522384.54730000346899, 3530585.3753 ], [ 40522359.920500002801418, 3530579.438099999446422 ], [ 40522303.768299996852875, 3530827.812300000339746 ], [ 40522199.453699998557568, 3530812.428099999204278 ], [ 40522188.0669, 3530810.748699999880046 ], [ 40522183.3766999989748, 3530835.420699998736382 ], [ 40522304.720299996435642, 3530853.223099999595433 ], [ 40522308.027500003576279, 3530853.430700000375509 ], [ 40522311.3235, 3530853.089699998963624 ], [ 40522314.5181, 3530852.208899999037385 ], [ 40522317.5233, 3530850.812900000717491 ], [ 40522320.256700001657009, 3530848.939699999522418 ], [ 40522322.6435, 3530846.641099999193102 ], [ 40522324.6179, 3530843.979699999094009 ], [ 40522326.125699996948242, 3530841.0291 ], [ 40522327.125699996948242, 3530837.869899999815971 ] ] ] ] } },
{ "type": "Feature", "properties": { "OBJECTID": 18578, "DKBH": "ZC-CZ-B04-25", "YDDM": "G1", "DKMJ": 5918.8, "YDJRX": " ", "RJL": " ", "JZMD": " ", "LDL": "≥65%", "JDCW": " ", "DTSTZB": " ", "CSSJZB": " ", "REMARK": " ", "PLANNAME": "《江阴市中心城区主城控制性详细规划》（青山未来社区）调整", "PLANDATE": "2024-02-20T00:00:00Z", "PLANUNIT": "江阴市城乡规划设计院", "PASSDATE": "2024-03-20T00:00:00Z", "STARTTIME": "2024-04-10T16:59:23Z", "FGUID": null, "CADNAME": "08G1公园绿地", "DXKJKF": " ", "YDXZ": "公园绿地", "FTZMC": "ZC-CZ-B04-14-39.dwg", "JZGD": "/", "JC": null, "SHAPE_Length": 897.05647788972351, "SHAPE_Area": 5918.8146689276018 }, "geometry": { "type": "MultiPolygon", "coordinates": [ [ [ [ 40522350.938299998641014, 3530875.210699999704957 ], [ 40522359.3345, 3530838.290900000371039 ], [ 40522367.182499997317791, 3530819.564899999182671 ], [ 40522416.933700002729893, 3530600.798099999781698 ], [ 40522411.378300003707409, 3530591.843700000550598 ], [ 40522403.991899996995926, 3530590.063100000377744 ], [ 40522346.6281, 3530842.305100000463426 ], [ 40522345.069300003349781, 3530847.500699999276549 ], [ 40522342.821900002658367, 3530852.437700000125915 ], [ 40522339.927100002765656, 3530857.025299999862909 ], [ 40522336.438299998641014, 3530861.178899998310953 ], [ 40522332.419699996709824, 3530864.822299998719245 ], [ 40522327.944899998605251, 3530867.888699999079108 ], [ 40522323.096500001847744, 3530870.321299999020994 ], [ 40522317.963699996471405, 3530872.075500000268221 ], [ 40522312.640500001609325, 3530873.1193 ], [ 40522307.225100003182888, 3530873.433099998626858 ], [ 40522301.817100003361702, 3530873.011499999091029 ], [ 40522193.472900003194809, 3530857.116099998820573 ], [ 40522201.506700001657009, 3530868.402099998667836 ], [ 40522332.770900003612041, 3530887.659699999727309 ], [ 40522350.938299998641014, 3530875.210699999704957 ] ] ] ] } },
{ "type": "Feature", "properties": { "OBJECTID": 18579, "DKBH": "ZC-CZ-B04-31", "YDDM": "G1", "DKMJ": 5654.9, "YDJRX": " ", "RJL": " ", "JZMD": " ", "LDL": "≥65%", "JDCW": " ", "DTSTZB": " ", "CSSJZB": " ", "REMARK": " ", "PLANNAME": "《江阴市中心城区主城控制性详细规划》（青山未来社区）调整", "PLANDATE": "2024-02-20T00:00:00Z", "PLANUNIT": "江阴市城乡规划设计院", "PASSDATE": "2024-03-20T00:00:00Z", "STARTTIME": "2024-04-10T16:59:23Z", "FGUID": null, "CADNAME": "08G1公园绿地", "DXKJKF": " ", "YDXZ": "公园绿地", "FTZMC": "ZC-CZ-B04-14-39.dwg", "JZGD": "/", "JC": null, "SHAPE_Length": 494.58764126241067, "SHAPE_Area": 5654.8546500888979 }, "geometry": { "type": "MultiPolygon", "coordinates": [ [ [ [ 40522438.1043, 3530349.873100000899285 ], [ 40522413.2989, 3530343.331899999175221 ], [ 40522364.33110000193119, 3530559.9285 ], [ 40522388.982699997723103, 3530565.871499999891967 ], [ 40522438.1043, 3530349.873100000899285 ] ] ] ] } },
{ "type": "Feature", "properties": { "OBJECTID": 18580, "DKBH": "ZC-CZ-B04-10", "YDDM": "G1", "DKMJ": 2790.0, "YDJRX": " ", "RJL": " ", "JZMD": " ", "LDL": "≥65%", "JDCW": " ", "DTSTZB": " ", "CSSJZB": " ", "REMARK": " ", "PLANNAME": "《江阴市中心城区主城控制性详细规划》（青山未来社区）调整", "PLANDATE": "2024-02-20T00:00:00Z", "PLANUNIT": "江阴市城乡规划设计院", "PASSDATE": "2024-03-20T00:00:00Z", "STARTTIME": "2024-04-10T16:59:23Z", "FGUID": null, "CADNAME": "08G1公园绿地", "DXKJKF": " ", "YDXZ": "公园绿地", "FTZMC": "ZC-CZ-B04-01-13.dwg", "JZGD": "/", "JC": null, "SHAPE_Length": 565.98416031199872, "SHAPE_Area": 2790.0070072330177 }, "geometry": { "type": "MultiPolygon", "coordinates": [ [ [ [ 40521883.760300002992153, 3530810.632099999580532 ], [ 40521845.991099998354912, 3530804.137299998197705 ], [ 40521857.3217, 3530817.906499998178333 ], [ 40522109.4089, 3530854.890300000552088 ], [ 40522121.405299998819828, 3530846.350699999369681 ], [ 40521959.782300002872944, 3530822.569699999410659 ], [ 40521959.478299997746944, 3530822.52489999961108 ], [ 40521921.590499997138977, 3530816.761300000362098 ], [ 40521883.760300002992153, 3530810.632099999580532 ] ] ] ] } },
{ "type": "Feature", "properties": { "OBJECTID": 18581, "DKBH": "ZC-CZ-B04-32", "YDDM": "G1", "DKMJ": 2925.0, "YDJRX": " ", "RJL": " ", "JZMD": " ", "LDL": "≥65%", "JDCW": " ", "DTSTZB": " ", "CSSJZB": " ", "REMARK": " ", "PLANNAME": "《江阴市中心城区主城控制性详细规划》（青山未来社区）调整", "PLANDATE": "2024-02-20T00:00:00Z", "PLANUNIT": "江阴市城乡规划设计院", "PASSDATE": "2024-03-20T00:00:00Z", "STARTTIME": "2024-04-10T16:59:23Z", "FGUID": null, "CADNAME": "08G1公园绿地", "DXKJKF": " ", "YDXZ": "公园绿地", "FTZMC": "ZC-CZ-B04-14-39.dwg", "JZGD": "/", "JC": null, "SHAPE_Length": 450.81759530772308, "SHAPE_Area": 2924.9974335268598 }, "geometry": { "type": "MultiPolygon", "coordinates": [ [ [ [ 40522465.2549, 3530372.536100000143051 ], [ 40522456.680100001394749, 3530358.381899998988956 ], [ 40522408.427299998700619, 3530570.559300000779331 ], [ 40522415.624899998307228, 3530572.294300000648946 ], [ 40522424.695699997246265, 3530566.666300000622869 ], [ 40522453.6853, 3530439.193499999120831 ], [ 40522454.7077, 3530418.915099999401718 ], [ 40522465.2549, 3530372.536100000143051 ] ] ] ] } },
{ "type": "Feature", "properties": { "OBJECTID": 18582, "DKBH": "ZC-CZ-B04-38", "YDDM": "G1", "DKMJ": 3740.1, "YDJRX": " ", "RJL": " ", "JZMD": " ", "LDL": "≥65%", "JDCW": " ", "DTSTZB": " ", "CSSJZB": " ", "REMARK": " ", "PLANNAME": "《江阴市中心城区主城控制性详细规划》（青山未来社区）调整", "PLANDATE": "2024-02-20T00:00:00Z", "PLANUNIT": "江阴市城乡规划设计院", "PASSDATE": "2024-03-20T00:00:00Z", "STARTTIME": "2024-04-10T16:59:23Z", "FGUID": null, "CADNAME": "08G1公园绿地", "DXKJKF": " ", "YDXZ": "公园绿地", "FTZMC": "ZC-CZ-B04-14-39.dwg", "JZGD": "/", "JC": null, "SHAPE_Length": 557.67438980210295, "SHAPE_Area": 3740.0729113353136 }, "geometry": { "type": "MultiPolygon", "coordinates": [ [ [ [ 40522533.088699996471405, 3530056.272300001233816 ], [ 40522525.8499, 3530054.722299999091774 ], [ 40522465.686499997973442, 3530318.8753 ], [ 40522479.351899996399879, 3530310.600299999583513 ], [ 40522489.3209, 3530266.840500000864267 ], [ 40522497.107500001788139, 3530248.41829999955371 ], [ 40522538.817900002002716, 3530065.329299999400973 ], [ 40522533.088699996471405, 3530056.272300001233816 ] ] ] ] } },
{ "type": "Feature", "properties": { "OBJECTID": 18583, "DKBH": "ZC-CZ-B04-37", "YDDM": "G1", "DKMJ": 7071.0, "YDJRX": " ", "RJL": " ", "JZMD": " ", "LDL": "≥65%", "JDCW": " ", "DTSTZB": " ", "CSSJZB": " ", "REMARK": " ", "PLANNAME": "《江阴市中心城区主城控制性详细规划》（青山未来社区）调整", "PLANDATE": "2024-02-20T00:00:00Z", "PLANUNIT": "江阴市城乡规划设计院", "PASSDATE": "2024-03-20T00:00:00Z", "STARTTIME": "2024-04-10T16:59:23Z", "FGUID": null, "CADNAME": "08G1公园绿地", "DXKJKF": " ", "YDXZ": "公园绿地", "FTZMC": "ZC-CZ-B04-14-39.dwg", "JZGD": "/", "JC": null, "SHAPE_Length": 597.60654106654488, "SHAPE_Area": 7070.985380892319 }, "geometry": { "type": "MultiPolygon", "coordinates": [ [ [ [ 40522506.291500002145767, 3530050.534099999349564 ], [ 40522480.7315, 3530045.060699999798089 ], [ 40522420.690700002014637, 3530310.635699999053031 ], [ 40522445.543499998748302, 3530317.189299998804927 ], [ 40522506.291500002145767, 3530050.534099999349564 ] ] ] ] } },
{ "type": "Feature", "properties": { "OBJECTID": 18601, "DKBH": "ZC-CZ-B04-11", "YDDM": "G1", "DKMJ": 7451.2, "YDJRX": " ", "RJL": " ", "JZMD": " ", "LDL": "≥65%", "JDCW": " ", "DTSTZB": " ", "CSSJZB": " ", "REMARK": " ", "PLANNAME": "《江阴市中心城区主城控制性详细规划》（青山未来社区）调整", "PLANDATE": "2024-02-20T00:00:00Z", "PLANUNIT": "江阴市城乡规划设计院", "PASSDATE": "2024-03-20T00:00:00Z", "STARTTIME": "2024-04-10T16:59:23Z", "FGUID": null, "CADNAME": "08G1公园绿地", "DXKJKF": " ", "YDXZ": "公园绿地", "FTZMC": "ZC-CZ-B04-01-13.dwg", "JZGD": "/", "JC": null, "SHAPE_Length": 643.89024135644365, "SHAPE_Area": 7451.2333504725639 }, "geometry": { "type": "MultiPolygon", "coordinates": [ [ [ [ 40521967.86429999768734, 3530778.273699999786913 ], [ 40521846.398500002920628, 3530758.494900000281632 ], [ 40521845.187700003385544, 3530783.681699998211116 ], [ 40521863.402900002896786, 3530786.881500000599772 ], [ 40521912.845299996435642, 3530795.127299999818206 ], [ 40521962.389300003647804, 3530802.737499999348074 ], [ 40522136.867299996316433, 3530828.410299998708069 ], [ 40522141.5295, 3530803.885499999392778 ], [ 40522130.142499998211861, 3530802.206099998671561 ], [ 40521967.86429999768734, 3530778.273699999786913 ] ] ] ] } },
{ "type": "Feature", "properties": { "OBJECTID": 18602, "DKBH": "ZC-CZ-B06-12", "YDDM": "G1", "DKMJ": 62946.5, "YDJRX": " ", "RJL": " ", "JZMD": " ", "LDL": "≥65%", "JDCW": " ", "DTSTZB": " ", "CSSJZB": " ", "REMARK": " ", "PLANNAME": "《江阴市中心城区主城控制性详细规划》（青山未来社区）调整", "PLANDATE": "2024-02-20T00:00:00Z", "PLANUNIT": "江阴市城乡规划设计院", "PASSDATE": "2024-03-20T00:00:00Z", "STARTTIME": "2024-04-10T16:59:23Z", "FGUID": null, "CADNAME": "08G1公园绿地", "DXKJKF": " ", "YDXZ": "公园绿地", "FTZMC": "ZC-CZ-B06-01-17.dwg", "JZGD": "/", "JC": null, "SHAPE_Length": 1026.2363581653005, "SHAPE_Area": 55208.567928476084 }, "geometry": { "type": "MultiPolygon", "coordinates": [ [ [ [ 40522232.820100001990795, 3529379.737899999599904 ], [ 40521980.198700003325939, 3529373.556899999734014 ], [ 40521972.242299996316433, 3529400.660299998708069 ], [ 40521953.201499998569489, 3529460.050299999769777 ], [ 40521938.324500001966953, 3529536.833699999842793 ], [ 40521939.384900003671646, 3529536.804299999494106 ], [ 40522105.3543, 3529532.276899998541921 ], [ 40522126.5181, 3529531.718299999833107 ], [ 40522147.6567, 3529530.546500000171363 ], [ 40522168.752499997615814, 3529528.7621 ], [ 40522189.787699997425079, 3529526.366899999789894 ], [ 40522210.744499996304512, 3529523.3627 ], [ 40522231.299500003457069, 3529520.161500000394881 ], [ 40522251.940700002014637, 3529517.572499999310821 ], [ 40522272.649499997496605, 3529515.598299999255687 ], [ 40522293.407899998128414, 3529514.240299999713898 ], [ 40522314.197499997913837, 3529513.500099998898804 ], [ 40522328.2403, 3529513.349899999797344 ], [ 40522329.7271, 3529489.040299999061972 ], [ 40522328.675700001418591, 3529448.900899998378009 ], [ 40522331.117700003087521, 3529408.9751 ], [ 40522309.209700003266335, 3529385.107899999711663 ], [ 40522252.728699997067451, 3529383.726099999155849 ], [ 40522232.820100001990795, 3529379.737899999599904 ] ] ] ] } },
{ "type": "Feature", "properties": { "OBJECTID": 18603, "DKBH": "ZC-CZ-B07-13", "YDDM": "G1", "DKMJ": 13799.4, "YDJRX": " ", "RJL": " ", "JZMD": " ", "LDL": "≥65%", "JDCW": " ", "DTSTZB": " ", "CSSJZB": " ", "REMARK": " ", "PLANNAME": "《江阴市中心城区主城控制性详细规划》（青山未来社区）调整", "PLANDATE": "2024-02-20T00:00:00Z", "PLANUNIT": "江阴市城乡规划设计院", "PASSDATE": "2024-03-20T00:00:00Z", "STARTTIME": "2024-04-10T16:59:23Z", "FGUID": null, "CADNAME": "08G1公园绿地", "DXKJKF": " ", "YDXZ": "公园绿地", "FTZMC": "ZC-CZ-B07-01-16.dwg", "JZGD": "/", "JC": null, "SHAPE_Length": 577.76981850460004, "SHAPE_Area": 13799.448852387166 }, "geometry": { "type": "MultiPolygon", "coordinates": [ [ [ [ 40523879.333099998533726, 3529311.400900000240654 ], [ 40523878.951303124427795, 3529310.769605172332376 ], [ 40523878.5695, 3529310.13829999929294 ], [ 40523853.2945, 3529504.035899999551475 ], [ 40523895.817100003361702, 3529507.5247 ], [ 40523993.861699998378754, 3529521.264499999582767 ], [ 40523899.308899998664856, 3529346.9411 ], [ 40523899.243900001049042, 3529346.821299999020994 ], [ 40523898.595093443989754, 3529345.625487916171551 ], [ 40523897.9463, 3529344.429699999745935 ], [ 40523897.297497607767582, 3529343.234795592725277 ], [ 40523896.648699998855591, 3529342.039900000672787 ], [ 40523895.999203607439995, 3529340.84640663350001 ], [ 40523895.3496999964118, 3529339.652899999637157 ], [ 40523894.69929601252079, 3529338.460792700294405 ], [ 40523894.0489, 3529337.268699998501688 ], [ 40523893.396898984909058, 3529336.078498140908778 ], [ 40523892.7449000030756, 3529334.888300000224262 ], [ 40523892.090904340147972, 3529333.700107887852937 ], [ 40523891.436899997293949, 3529332.51189999980852 ], [ 40523890.780403539538383, 3529331.326106396038085 ], [ 40523890.12389999628067, 3529330.1403 ], [ 40523889.935936607420444, 3529329.801999261602759 ], [ 40523889.747829429805279, 3529329.463779627811164 ], [ 40523889.559576027095318, 3529329.125641226302832 ], [ 40523889.37117575854063, 3529328.78758394671604 ], [ 40523889.182630531489849, 3529328.449607908260077 ], [ 40523888.99393717199564, 3529328.111713221296668 ], [ 40523888.805100001394749, 3529327.7739 ], [ 40523888.616251893341541, 3529327.436365715693682 ], [ 40523888.427238456904888, 3529327.098923503886908 ], [ 40523888.238059990108013, 3529326.761573910247535 ], [ 40523888.048717491328716, 3529326.424316524993628 ], [ 40523887.859210960566998, 3529326.087151705753058 ], [ 40523887.669537492096424, 3529325.750079623889178 ], [ 40523887.4797, 3529325.4131 ], [ 40523887.289794713258743, 3529325.076445605605841 ], [ 40523887.099702835083008, 3529324.739894926548004 ], [ 40523886.909431450068951, 3529324.403448104392737 ], [ 40523886.718973152339458, 3529324.067105054389685 ], [ 40523886.528329849243164, 3529323.730865895748138 ], [ 40523886.337508946657181, 3529323.39473083242774 ], [ 40523886.146499998867512, 3529323.0587 ], [ 40523885.955391183495522, 3529322.722982249688357 ], [ 40523885.764083854854107, 3529322.387379705440253 ], [ 40523885.572570793330669, 3529322.051892637740821 ], [ 40523885.380857460200787, 3529321.716520905029029 ], [ 40523885.188940040767193, 3529321.381264864932746 ], [ 40523884.996820703148842, 3529321.046124539803714 ], [ 40523884.804499998688698, 3529320.711100000422448 ], [ 40523884.612104989588261, 3529320.376403867267072 ], [ 40523884.419490806758404, 3529320.041834771167487 ], [ 40523884.226654045283794, 3529319.707392930518836 ], [ 40523884.033596031367779, 3529319.37307834578678 ], [ 40523883.84031867235899, 3529319.038891255389899 ], [ 40523883.646818734705448, 3529318.704831778071821 ], [ 40523883.453100003302097, 3529318.370900000445545 ], [ 40523883.259302787482738, 3529318.037310460116714 ], [ 40523883.06526755541563, 3529317.703859984409064 ], [ 40523882.87099265307188, 3529317.370548843871802 ], [ 40523882.676477424800396, 3529317.03737699938938 ], [ 40523882.48172377794981, 3529316.704344808589667 ], [ 40523882.286730460822582, 3529316.3714524297975 ], [ 40523882.0915, 3529316.0387 ], [ 40523881.896099731326103, 3529315.706301936414093 ], [ 40523881.700441360473633, 3529315.374055325984955 ], [ 40523881.504529945552349, 3529315.041960238944739 ], [ 40523881.308357231318951, 3529314.710016965400428 ], [ 40523881.111927032470703, 3529314.378225743770599 ], [ 40523880.915241882205009, 3529314.046586641576141 ], [ 40523880.7183, 3529313.715099999215454 ], [ 40523880.521239198744297, 3529313.384007098153234 ], [ 40523880.323902130126953, 3529313.053078234195709 ], [ 40523880.126293174922466, 3529312.72231352282688 ], [ 40523879.928405754268169, 3529312.391713022720069 ], [ 40523879.730243682861328, 3529312.061277091503143 ], [ 40523879.531809724867344, 3529311.731006028130651 ], [ 40523879.333099998533726, 3529311.400900000240654 ] ] ] ] } },
{ "type": "Feature", "properties": { "OBJECTID": 18604, "DKBH": "ZC-CZ-B06-36", "YDDM": "G1", "DKMJ": 37082.3, "YDJRX": " ", "RJL": " ", "JZMD": " ", "LDL": "≥65%", "JDCW": " ", "DTSTZB": " ", "CSSJZB": " ", "REMARK": " ", "PLANNAME": "《江阴市中心城区主城控制性详细规划》（青山未来社区）调整", "PLANDATE": "2024-02-20T00:00:00Z", "PLANUNIT": "江阴市城乡规划设计院", "PASSDATE": "2024-03-20T00:00:00Z", "STARTTIME": "2024-04-10T16:59:23Z", "FGUID": null, "CADNAME": "08G1公园绿地", "DXKJKF": " ", "YDXZ": "公园绿地", "FTZMC": "ZC-CZ-B06-28-46.dwg", "JZGD": "/", "JC": null, "SHAPE_Length": 791.24329857140526, "SHAPE_Area": 37082.276257326317 }, "geometry": { "type": "MultiPolygon", "coordinates": [ [ [ [ 40522502.6945, 3529400.2039 ], [ 40522403.1431, 3529390.732099999208003 ], [ 40522378.0071, 3529412.224699999671429 ], [ 40522375.56530000269413, 3529452.150499999523163 ], [ 40522369.62950000166893, 3529491.862499999813735 ], [ 40522368.250500001013279, 3529514.4070999994874 ], [ 40522380.645499996840954, 3529516.096499999519438 ], [ 40522392.941299997270107, 3529518.400900000706315 ], [ 40522405.1069, 3529521.314499999862164 ], [ 40522417.112499997019768, 3529524.8301 ], [ 40522428.928099997341633, 3529528.938699999358505 ], [ 40522440.5247, 3529533.630699998699129 ], [ 40522456.902099996805191, 3529540.525899999309331 ], [ 40522473.022299997508526, 3529548.002699999604374 ], [ 40522488.864699997007847, 3529556.051099999807775 ], [ 40522504.409100003540516, 3529564.661299999803305 ], [ 40522519.635300002992153, 3529573.821899999864399 ], [ 40522543.4746999964118, 3529585.1587 ], [ 40522567.507299996912479, 3529596.080100000370294 ], [ 40522592.5050999969244, 3529606.920699999202043 ], [ 40522593.159595631062984, 3529607.177595014683902 ], [ 40522593.830528251826763, 3529607.387865125667304 ], [ 40522594.51457404345274, 3529607.550471186172217 ], [ 40522595.208356849849224, 3529607.664609193336219 ], [ 40522595.908443443477154, 3529607.72971475077793 ], [ 40522596.61137580126524, 3529607.745466112624854 ], [ 40522597.313676826655865, 3529607.711785435210913 ], [ 40522598.01187514513731, 3529607.628839253913611 ], [ 40522598.702518455684185, 3529607.497037410270423 ], [ 40522599.382194511592388, 3529607.317031740676612 ], [ 40522600.047540657222271, 3529607.089712023269385 ], [ 40522600.695270530879498, 3529606.816202044021338 ], [ 40522601.322179786860943, 3529606.497853993903846 ], [ 40522601.925170890986919, 3529606.136241435538977 ], [ 40522602.501260749995708, 3529605.733152269851416 ], [ 40522603.047603599727154, 3529605.290579080116004 ], [ 40522603.56149672716856, 3529604.810709952842444 ], [ 40522604.040399543941021, 3529604.295916914474219 ], [ 40522604.481946937739849, 3529603.748745083343238 ], [ 40522604.883954994380474, 3529603.171899437438697 ], [ 40522605.244434349238873, 3529602.56823158217594 ], [ 40522605.56160544604063, 3529601.940725922118872 ], [ 40522605.833900444209576, 3529601.292484581004828 ], [ 40522606.059969089925289, 3529600.626712198369205 ], [ 40522606.23870000243187, 3529599.946699999738485 ], [ 40522606.368699997663498, 3529599.370099999476224 ], [ 40522607.169084280729294, 3529594.560842636972666 ], [ 40522607.816829681396484, 3529589.728659808635712 ], [ 40522608.311296455562115, 3529584.878394245635718 ], [ 40522608.651977531611919, 3529580.014907359611243 ], [ 40522608.838537216186523, 3529575.143073499202728 ], [ 40522608.870790213346481, 3529570.267775539308786 ], [ 40522608.7487, 3529565.393899999093264 ], [ 40522602.236699998378754, 3529406.159299999475479 ], [ 40522542.846500001847744, 3529400.508500000461936 ], [ 40522502.6945, 3529400.2039 ] ] ] ] } },
{ "type": "Feature", "properties": { "OBJECTID": 18605, "DKBH": "ZC-CZ-B06-04", "YDDM": "G1", "DKMJ": 10656.3, "YDJRX": " ", "RJL": " ", "JZMD": " ", "LDL": "≥65%", "JDCW": " ", "DTSTZB": " ", "CSSJZB": " ", "REMARK": " ", "PLANNAME": "《江阴市中心城区主城控制性详细规划》（青山未来社区）调整", "PLANDATE": "2024-02-20T00:00:00Z", "PLANUNIT": "江阴市城乡规划设计院", "PASSDATE": "2024-03-20T00:00:00Z", "STARTTIME": "2024-04-10T16:59:23Z", "FGUID": null, "CADNAME": "08G1公园绿地", "DXKJKF": " ", "YDXZ": "公园绿地", "FTZMC": "ZC-CZ-B06-01-17.dwg", "JZGD": "/", "JC": null, "SHAPE_Length": 770.62707007376332, "SHAPE_Area": 10656.247272756902 }, "geometry": { "type": "MultiPolygon", "coordinates": [ [ [ [ 40521863.926299996674061, 3529538.900500000454485 ], [ 40521861.837300002574921, 3529508.946499998215586 ], [ 40521683.09009999781847, 3529513.854500000365078 ], [ 40521621.287299998104572, 3529515.5513 ], [ 40521508.7729, 3529521.689499999396503 ], [ 40521507.093900002539158, 3529551.825699999462813 ], [ 40521622.5163, 3529545.528900000266731 ], [ 40521825.986900001764297, 3529539.94209999917075 ], [ 40521856.061300002038479, 3529539.116499999072403 ], [ 40521863.926299996674061, 3529538.900500000454485 ] ] ] ] } },
{ "type": "Feature", "properties": { "OBJECTID": 18606, "DKBH": "ZC-CZ-B04-43", "YDDM": "G1", "DKMJ": 3925.8, "YDJRX": " ", "RJL": " ", "JZMD": " ", "LDL": "≥65%", "JDCW": " ", "DTSTZB": " ", "CSSJZB": " ", "REMARK": " ", "PLANNAME": "《江阴市中心城区主城控制性详细规划》（青山未来社区）调整", "PLANDATE": "2024-02-20T00:00:00Z", "PLANUNIT": "江阴市城乡规划设计院", "PASSDATE": "2024-03-20T00:00:00Z", "STARTTIME": "2024-04-10T16:59:23Z", "FGUID": null, "CADNAME": "08G1公园绿地", "DXKJKF": " ", "YDXZ": "公园绿地", "FTZMC": "ZC-CZ-B04-01-13.dwg", "JZGD": "/", "JC": null, "SHAPE_Length": 364.65352952457965, "SHAPE_Area": 3925.7532073827201 }, "geometry": { "type": "MultiPolygon", "coordinates": [ [ [ [ 40521815.587700001895428, 3530753.812699999660254 ], [ 40521662.3807, 3530720.764699999708682 ], [ 40521660.577100001275539, 3530745.950500000268221 ], [ 40521814.37049999833107, 3530779.125099999364465 ], [ 40521815.587700001895428, 3530753.812699999660254 ] ] ] ] } },
{ "type": "Feature", "properties": { "OBJECTID": 18607, "DKBH": "ZC-CZ-B04-09", "YDDM": "G1", "DKMJ": 1400.9, "YDJRX": " ", "RJL": " ", "JZMD": " ", "LDL": "≥65%", "JDCW": " ", "DTSTZB": " ", "CSSJZB": " ", "REMARK": " ", "PLANNAME": "《江阴市中心城区主城控制性详细规划》（青山未来社区）调整", "PLANDATE": "2024-02-20T00:00:00Z", "PLANUNIT": "江阴市城乡规划设计院", "PASSDATE": "2024-03-20T00:00:00Z", "STARTTIME": "2024-04-10T16:59:23Z", "FGUID": null, "CADNAME": "08G1公园绿地", "DXKJKF": " ", "YDXZ": "公园绿地", "FTZMC": "ZC-CZ-B04-01-13.dwg", "JZGD": "/", "JC": null, "SHAPE_Length": 308.39005463475468, "SHAPE_Area": 1400.8642421969748 }, "geometry": { "type": "MultiPolygon", "coordinates": [ [ [ [ 40521805.661300003528595, 3530798.246299998834729 ], [ 40521659.121100001037121, 3530766.281699999701232 ], [ 40521659.11370000243187, 3530766.384900000412017 ], [ 40521668.169699996709824, 3530778.490500000305474 ], [ 40521795.2667, 3530806.214099999517202 ], [ 40521805.661300003528595, 3530798.246299998834729 ] ] ] ] } },
{ "type": "Feature", "properties": { "OBJECTID": 18608, "DKBH": "ZC-CZ-B04-07", "YDDM": "G1", "DKMJ": 9535.7, "YDJRX": " ", "RJL": " ", "JZMD": " ", "LDL": "≥65%", "JDCW": " ", "DTSTZB": " ", "CSSJZB": " ", "REMARK": " ", "PLANNAME": "《江阴市中心城区主城控制性详细规划》（青山未来社区）调整", "PLANDATE": "2024-02-20T00:00:00Z", "PLANUNIT": "江阴市城乡规划设计院", "PASSDATE": "2024-03-20T00:00:00Z", "STARTTIME": "2024-04-10T16:59:23Z", "FGUID": null, "CADNAME": "08G1公园绿地", "DXKJKF": " ", "YDXZ": "公园绿地", "FTZMC": "ZC-CZ-B04-01-13.dwg", "JZGD": "/", "JC": null, "SHAPE_Length": 1192.9401206599778, "SHAPE_Area": 10575.485981475387 }, "geometry": { "type": "MultiPolygon", "coordinates": [ [ [ [ 40521438.685500003397465, 3530358.997699999716133 ], [ 40521425.595299996435642, 3530355.290499999653548 ], [ 40521414.933899998664856, 3530362.896499999333173 ], [ 40521414.88960088789463, 3530363.682984152343124 ], [ 40521414.845299996435642, 3530364.469499999191612 ], [ 40521409.6651, 3530457.706099999602884 ], [ 40521408.9137, 3530471.229500000365078 ], [ 40521403.567699998617172, 3530567.449900000356138 ], [ 40521403.4991, 3530568.473299999721348 ], [ 40521403.4085, 3530569.495500000659376 ], [ 40521403.296499997377396, 3530570.516500000841916 ], [ 40521403.164700001478195, 3530571.5365 ], [ 40521403.0141, 3530572.55530000012368 ], [ 40521402.846100002527237, 3530573.573099999688566 ], [ 40521402.661700002849102, 3530574.590099999215454 ], [ 40521402.462300002574921, 3530575.606299999635667 ], [ 40521402.2491, 3530576.62169999955222 ], [ 40521402.023100003600121, 3530577.636299999896437 ], [ 40521401.7857, 3530578.650299999862909 ], [ 40521401.538099996745586, 3530579.663899999111891 ], [ 40521401.2813, 3530580.676899999845773 ], [ 40521401.0167, 3530581.689300000201911 ], [ 40521400.74549999833107, 3530582.7015 ], [ 40521400.468900002539158, 3530583.7133 ], [ 40521400.188100002706051, 3530584.724899998866022 ], [ 40521399.9041, 3530585.7363 ], [ 40521399.618500001728535, 3530586.747699999250472 ], [ 40521399.332099996507168, 3530587.759100000374019 ], [ 40521399.046499997377396, 3530588.77049999916926 ], [ 40521398.762699998915195, 3530589.781899998895824 ], [ 40521398.481700003147125, 3530590.793499999213964 ], [ 40521398.2051, 3530591.805299999658018 ], [ 40521397.933899998664856, 3530592.817499999888241 ], [ 40521397.669299997389317, 3530593.8301 ], [ 40521397.412500001490116, 3530594.842899999115616 ], [ 40521397.164899997413158, 3530595.856499998830259 ], [ 40521396.927500002086163, 3530596.870499999728054 ], [ 40521396.701499998569489, 3530597.8851 ], [ 40521396.488300003111362, 3530598.9005 ], [ 40521396.288900002837181, 3530599.916700000874698 ], [ 40521396.104500003159046, 3530600.933699999004602 ], [ 40521395.936499997973442, 3530601.951499999500811 ], [ 40521395.785899996757507, 3530602.970300000626594 ], [ 40521395.6541, 3530603.990299998316914 ], [ 40521395.5423, 3530605.011299999896437 ], [ 40521395.451499998569489, 3530606.033499999437481 ], [ 40521395.3829, 3530607.056899999734014 ], [ 40521390.972900003194809, 3530686.432699999306351 ], [ 40521404.528899997472763, 3530705.650100000202656 ], [ 40521494.682899996638298, 3530732.221300000324845 ], [ 40521530.797700002789497, 3530747.065499999094754 ], [ 40521628.848300002515316, 3530770.984099998604506 ], [ 40521639.2777, 3530763.379499999806285 ], [ 40521639.378300003707409, 3530761.97529999865219 ], [ 40521582.325099997222424, 3530749.530299999285489 ], [ 40521544.1769, 3530740.160299998242408 ], [ 40521506.1347, 3530730.168500000145286 ], [ 40521468.256899997591972, 3530719.570099999196827 ], [ 40521429.043700002133846, 3530707.918499998748302 ], [ 40521420.012500002980232, 3530695.085699999239296 ], [ 40521429.021300002932549, 3530532.939299999736249 ], [ 40521438.685500003397465, 3530358.997699999716133 ] ] ] ] } },
{ "type": "Feature", "properties": { "OBJECTID": 18609, "DKBH": "ZC-CZ-B04-08", "YDDM": "G1", "DKMJ": 8914.1, "YDJRX": " ", "RJL": " ", "JZMD": " ", "LDL": "≥65%", "JDCW": " ", "DTSTZB": " ", "CSSJZB": " ", "REMARK": " ", "PLANNAME": "《江阴市中心城区主城控制性详细规划》（青山未来社区）调整", "PLANDATE": "2024-02-20T00:00:00Z", "PLANUNIT": "江阴市城乡规划设计院", "PASSDATE": "2024-03-20T00:00:00Z", "STARTTIME": "2024-04-10T16:59:23Z", "FGUID": null, "CADNAME": "08G1公园绿地", "DXKJKF": " ", "YDXZ": "公园绿地", "FTZMC": "ZC-CZ-B04-01-13.dwg", "JZGD": "/", "JC": null, "SHAPE_Length": 1064.8023915561641, "SHAPE_Area": 9689.1147080706396 }, "geometry": { "type": "MultiPolygon", "coordinates": [ [ [ [ 40521473.19650000333786, 3530368.770700000226498 ], [ 40521458.406099997460842, 3530364.582300000358373 ], [ 40521448.990500003099442, 3530534.048700000159442 ], [ 40521440.58110000193119, 3530685.4079 ], [ 40521445.096699997782707, 3530691.824300000444055 ], [ 40521473.80009999871254, 3530700.352900000289083 ], [ 40521511.3699000030756, 3530710.865300000179559 ], [ 40521549.102899998426437, 3530720.775699999649078 ], [ 40521586.842299997806549, 3530730.045299999881536 ], [ 40521640.830899998545647, 3530741.691100000403821 ], [ 40521642.634499996900558, 3530716.505099999252707 ], [ 40521592.460900001227856, 3530705.6823 ], [ 40521555.260300002992153, 3530696.544899999164045 ], [ 40521517.913900002837181, 3530686.736100000329316 ], [ 40521456.508299998939037, 3530669.134700000286102 ], [ 40521463.967500001192093, 3530534.880900000222027 ], [ 40521473.19650000333786, 3530368.770700000226498 ] ] ] ] } },
{ "type": "Feature", "properties": { "OBJECTID": 18623, "DKBH": "ZC-CZ-B04-45", "YDDM": "G1", "DKMJ": 5718.7, "YDJRX": " ", "RJL": " ", "JZMD": " ", "LDL": "≥65%", "JDCW": " ", "DTSTZB": " ", "CSSJZB": " ", "REMARK": " ", "PLANNAME": "《江阴市中心城区主城控制性详细规划》（青山未来社区）调整", "PLANDATE": "2024-02-20T00:00:00Z", "PLANUNIT": "江阴市城乡规划设计院", "PASSDATE": "2024-03-20T00:00:00Z", "STARTTIME": "2024-04-10T16:59:23Z", "FGUID": null, "CADNAME": "08G1公园绿地", "DXKJKF": " ", "YDXZ": "公园绿地", "FTZMC": "ZC-CZ-B04-01-13.dwg", "JZGD": "/", "JC": null, "SHAPE_Length": 866.31956402542835, "SHAPE_Area": 8354.3351527723316 }, "geometry": { "type": "MultiPolygon", "coordinates": [ [ [ [ 40521502.146700002253056, 3530113.762900000903755 ], [ 40521641.0287000015378, 3530148.7407 ], [ 40521641.593096449971199, 3530148.771262649912387 ], [ 40521642.158285140991211, 3530148.765081465244293 ], [ 40521642.721881859004498, 3530148.722182631026953 ], [ 40521643.281496040523052, 3530148.642747401725501 ], [ 40521643.83476447314024, 3530148.527111649047583 ], [ 40521644.379348747432232, 3530148.375764250289649 ], [ 40521644.912944786250591, 3530148.189345240127295 ], [ 40521645.433300010859966, 3530147.968642711173743 ], [ 40521645.938211433589458, 3530147.714589714538306 ], [ 40521646.425542823970318, 3530147.428260445129126 ], [ 40521646.893238060176373, 3530147.110865473281592 ], [ 40521647.339317314326763, 3530146.763746857177466 ], [ 40521647.761894218623638, 3530146.388371943961829 ], [ 40521648.159183494746685, 3530145.986328005325049 ], [ 40521648.529502868652344, 3530145.559314668178558 ], [ 40521648.871290877461433, 3530145.109137539286166 ], [ 40521649.1831, 3530144.637699999380857 ], [ 40521650.008299998939037, 3530142.835699999704957 ], [ 40521620.0431, 3530134.934299998916686 ], [ 40521468.139300003647804, 3530094.878900000359863 ], [ 40521434.9071, 3530125.960900000762194 ], [ 40521430.77589999884367, 3530200.316499999258667 ], [ 40521430.040762275457382, 3530212.275465490296483 ], [ 40521429.164758682250977, 3530224.224938571453094 ], [ 40521428.148014061152935, 3530236.163259744178504 ], [ 40521426.990665428340435, 3530248.08877122355625 ], [ 40521425.69287109375, 3530259.999817311763763 ], [ 40521424.254816383123398, 3530271.894744040444493 ], [ 40521422.676700003445148, 3530283.7719 ], [ 40521421.896436341106892, 3530289.51477182097733 ], [ 40521421.150035858154297, 3530295.262143313884735 ], [ 40521420.437532417476177, 3530301.013814687263221 ], [ 40521419.758941642940044, 3530306.769586085807532 ], [ 40521419.114290237426758, 3530312.529257595539093 ], [ 40521418.503604538738728, 3530318.292628886178136 ], [ 40521417.9269, 3530324.0595 ], [ 40521424.944700002670288, 3530334.319899998605251 ], [ 40521441.5145, 3530339.012299999594688 ], [ 40521447.3909, 3530283.532699999865144 ], [ 40521459.127099998295307, 3530215.41230000089854 ], [ 40521466.3187, 3530140.282499999273568 ], [ 40521466.838852554559708, 3530138.0098597984761 ], [ 40521467.518604271113873, 3530135.779749929439276 ], [ 40521468.354545585811138, 3530133.603363751899451 ], [ 40521469.342475883662701, 3530131.49162447405979 ], [ 40521470.477441780269146, 3530129.455131172668189 ], [ 40521471.753746025264263, 3530127.50410497142002 ], [ 40521473.164979927241802, 3530125.648338317405432 ], [ 40521474.70406150072813, 3530123.897145509254187 ], [ 40521476.36326789110899, 3530122.259315609466285 ], [ 40521478.134271614253521, 3530120.743069171439856 ], [ 40521480.008180610835552, 3530119.356016397010535 ], [ 40521481.975591652095318, 3530118.105118870269507 ], [ 40521484.026630394160748, 3530116.996654867660254 ], [ 40521486.151002876460552, 3530116.036188005935401 ], [ 40521488.338045112788677, 3530115.228538751136512 ], [ 40521490.576780311763287, 3530114.577760815154761 ], [ 40521492.855974189937115, 3530114.08712065173313 ], [ 40521495.164186470210552, 3530113.75908052874729 ], [ 40521497.489831916987896, 3530113.595287024509162 ], [ 40521499.821236282587051, 3530113.596562383696437 ], [ 40521502.146700002253056, 3530113.762900000903755 ] ] ] ] } },
{ "type": "Feature", "properties": { "OBJECTID": 18624, "DKBH": "ZC-CZ-B04-46", "YDDM": "G1", "DKMJ": 3701.8, "YDJRX": " ", "RJL": " ", "JZMD": " ", "LDL": "≥65%", "JDCW": " ", "DTSTZB": " ", "CSSJZB": " ", "REMARK": " ", "PLANNAME": "《江阴市中心城区主城控制性详细规划》（青山未来社区）调整", "PLANDATE": "2024-02-20T00:00:00Z", "PLANUNIT": "江阴市城乡规划设计院", "PASSDATE": "2024-03-20T00:00:00Z", "STARTTIME": "2024-04-10T16:59:23Z", "FGUID": null, "CADNAME": "08G1公园绿地", "DXKJKF": " ", "YDXZ": "公园绿地", "FTZMC": "ZC-CZ-B04-01-13.dwg", "JZGD": "/", "JC": null, "SHAPE_Length": 849.68090825149784, "SHAPE_Area": 6581.6976377856799 }, "geometry": { "type": "MultiPolygon", "coordinates": [ [ [ [ 40521514.583499997854233, 3530152.988099999260157 ], [ 40521680.006700001657009, 3530194.6505 ], [ 40521682.378300003707409, 3530161.534099999815226 ], [ 40521673.423100002110004, 3530149.009899999480695 ], [ 40521669.511100001633167, 3530147.978500000201166 ], [ 40521667.756899997591972, 3530152.275900000706315 ], [ 40521667.029909148812294, 3530153.89598142541945 ], [ 40521666.192960731685162, 3530155.462088524829596 ], [ 40521665.250032417476177, 3530156.966768979560584 ], [ 40521664.20561408251524, 3530158.402862667571753 ], [ 40521663.064672462642193, 3530159.763535737525672 ], [ 40521661.832639686763287, 3530161.042313456069678 ], [ 40521660.515377037227154, 3530162.233110546600074 ], [ 40521659.119153968989849, 3530163.330260633956641 ], [ 40521657.650613777339458, 3530164.328542947303504 ], [ 40521656.116744987666607, 3530165.223206758033484 ], [ 40521654.524847023189068, 3530166.009995042812079 ], [ 40521652.882492080330849, 3530166.685163849964738 ], [ 40521651.197499997913837, 3530167.245499999728054 ], [ 40521649.577241294085979, 3530167.746354698203504 ], [ 40521647.929786674678326, 3530168.148832022678107 ], [ 40521646.261104576289654, 3530168.45147407008335 ], [ 40521644.577236168086529, 3530168.65318465186283 ], [ 40521642.884284965693951, 3530168.753233193885535 ], [ 40521641.188381187617779, 3530168.751257180701941 ], [ 40521639.495666496455669, 3530168.647263705264777 ], [ 40521637.8122743293643, 3530168.441629885695875 ], [ 40521636.144299998879433, 3530168.135099999140948 ], [ 40521499.801299996674061, 3530133.796699999365956 ], [ 40521498.904681213200092, 3530133.724775060079992 ], [ 40521498.005216591060162, 3530133.717057764064521 ], [ 40521497.107494346797466, 3530133.773587584029883 ], [ 40521496.216100685298443, 3530133.894075750838965 ], [ 40521495.335588447749615, 3530134.077907323371619 ], [ 40521494.470447532832623, 3530134.324143647681922 ], [ 40521493.625099174678326, 3530134.63152766181156 ], [ 40521492.803857795894146, 3530134.998489975463599 ], [ 40521492.010915748775005, 3530135.423157333862036 ], [ 40521491.250322334468365, 3530135.903361439239234 ], [ 40521490.525959007441998, 3530136.436650752555579 ], [ 40521489.84152602404356, 3530137.020302652847022 ], [ 40521489.200515739619732, 3530137.651337384711951 ], [ 40521488.606201164424419, 3530138.326533436309546 ], [ 40521488.06161879748106, 3530139.042443513404578 ], [ 40521487.569543831050396, 3530139.795412659179419 ], [ 40521487.13249396532774, 3530140.581596850883216 ], [ 40521486.752696983516216, 3530141.396982192527503 ], [ 40521486.432092659175396, 3530142.237405836116523 ], [ 40521486.17231846600771, 3530143.098577364347875 ], [ 40521485.9746999964118, 3530143.976099999621511 ], [ 40521485.125699996948242, 3530158.879499999340624 ], [ 40521477.204499997198582, 3530229.977099999319762 ], [ 40521462.9705, 3530315.218699998687953 ], [ 40521458.208099998533726, 3530343.739699999801815 ], [ 40521472.729099996387959, 3530347.851899999193847 ], [ 40521492.067100003361702, 3530232.044300000648946 ], [ 40521499.726499997079372, 3530163.295899999793619 ], [ 40521499.84491278231144, 3530162.4855135679245 ], [ 40521500.018325805664062, 3530161.685091435909271 ], [ 40521500.24593161791563, 3530160.898362040054053 ], [ 40521500.526670448482037, 3530160.128989696037024 ], [ 40521500.859233848750591, 3530159.380558132659644 ], [ 40521501.242071144282818, 3530158.656553744804114 ], [ 40521501.673402778804302, 3530157.960348724853247 ], [ 40521502.151216499507427, 3530157.295186042319983 ], [ 40521502.673288337886333, 3530156.664164065849036 ], [ 40521503.237186424434185, 3530156.07022201968357 ], [ 40521503.840282432734966, 3530155.516126393806189 ], [ 40521504.479768745601177, 3530155.004458307754248 ], [ 40521505.152667991816998, 3530154.537600874435157 ], [ 40521505.855842582881451, 3530154.117728948127478 ], [ 40521506.58601950854063, 3530153.746798157226294 ], [ 40521507.339796058833599, 3530153.426536321174353 ], [ 40521508.113662712275982, 3530153.158435225021094 ], [ 40521508.904014579951763, 3530152.943743586074561 ], [ 40521509.707168571650982, 3530152.783461451064795 ], [ 40521510.519386284053326, 3530152.678335427772254 ], [ 40521511.336881630122662, 3530152.628855227958411 ], [ 40521512.155849449336529, 3530152.635251402389258 ], [ 40521512.972469329833984, 3530152.697493851184845 ], [ 40521513.782946839928627, 3530152.815292954444885 ], [ 40521514.583499997854233, 3530152.988099999260157 ] ] ] ] } },
{ "type": "Feature", "properties": { "OBJECTID": 18625, "DKBH": "ZC-CZ-B06-02", "YDDM": "G1", "DKMJ": 91991.4, "YDJRX": " ", "RJL": " ", "JZMD": " ", "LDL": "≥65%", "JDCW": " ", "DTSTZB": " ", "CSSJZB": " ", "REMARK": " ", "PLANNAME": "《江阴市中心城区主城控制性详细规划》（青山未来社区）调整", "PLANDATE": "2024-02-20T00:00:00Z", "PLANUNIT": "江阴市城乡规划设计院", "PASSDATE": "2024-03-20T00:00:00Z", "STARTTIME": "2024-04-10T16:59:23Z", "FGUID": null, "CADNAME": "08G1公园绿地", "DXKJKF": " ", "YDXZ": "公园绿地", "FTZMC": "ZC-CZ-B06-01-17.dwg", "JZGD": "/", "JC": null, "SHAPE_Length": 1460.1329380775012, "SHAPE_Area": 72779.676000316715 }, "geometry": { "type": "MultiPolygon", "coordinates": [ [ [ [ 40521869.9133, 3529624.744900000281632 ], [ 40521866.0357, 3529569.145499998703599 ], [ 40521772.480499997735023, 3529571.632500000763685 ], [ 40521767.708499997854233, 3529571.844100000336766 ], [ 40521766.079070635139942, 3529593.373694896697998 ], [ 40521764.364545822143555, 3529614.896680414676666 ], [ 40521762.564956657588482, 3529636.412720322143286 ], [ 40521760.680326454341412, 3529657.921478271018714 ], [ 40521758.710683822631836, 3529679.422618091106415 ], [ 40521756.656066484749317, 3529700.915803909301758 ], [ 40521754.516500003635883, 3529722.400700000114739 ], [ 40521754.759499996900558, 3529727.857099999208003 ], [ 40521759.601899996399879, 3529751.894699999596924 ], [ 40521761.517300002276897, 3529766.743099999148399 ], [ 40521760.932099997997284, 3529777.7547 ], [ 40521753.032899998128414, 3529784.965899999719113 ], [ 40521743.670900002121925, 3529786.135499998927116 ], [ 40521731.838699996471405, 3529793.324099999386817 ], [ 40521729.199546992778778, 3529794.031715990975499 ], [ 40521726.613807678222656, 3529794.914773643016815 ], [ 40521724.093130104243755, 3529795.969294785987586 ], [ 40521721.648864738643169, 3529797.190528869163245 ], [ 40521719.29202651232481, 3529798.572974442970008 ], [ 40521717.033231727778912, 3529800.110403894912452 ], [ 40521714.882656089961529, 3529801.795891165267676 ], [ 40521712.849988929927349, 3529803.621843575965613 ], [ 40521710.94438361376524, 3529805.58003532839939 ], [ 40521709.174428932368755, 3529807.661645054351538 ], [ 40521707.548095695674419, 3529809.857295512687415 ], [ 40521706.072710029780865, 3529812.157095551025122 ], [ 40521704.754919044673443, 3529814.550684928428382 ], [ 40521703.600660316646099, 3529817.027280807029456 ], [ 40521702.615131370723248, 3529819.575726508628577 ], [ 40521701.802772514522076, 3529822.184541701804847 ], [ 40521701.167245857417583, 3529824.841974019538611 ], [ 40521700.711410515010357, 3529827.536052226554602 ], [ 40521700.437320709228516, 3529830.254639565944672 ], [ 40521700.346214473247528, 3529832.985489489510655 ], [ 40521700.438500002026558, 3529835.716299999505281 ], [ 40521701.024749211966991, 3529841.652790785301477 ], [ 40521701.981061935424805, 3529847.541005909442902 ], [ 40521703.30369757860899, 3529853.357899546157569 ], [ 40521704.987476341426373, 3529859.080704926978797 ], [ 40521707.025810234248638, 3529864.687023877631873 ], [ 40521709.410718910396099, 3529870.154913901817054 ], [ 40521712.132869713008404, 3529875.462974309455603 ], [ 40521715.181608192622662, 3529880.590430020820349 ], [ 40521718.54500388354063, 3529885.517212748061866 ], [ 40521722.209890358150005, 3529890.224039673339576 ], [ 40521726.161922454833984, 3529894.692488968372345 ], [ 40521730.385636739432812, 3529898.905071497429162 ], [ 40521734.864500001072884, 3529902.84529999922961 ], [ 40521742.048100002110004, 3529909.280899999197572 ], [ 40521748.167499996721745, 3529931.081499999389052 ], [ 40521745.340499997138977, 3529951.658099999651313 ], [ 40521743.779700003564358, 3529969.4477 ], [ 40521736.078500002622604, 3529990.35950000025332 ], [ 40521727.875100001692772, 3529991.02849999954924 ], [ 40521719.002099998295307, 3530001.066099999472499 ], [ 40521713.142499998211861, 3530006.419500000309199 ], [ 40521707.9525, 3530007.25609999941662 ], [ 40521706.84910000115633, 3530008.542500000447035 ], [ 40521700.470299996435642, 3530079.262299999129027 ], [ 40521682.7223, 3530116.041299999225885 ], [ 40521724.873499996960163, 3530127.15610000025481 ], [ 40521754.7747, 3530131.4211 ], [ 40521832.131099998950958, 3530151.8191 ], [ 40521844.982900001108646, 3530142.400099999271333 ], [ 40521846.972099997103214, 3530101.026099999435246 ], [ 40521851.42849999666214, 3530081.216899999883026 ], [ 40521860.390699997544289, 3529894.8103 ], [ 40521870.547899998724461, 3529683.5425 ], [ 40521870.880961962044239, 3529675.144206164870411 ], [ 40521871.072807304561138, 3529666.741500198375434 ], [ 40521871.123382560908794, 3529658.336756824981421 ], [ 40521871.03267478197813, 3529649.932350754272193 ], [ 40521870.800708763301373, 3529641.530656754504889 ], [ 40521870.427547045052052, 3529633.134049056563526 ], [ 40521869.9133, 3529624.744900000281632 ] ] ] ] } },
{ "type": "Feature", "properties": { "OBJECTID": 18626, "DKBH": "ZC-CZ-B06-31", "YDDM": "G1", "DKMJ": 9208.0, "YDJRX": " ", "RJL": " ", "JZMD": " ", "LDL": "≥65%", "JDCW": " ", "DTSTZB": " ", "CSSJZB": " ", "REMARK": " ", "PLANNAME": "《江阴市中心城区主城控制性详细规划》（青山未来社区）调整", "PLANDATE": "2024-02-20T00:00:00Z", "PLANUNIT": "江阴市城乡规划设计院", "PASSDATE": "2024-03-20T00:00:00Z", "STARTTIME": "2024-04-10T16:59:23Z", "FGUID": null, "CADNAME": "08G1公园绿地", "DXKJKF": " ", "YDXZ": "公园绿地", "FTZMC": "ZC-CZ-B06-18-32.dwg", "JZGD": "/", "JC": null, "SHAPE_Length": 684.86402477262425, "SHAPE_Area": 9207.9648887460153 }, "geometry": { "type": "MultiPolygon", "coordinates": [ [ [ [ 40522651.45830000191927, 3529669.4041 ], [ 40522649.591700002551079, 3529668.212899999693036 ], [ 40522642.674900002777576, 3529699.386699998751283 ], [ 40522650.6593, 3529704.481499999761581 ], [ 40522658.8477, 3529710.102699999231845 ], [ 40522691.863300003111362, 3529735.254099999088794 ], [ 40522725.042900003492832, 3529761.1431 ], [ 40522733.001500003039837, 3529767.491700000595301 ], [ 40522757.893700003623962, 3529794.804700000211596 ], [ 40522758.506300002336502, 3529795.621499999891967 ], [ 40522763.072499997913837, 3529801.848299999255687 ], [ 40522764.1299, 3529803.538099998608232 ], [ 40522764.475500002503395, 3529804.283300000242889 ], [ 40522766.036700002849102, 3529810.031299998983741 ], [ 40522766.7025, 3529812.601499999407679 ], [ 40522772.556500002741814, 3529832.7607 ], [ 40522774.0295, 3529837.268099999055266 ], [ 40522781.056699998676777, 3529853.713499999605119 ], [ 40522792.533100001513958, 3529871.254099998157471 ], [ 40522807.579300001263618, 3529889.104499999899417 ], [ 40522821.54110000282526, 3529902.152499999385327 ], [ 40522849.589699998497963, 3529923.668499998748302 ], [ 40522847.993299998342991, 3529884.6341 ], [ 40522840.958499997854233, 3529879.237700000405312 ], [ 40522829.367299996316433, 3529868.404900000896305 ], [ 40522816.642499998211861, 3529853.308500000741333 ], [ 40522807.6061, 3529839.497699999716133 ], [ 40522802.135300002992153, 3529826.694499999750406 ], [ 40522801.2275, 3529823.91609999909997 ], [ 40522795.6343, 3529804.655099999159575 ], [ 40522795.0339, 3529802.3377 ], [ 40522792.76129999756813, 3529793.970499999821186 ], [ 40522790.557899996638298, 3529789.216500000562519 ], [ 40522787.917499996721745, 3529784.997499999590218 ], [ 40522782.603299997746944, 3529777.750899998471141 ], [ 40522781.0335, 3529775.657499998807907 ], [ 40522754.240500003099442, 3529746.259100000374019 ], [ 40522752.410499997437, 3529744.598500000778586 ], [ 40522743.624899998307228, 3529737.590299998875707 ], [ 40522710.1813, 3529711.495299998205155 ], [ 40522676.437700003385544, 3529685.7895 ], [ 40522667.2223, 3529679.463100000284612 ], [ 40522651.45830000191927, 3529669.4041 ] ] ] ] } },
{ "type": "Feature", "properties": { "OBJECTID": 18627, "DKBH": "ZC-CZ-B06-34", "YDDM": "G1", "DKMJ": 19696.8, "YDJRX": " ", "RJL": " ", "JZMD": " ", "LDL": "≥65%", "JDCW": " ", "DTSTZB": " ", "CSSJZB": " ", "REMARK": " ", "PLANNAME": "《江阴市中心城区主城控制性详细规划》（青山未来社区）调整", "PLANDATE": "2024-02-20T00:00:00Z", "PLANUNIT": "江阴市城乡规划设计院", "PASSDATE": "2024-03-20T00:00:00Z", "STARTTIME": "2024-04-10T16:59:23Z", "FGUID": null, "CADNAME": "08G1公园绿地", "DXKJKF": " ", "YDXZ": "公园绿地", "FTZMC": "ZC-CZ-B06-28-46.dwg", "JZGD": "/", "JC": null, "SHAPE_Length": 746.36225085983085, "SHAPE_Area": 19696.754187694089 }, "geometry": { "type": "MultiPolygon", "coordinates": [ [ [ [ 40522749.2333, 3529606.940499999560416 ], [ 40522665.2223, 3529588.300499999895692 ], [ 40522664.849404320120811, 3529592.489402289967984 ], [ 40522664.39310073107481, 3529596.670040547382087 ], [ 40522663.85356330126524, 3529600.840754389297217 ], [ 40522663.231012336909771, 3529604.999886750709265 ], [ 40522662.525691978633404, 3529609.145785390865058 ], [ 40522661.737883552908897, 3529613.276803608518094 ], [ 40522660.8679, 3529617.391299999784678 ], [ 40522656.41610000282526, 3529637.455299999099225 ], [ 40522673.1351, 3529647.542699999175966 ], [ 40522689.2403, 3529658.145499999634922 ], [ 40522694.1109, 3529661.543099999893457 ], [ 40522728.1633, 3529687.477900000289083 ], [ 40522761.9129, 3529713.805499998852611 ], [ 40522770.368500001728535, 3529720.499699999112636 ], [ 40522778.4639, 3529727.6253 ], [ 40522786.177500002086163, 3529735.162699998822063 ], [ 40522793.487899996340275, 3529743.091699999757111 ], [ 40522800.375500001013279, 3529751.390499999281019 ], [ 40522806.8217, 3529760.036699999123812 ], [ 40522810.972900003194809, 3529765.855699999723583 ], [ 40522813.8701, 3529769.916699998546392 ], [ 40522816.985699996352196, 3529774.895100000314415 ], [ 40522821.0471, 3529783.657699999865144 ], [ 40522824.031099997460842, 3529794.644099999219179 ], [ 40522827.122100003063679, 3529806.575500000733882 ], [ 40522828.377700001001358, 3529810.417699999175966 ], [ 40522829.798699997365475, 3529820.3569 ], [ 40522830.131561420857906, 3529822.249923818279058 ], [ 40522830.584962837398052, 3529824.117747246753424 ], [ 40522831.157039634883404, 3529825.952703237067908 ], [ 40522831.84544562548399, 3529827.747259616386145 ], [ 40522832.647356025874615, 3529829.49405014468357 ], [ 40522833.559476844966412, 3529831.185904383193702 ], [ 40522834.578065864741802, 3529832.815877615939826 ], [ 40522835.698938511312008, 3529834.377279393840581 ], [ 40522836.917499996721745, 3529835.86369999917224 ], [ 40522846.4441, 3529846.753499999176711 ], [ 40522844.0203, 3529787.485899998340756 ], [ 40522837.063699997961521, 3529617.368099999148399 ], [ 40522749.2333, 3529606.940499999560416 ] ] ] ] } },
{ "type": "Feature", "properties": { "OBJECTID": 18628, "DKBH": "ZC-CZ-B06-35", "YDDM": "G1", "DKMJ": 1899.1, "YDJRX": " ", "RJL": " ", "JZMD": " ", "LDL": "≥65%", "JDCW": " ", "DTSTZB": " ", "CSSJZB": " ", "REMARK": " ", "PLANNAME": "《江阴市中心城区主城控制性详细规划》（青山未来社区）调整", "PLANDATE": "2024-02-20T00:00:00Z", "PLANUNIT": "江阴市城乡规划设计院", "PASSDATE": "2024-03-20T00:00:00Z", "STARTTIME": "2024-04-10T16:59:23Z", "FGUID": null, "CADNAME": "08G1公园绿地", "DXKJKF": " ", "YDXZ": "公园绿地", "FTZMC": "ZC-CZ-B06-28-46.dwg", "JZGD": "/", "JC": null, "SHAPE_Length": 290.68493667666689, "SHAPE_Area": 1899.1193370588408 }, "geometry": { "type": "MultiPolygon", "coordinates": [ [ [ [ 40522628.627300001680851, 3529657.328700000885874 ], [ 40522626.111699998378754, 3529657.129099999554455 ], [ 40522623.598300002515316, 3529657.354099999647588 ], [ 40522621.158299997448921, 3529657.997100000735372 ], [ 40522618.8605, 3529659.040099999401718 ], [ 40522616.770099997520447, 3529660.453499999362975 ], [ 40522614.946099996566772, 3529662.197499999776483 ], [ 40522613.440499998629093, 3529664.2223 ], [ 40522612.2953, 3529666.4709 ], [ 40522611.543499998748302, 3529668.879699999000877 ], [ 40522606.770499996840954, 3529690.391699998639524 ], [ 40522584.8525, 3529789.177299998700619 ], [ 40522584.9569, 3529789.187699999194592 ], [ 40522603.1325, 3529776.034300000872463 ], [ 40522606.4225, 3529761.211499999742955 ], [ 40522629.4269, 3529657.5307 ], [ 40522628.627300001680851, 3529657.328700000885874 ] ] ] ] } },
{ "type": "Feature", "properties": { "OBJECTID": 18629, "DKBH": "ZC-CZ-B06-37", "YDDM": "G1", "DKMJ": 3165.7, "YDJRX": " ", "RJL": " ", "JZMD": " ", "LDL": "≥65%", "JDCW": " ", "DTSTZB": " ", "CSSJZB": " ", "REMARK": " ", "PLANNAME": "《江阴市中心城区主城控制性详细规划》（青山未来社区）调整", "PLANDATE": "2024-02-20T00:00:00Z", "PLANUNIT": "江阴市城乡规划设计院", "PASSDATE": "2024-03-20T00:00:00Z", "STARTTIME": "2024-04-10T16:59:23Z", "FGUID": null, "CADNAME": "08G1公园绿地", "DXKJKF": " ", "YDXZ": "公园绿地", "FTZMC": "ZC-CZ-B06-28-46.dwg", "JZGD": "/", "JC": null, "SHAPE_Length": 453.59226327736428, "SHAPE_Area": 3165.6374879970331 }, "geometry": { "type": "MultiPolygon", "coordinates": [ [ [ [ 40522627.447700001299381, 3529408.557900000363588 ], [ 40522622.331500001251698, 3529408.071100000292063 ], [ 40522628.732100002467632, 3529564.576699999626726 ], [ 40522628.87612759321928, 3529571.018025043420494 ], [ 40522628.781585693359375, 3529577.460266649723053 ], [ 40522628.448606483638287, 3529583.894591569434851 ], [ 40522627.877641670405865, 3529590.312177776824683 ], [ 40522627.069475173950195, 3529596.704226195812225 ], [ 40522626.025217406451702, 3529603.061972501687706 ], [ 40522624.746299996972084, 3529609.3767 ], [ 40522624.143299996852875, 3529612.094699999783188 ], [ 40522624.016261637210846, 3529612.779167157132179 ], [ 40522623.937150947749615, 3529613.470814287196845 ], [ 40522623.906351082026958, 3529614.166289567481726 ], [ 40522623.924013130366802, 3529614.862222432624549 ], [ 40522623.990051262080669, 3529615.555239915382117 ], [ 40522624.104145042598248, 3529616.241983651649207 ], [ 40522624.265741340816021, 3529616.91912543727085 ], [ 40522624.474058143794537, 3529617.583383559715003 ], [ 40522624.728082649409771, 3529618.231538891326636 ], [ 40522625.026588432490826, 3529618.860450028907508 ], [ 40522625.368125908076763, 3529619.467069267760962 ], [ 40522625.751039497554302, 3529620.048456549178809 ], [ 40522626.173475258052349, 3529620.601794480811805 ], [ 40522626.633384697139263, 3529621.124401211272925 ], [ 40522627.128538124263287, 3529621.613744019996375 ], [ 40522627.656538002192974, 3529622.06745159579441 ], [ 40522628.214824669063091, 3529622.483324825298041 ], [ 40522628.800691187381744, 3529622.85934839816764 ], [ 40522629.411300003528595, 3529623.193699999712408 ], [ 40522636.2787000015378, 3529626.649099999573082 ], [ 40522639.392300002276897, 3529612.616100000217557 ], [ 40522640.780846707522869, 3529605.758317586965859 ], [ 40522641.914606086909771, 3529598.853838026057929 ], [ 40522642.792020790278912, 3529591.912124633323401 ], [ 40522643.411890022456646, 3529584.942691087257117 ], [ 40522643.77336310595274, 3529577.955089151393622 ], [ 40522643.8759471103549, 3529570.958896038122475 ], [ 40522643.719499997794628, 3529563.963700000196695 ], [ 40522637.811300002038479, 3529419.496899999678135 ], [ 40522627.447700001299381, 3529408.557900000363588 ] ] ] ] } },
{ "type": "Feature", "properties": { "OBJECTID": 18633, "DKBH": "ZC-CZ-B06-33", "YDDM": "G1", "DKMJ": 10510.3, "YDJRX": " ", "RJL": " ", "JZMD": " ", "LDL": "≥65%", "JDCW": " ", "DTSTZB": " ", "CSSJZB": " ", "REMARK": " ", "PLANNAME": "《江阴市中心城区主城控制性详细规划》（青山未来社区）调整", "PLANDATE": "2024-02-20T00:00:00Z", "PLANUNIT": "江阴市城乡规划设计院", "PASSDATE": "2024-03-20T00:00:00Z", "STARTTIME": "2024-04-10T16:59:23Z", "FGUID": null, "CADNAME": "08G1公园绿地", "DXKJKF": " ", "YDXZ": "公园绿地", "FTZMC": "ZC-CZ-B06-28-46.dwg", "JZGD": "/", "JC": null, "SHAPE_Length": 799.05625194151753, "SHAPE_Area": 10510.28583780287 }, "geometry": { "type": "MultiPolygon", "coordinates": [ [ [ [ 40522378.037500001490116, 3529545.993500000331551 ], [ 40522366.4331, 3529544.118899999652058 ], [ 40522364.647299997508526, 3529573.313900000415742 ], [ 40522384.391099996864796, 3529578.023099999409169 ], [ 40522392.404700003564358, 3529579.934500000905246 ], [ 40522416.811499997973442, 3529588.870299999136478 ], [ 40522442.842699997127056, 3529600.072300000116229 ], [ 40522466.4899, 3529612.265899999067187 ], [ 40522491.358900003135204, 3529626.778500000480562 ], [ 40522527.061099998652935, 3529643.597500000149012 ], [ 40522565.111699998378754, 3529660.467099999077618 ], [ 40522567.118299998342991, 3529661.356700000818819 ], [ 40522563.4661, 3529677.817300000227988 ], [ 40522539.753300003707409, 3529784.6911 ], [ 40522564.808300003409386, 3529787.18349999981001 ], [ 40522583.932899996638298, 3529700.988299998920411 ], [ 40522587.872500002384186, 3529683.232499999459833 ], [ 40522594.467100001871586, 3529653.510899999178946 ], [ 40522594.7945, 3529651.189499998930842 ], [ 40522594.756300002336502, 3529648.84569999948144 ], [ 40522594.353299997746944, 3529646.536299999337643 ], [ 40522593.595299996435642, 3529644.317900000140071 ], [ 40522592.50110000371933, 3529642.244699999690056 ], [ 40522591.0973, 3529640.367299999576062 ], [ 40522589.4181, 3529638.731700000353158 ], [ 40522587.50450000166893, 3529637.377500000409782 ], [ 40522585.403300002217293, 3529636.338099999818951 ], [ 40522580.45610000193119, 3529634.389299999456853 ], [ 40522555.116300001740456, 3529623.402900000102818 ], [ 40522529.976099997758865, 3529611.966700000688434 ], [ 40522505.043700002133846, 3529600.084699999075383 ], [ 40522488.586099997162819, 3529590.16829999955371 ], [ 40522471.734499998390675, 3529580.937899999786168 ], [ 40522454.51690000295639, 3529572.408899999689311 ], [ 40522436.963100001215935, 3529564.595899999607354 ], [ 40522419.102300003170967, 3529557.512299998663366 ], [ 40522400.965300001204014, 3529551.1697 ], [ 40522389.554899998009205, 3529548.3451 ], [ 40522378.037500001490116, 3529545.993500000331551 ] ] ] ] } },
{ "type": "Feature", "properties": { "OBJECTID": 18634, "DKBH": "ZC-CZ-B06-29", "YDDM": "G1", "DKMJ": 5504.9, "YDJRX": " ", "RJL": " ", "JZMD": " ", "LDL": "≥65%", "JDCW": " ", "DTSTZB": " ", "CSSJZB": " ", "REMARK": " ", "PLANNAME": "《江阴市中心城区主城控制性详细规划》（青山未来社区）调整", "PLANDATE": "2024-02-20T00:00:00Z", "PLANUNIT": "江阴市城乡规划设计院", "PASSDATE": "2024-03-20T00:00:00Z", "STARTTIME": "2024-04-10T16:59:23Z", "FGUID": null, "CADNAME": "08G1公园绿地", "DXKJKF": " ", "YDXZ": "公园绿地", "FTZMC": "ZC-CZ-B06-18-32.dwg", "JZGD": "/", "JC": null, "SHAPE_Length": 490.57095178922191, "SHAPE_Area": 5504.8949095296339 }, "geometry": { "type": "MultiPolygon", "coordinates": [ [ [ [ 40522559.572499997913837, 3529810.78110000025481 ], [ 40522534.517499998211861, 3529808.28870000038296 ], [ 40522514.1673, 3529900.008100001141429 ], [ 40522487.125500001013279, 3530021.8855000003241 ], [ 40522511.57209999859333, 3530027.120299999602139 ], [ 40522559.572499997913837, 3529810.78110000025481 ] ] ] ] } },
{ "type": "Feature", "properties": { "OBJECTID": 18635, "DKBH": "ZC-CZ-B06-46", "YDDM": "G1", "DKMJ": 3207.5, "YDJRX": " ", "RJL": " ", "JZMD": " ", "LDL": "≥65%", "JDCW": " ", "DTSTZB": " ", "CSSJZB": " ", "REMARK": " ", "PLANNAME": "《江阴市中心城区主城控制性详细规划》（青山未来社区）调整", "PLANDATE": "2024-02-20T00:00:00Z", "PLANUNIT": "江阴市城乡规划设计院", "PASSDATE": "2024-03-20T00:00:00Z", "STARTTIME": "2024-04-10T16:59:23Z", "FGUID": null, "CADNAME": "08G1公园绿地", "DXKJKF": " ", "YDXZ": "公园绿地", "FTZMC": "ZC-CZ-B06-28-46.dwg", "JZGD": "/", "JC": null, "SHAPE_Length": 463.58800377190187, "SHAPE_Area": 3207.4912143189435 }, "geometry": { "type": "MultiPolygon", "coordinates": [ [ [ [ 40522579.717699997127056, 3529812.7851 ], [ 40522579.616700001060963, 3529812.774899999145418 ], [ 40522531.12950000166893, 3530031.308299999218434 ], [ 40522536.01349999755621, 3530032.354099999181926 ], [ 40522547.957900002598763, 3530024.685499999672174 ], [ 40522591.398100003600121, 3529828.899299999698997 ], [ 40522579.717699997127056, 3529812.7851 ] ] ] ] } },
{ "type": "Feature", "properties": { "OBJECTID": 18639, "DKBH": "ZC-CZ-B06-11", "YDDM": "G1", "DKMJ": 18869.3, "YDJRX": " ", "RJL": " ", "JZMD": " ", "LDL": "≥65%", "JDCW": " ", "DTSTZB": " ", "CSSJZB": " ", "REMARK": " ", "PLANNAME": "《江阴市中心城区主城控制性详细规划》（青山未来社区）调整", "PLANDATE": "2024-02-20T00:00:00Z", "PLANUNIT": "江阴市城乡规划设计院", "PASSDATE": "2024-03-20T00:00:00Z", "STARTTIME": "2024-04-10T16:59:23Z", "FGUID": null, "CADNAME": "08G1公园绿地", "DXKJKF": " ", "YDXZ": "公园绿地", "FTZMC": "ZC-CZ-B06-01-17.dwg", "JZGD": "/", "JC": null, "SHAPE_Length": 931.48920581376819, "SHAPE_Area": 13070.790637146467 }, "geometry": { "type": "MultiPolygon", "coordinates": [ [ [ [ 40521892.140699997544289, 3529598.49269999936223 ], [ 40522014.563500002026558, 3529594.812300000339746 ], [ 40522030.2975, 3529595.088699999731034 ], [ 40522031.883100003004074, 3529595.087899998296052 ], [ 40522063.608900003135204, 3529594.773699999321252 ], [ 40522080.4503, 3529594.155500000342727 ], [ 40522097.393299996852875, 3529593.226700000464916 ], [ 40522204.699299998581409, 3529583.621899999678135 ], [ 40522300.6259, 3529572.7549 ], [ 40522305.721500001847744, 3529572.281700000166893 ], [ 40522313.567500002682209, 3529571.754499999806285 ], [ 40522321.427100002765656, 3529571.467099999543279 ], [ 40522324.687700003385544, 3529571.430899999570101 ], [ 40522326.523900002241135, 3529541.408699999563396 ], [ 40522320.712300002574921, 3529541.473299998790026 ], [ 40522312.01349999755621, 3529541.791299999225885 ], [ 40522303.328500002622604, 3529542.374900000169873 ], [ 40522297.55009999871254, 3529542.911500001326203 ], [ 40522201.673100002110004, 3529553.772899999748915 ], [ 40522095.234300002455711, 3529563.300099999643862 ], [ 40522079.078900001943111, 3529564.185699999798089 ], [ 40522062.910099998116493, 3529564.779099999461323 ], [ 40522030.954499997198582, 3529565.095500000752509 ], [ 40522014.37610000371933, 3529564.804299999494106 ], [ 40521890.0519, 3529568.542099999729544 ], [ 40521892.140699997544289, 3529598.49269999936223 ] ] ] ] } },
{ "type": "Feature", "properties": { "OBJECTID": 18640, "DKBH": "ZC-CZ-B06-41", "YDDM": "G1", "DKMJ": 2762.6, "YDJRX": " ", "RJL": " ", "JZMD": " ", "LDL": "≥65%", "JDCW": " ", "DTSTZB": " ", "CSSJZB": " ", "REMARK": " ", "PLANNAME": "《江阴市中心城区主城控制性详细规划》（青山未来社区）调整", "PLANDATE": "2024-02-20T00:00:00Z", "PLANUNIT": "江阴市城乡规划设计院", "PASSDATE": "2024-03-20T00:00:00Z", "STARTTIME": "2024-04-10T16:59:23Z", "FGUID": null, "CADNAME": "08G1公园绿地", "DXKJKF": " ", "YDXZ": "公园绿地", "FTZMC": "ZC-CZ-B06-28-46.dwg", "JZGD": "/", "JC": null, "SHAPE_Length": 735.44211598592801, "SHAPE_Area": 2762.5733331307201 }, "geometry": { "type": "MultiPolygon", "coordinates": [ [ [ [ 40522811.103100001811981, 3529382.335299999453127 ], [ 40522828.286700002849102, 3529366.055299999658018 ], [ 40522826.2425, 3529316.073300000280142 ], [ 40522828.5137, 3529285.955299999099225 ], [ 40522825.778899997472763, 3529219.088899999856949 ], [ 40522815.346900001168251, 3529208.727699999697506 ], [ 40522818.4983000010252, 3529285.783099999651313 ], [ 40522816.2271, 3529315.900899999309331 ], [ 40522817.888300001621246, 3529356.522099999710917 ], [ 40522797.322300001978874, 3529376.00150000071153 ], [ 40522726.7403, 3529369.285899999551475 ], [ 40522686.807099997997284, 3529369.002299998421222 ], [ 40522620.475699998438358, 3529362.691100000403821 ], [ 40522620.681900002062321, 3529367.733300000429153 ], [ 40522686.333499997854233, 3529373.979899999685585 ], [ 40522726.485299997031689, 3529374.284099999349564 ], [ 40522811.103100001811981, 3529382.335299999453127 ] ] ] ] } },
{ "type": "Feature", "properties": { "OBJECTID": 18641, "DKBH": "ZC-CZ-B06-45", "YDDM": "G1", "DKMJ": 1838.0, "YDJRX": " ", "RJL": " ", "JZMD": " ", "LDL": "≥65%", "JDCW": " ", "DTSTZB": " ", "CSSJZB": " ", "REMARK": " ", "PLANNAME": "《江阴市中心城区主城控制性详细规划》（青山未来社区）调整", "PLANDATE": "2024-02-20T00:00:00Z", "PLANUNIT": "江阴市城乡规划设计院", "PASSDATE": "2024-03-20T00:00:00Z", "STARTTIME": "2024-04-10T16:59:23Z", "FGUID": null, "CADNAME": "08G1公园绿地", "DXKJKF": " ", "YDXZ": "公园绿地", "FTZMC": "ZC-CZ-B06-28-46.dwg", "JZGD": "/", "JC": null, "SHAPE_Length": 395.4353628930441, "SHAPE_Area": 1837.9997363937275 }, "geometry": { "type": "MultiPolygon", "coordinates": [ [ [ [ 40522821.649099998176098, 3529005.375300001353025 ], [ 40522811.901299998164177, 3528995.056300000753254 ], [ 40522810.413500003516674, 3529055.196899999398738 ], [ 40522810.296101912856102, 3529061.053400518372655 ], [ 40522810.233596801757812, 3529066.91074413061142 ], [ 40522810.225994102656841, 3529072.76841628504917 ], [ 40522810.273286812007427, 3529078.625902413856238 ], [ 40522810.37547492980957, 3529084.482688009738922 ], [ 40522810.532552108168602, 3529090.338258625939488 ], [ 40522810.744499996304512, 3529096.192099999636412 ], [ 40522814.530100002884865, 3529188.75569999916479 ], [ 40522824.142700001597404, 3529179.077299999538809 ], [ 40522820.736100003123283, 3529095.783499999437481 ], [ 40522820.527555651962757, 3529090.02330207824707 ], [ 40522820.373006820678711, 3529084.261402666568756 ], [ 40522820.272468559443951, 3529078.498307942878455 ], [ 40522820.225946418941021, 3529072.734524011146277 ], [ 40522820.233444213867188, 3529066.970557034015656 ], [ 40522820.294964022934437, 3529061.206913590431213 ], [ 40522820.410499997437, 3529055.4441 ], [ 40522821.649099998176098, 3529005.375300001353025 ] ] ] ] } },
{ "type": "Feature", "properties": { "OBJECTID": 18683, "DKBH": null, "YDDM": "E11", "DKMJ": 16629.7, "YDJRX": null, "RJL": null, "JZMD": null, "LDL": null, "JDCW": null, "DTSTZB": null, "CSSJZB": null, "REMARK": null, "PLANNAME": "《江阴市中心城区主城控制性详细规划》岛南路线形更正", "PLANDATE": "2023-12-11T00:00:00Z", "PLANUNIT": "江阴市城乡规划设计院", "PASSDATE": "2024-01-11T00:00:00Z", "STARTTIME": "2024-01-19T14:32:22Z", "FGUID": null, "CADNAME": "10E11自然水域", "DXKJKF": null, "YDXZ": "自然水域", "FTZMC": null, "JZGD": "/", "JC": null, "SHAPE_Length": 947.24839243437805, "SHAPE_Area": 16629.696568628882 }, "geometry": { "type": "MultiPolygon", "coordinates": [ [ [ [ 40524370.01129999756813, 3532214.182499999646097 ], [ 40524383.035300001502037, 3532206.740500000305474 ], [ 40524394.7135, 3532199.966499999631196 ], [ 40524404.286300003528595, 3532194.509499999228865 ], [ 40524417.342299997806549, 3532187.124300000723451 ], [ 40524423.877499997615814, 3532183.445299999322742 ], [ 40524426.537299998104572, 3532182.07029999839142 ], [ 40524427.9203, 3532181.49129999987781 ], [ 40524430.807300001382828, 3532180.683300000149757 ], [ 40524435.243299998342991, 3532179.949499999172986 ], [ 40524442.7315, 3532179.763500000350177 ], [ 40524445.777099996805191, 3532179.840099999215454 ], [ 40524449.563299998641014, 3532154.763499999884516 ], [ 40524442.685500003397465, 3532154.6025 ], [ 40524432.949500001966953, 3532154.565499999560416 ], [ 40524428.897299997508526, 3532155.172699999529868 ], [ 40524425.847499996423721, 3532155.876499999780208 ], [ 40524416.958499997854233, 3532158.77449999935925 ], [ 40524413.3701, 3532160.345499999821186 ], [ 40524410.57150000333786, 3532161.807500000111759 ], [ 40524405.1135, 3532164.794499998446554 ], [ 40524390.659500002861023, 3532173.14549999916926 ], [ 40524348.9265, 3532196.68349999981001 ], [ 40524329.850500002503395, 3532207.503500000108033 ], [ 40524324.8675, 3532209.832700000144541 ], [ 40524322.626500003039837, 3532210.352299999445677 ], [ 40524314.877300001680851, 3532211.658499999437481 ], [ 40524296.710500001907349, 3532213.0735 ], [ 40524285.05349999666214, 3532212.683500000275671 ], [ 40524282.42849999666214, 3532211.470499999355525 ], [ 40524275.9657, 3532208.249899999238551 ], [ 40524260.972499996423721, 3532207.762500000186265 ], [ 40524235.818499997258186, 3532206.9605 ], [ 40524225.773500002920628, 3532206.5855 ], [ 40524212.73650000244379, 3532206.855499998666346 ], [ 40524199.020499996840954, 3532207.3805 ], [ 40524197.5163, 3532207.399500000756234 ], [ 40524195.701300002634525, 3532207.422500000335276 ], [ 40524169.30349999666214, 3532207.757499999366701 ], [ 40524149.4115, 3532208.121499998960644 ], [ 40524142.74549999833107, 3532208.066499999258667 ], [ 40524134.351499997079372, 3532207.724499999079853 ], [ 40524124.3055, 3532206.868499999400228 ], [ 40524118.181500002741814, 3532205.80449999962002 ], [ 40524107.699500001966953, 3532203.813699999358505 ], [ 40524104.482900001108646, 3532203.168100000359118 ], [ 40524095.0739, 3532233.75650000013411 ], [ 40524094.887333281338215, 3532234.412539857439697 ], [ 40524094.72889518737793, 3532235.075934946537018 ], [ 40524094.598875038325787, 3532235.745479702483863 ], [ 40524094.497507087886333, 3532236.419957279693335 ], [ 40524094.42497444152832, 3532237.098142087459564 ], [ 40524094.381412871181965, 3532237.778801935724914 ], [ 40524094.366899996995926, 3532238.460699999239296 ], [ 40524094.627300001680851, 3532238.502499999478459 ], [ 40524097.584299996495247, 3532239.004499999340624 ], [ 40524100.396300002932549, 3532239.878299999050796 ], [ 40524103.442500002682209, 3532240.440299999434501 ], [ 40524115.79730000346899, 3532241.510499999858439 ], [ 40524134.0013, 3532241.834299999289215 ], [ 40524152.5493, 3532242.743299999739975 ], [ 40524164.035300001502037, 3532243.203499999828637 ], [ 40524177.320299997925758, 3532244.681300000287592 ], [ 40524186.31530000269413, 3532244.9665 ], [ 40524202.308300003409386, 3532245.422299999278039 ], [ 40524210.283299997448921, 3532246.067500000353903 ], [ 40524222.207500003278255, 3532247.325300000142306 ], [ 40524236.371299996972084, 3532249.767499999608845 ], [ 40524245.031499996781349, 3532252.219299999065697 ], [ 40524254.618299998342991, 3532255.026500000618398 ], [ 40524259.371299996972084, 3532256.578299999702722 ], [ 40524264.967299997806549, 3532258.419299999717623 ], [ 40524272.108499996364117, 3532260.709499999415129 ], [ 40524275.905299998819828, 3532261.964299999643117 ], [ 40524277.686300002038479, 3532262.754300000611693 ], [ 40524283.6043, 3532267.041499999351799 ], [ 40524285.7703, 3532269.097499999217689 ], [ 40524286.9243, 3532270.730499999597669 ], [ 40524287.715300001204014, 3532272.56650000018999 ], [ 40524288.048299998044968, 3532274.509299998637289 ], [ 40524287.2923, 3532279.450300000142306 ], [ 40524285.4093, 3532290.288499999791384 ], [ 40524283.633500002324581, 3532300.129499999340624 ], [ 40524282.546300001442432, 3532305.8873 ], [ 40524282.3407, 3532307.78389999922365 ], [ 40524282.6413, 3532309.212299999780953 ], [ 40524283.183300003409386, 3532310.92850000038743 ], [ 40524283.86429999768734, 3532312.564499999862164 ], [ 40524285.298299998044968, 3532313.998500000219792 ], [ 40524287.171300001442432, 3532315.192299999762326 ], [ 40524291.862300001084805, 3532316.033299999777228 ], [ 40524292.0783, 3532317.874299999326468 ], [ 40524292.157300002872944, 3532322.627299999818206 ], [ 40524290.4613, 3532332.151500000152737 ], [ 40524300.233499996364117, 3532333.341099999379367 ], [ 40524309.9445, 3532334.956500000320375 ], [ 40524319.575900003314018, 3532336.994300000369549 ], [ 40524320.613300003111362, 3532329.2645 ], [ 40524324.2753000035882, 3532324.1083 ], [ 40524326.9863, 3532320.134499998763204 ], [ 40524328.7223, 3532317.374499999452382 ], [ 40524331.10530000180006, 3532312.197499999776483 ], [ 40524332.567500002682209, 3532306.275299999862909 ], [ 40524333.992299996316433, 3532299.450299998279661 ], [ 40524336.1343, 3532287.47649999987334 ], [ 40524337.190499998629093, 3532280.699300000444055 ], [ 40524338.29730000346899, 3532270.42850000038743 ], [ 40524339.026500001549721, 3532262.13150000013411 ], [ 40524338.85530000180006, 3532256.204299998935312 ], [ 40524338.324299998581409, 3532250.007299998775125 ], [ 40524336.930299997329712, 3532241.815499999094754 ], [ 40524336.9283, 3532240.652299999259412 ], [ 40524338.539499998092651, 3532236.127299998886883 ], [ 40524339.836499996483326, 3532233.4493 ], [ 40524341.241300001740456, 3532231.64130000025034 ], [ 40524344.1043, 3532229.286299998871982 ], [ 40524349.180299997329712, 3532226.100299999117851 ], [ 40524354.35530000180006, 3532223.0633 ], [ 40524359.5783, 3532220.110299998894334 ], [ 40524370.01129999756813, 3532214.182499999646097 ] ] ] ] } },
{ "type": "Feature", "properties": { "OBJECTID": 18976, "DKBH": "ZC-CZ-B04-48", "YDDM": "R2", "DKMJ": 45312.2, "YDJRX": "A、B、S、G", "RJL": "≤2.5", "JZMD": "≤30%", "LDL": "≥30%", "JDCW": "0.6个/100M2", "DTSTZB": " ", "CSSJZB": " ", "REMARK": " ", "PLANNAME": "《江阴市中心城区主城控制性详细规划》（青山未来社区）调整", "PLANDATE": "2024-02-20T00:00:00Z", "PLANUNIT": "江阴市城乡规划设计院", "PASSDATE": "2024-03-20T00:00:00Z", "STARTTIME": "2024-04-10T16:59:23Z", "FGUID": null, "CADNAME": "01R2二类居住用地", "DXKJKF": " ", "YDXZ": "二类居住用地", "FTZMC": "ZC-CZ-B04-01-13.dwg", "JZGD": "/", "JC": null, "SHAPE_Length": 789.96228812755965, "SHAPE_Area": 37459.93661411287 }, "geometry": { "type": "MultiPolygon", "coordinates": [ [ [ [ 40521759.3785, 3530167.280499999411404 ], [ 40521712.750500001013279, 3530154.985299998894334 ], [ 40521702.366700001060963, 3530162.409900000318885 ], [ 40521685.500299997627735, 3530397.929700000211596 ], [ 40521694.407499998807907, 3530410.62889999942854 ], [ 40521824.0731, 3530447.3489 ], [ 40521834.17509999871254, 3530440.085099999792874 ], [ 40521841.2267, 3530293.410299999639392 ], [ 40521839.171499997377396, 3530263.276499998290092 ], [ 40521842.05290000140667, 3530203.345300000160933 ], [ 40521832.3825, 3530190.1505 ], [ 40521777.825099997222424, 3530175.764299999456853 ], [ 40521759.3785, 3530167.280499999411404 ] ] ] ] } },
{ "type": "Feature", "properties": { "OBJECTID": 18977, "DKBH": "ZC-CZ-B06-32", "YDDM": "RB", "DKMJ": 32309.8, "YDJRX": "A、B、S、U、G", "RJL": "1.5-4.0", "JZMD": "≤55%", "LDL": "≥15%", "JDCW": "0.7个/100M2", "DTSTZB": " ", "CSSJZB": " ", "REMARK": " ", "PLANNAME": "《江阴市中心城区主城控制性详细规划》（青山未来社区）调整", "PLANDATE": "2024-02-20T00:00:00Z", "PLANUNIT": "江阴市城乡规划设计院", "PASSDATE": "2024-03-20T00:00:00Z", "STARTTIME": "2024-04-10T16:59:23Z", "FGUID": null, "CADNAME": "01RB商住混合用地", "DXKJKF": " ", "YDXZ": "商住混合用地", "FTZMC": "ZC-CZ-B06-18-32.dwg", "JZGD": "/", "JC": null, "SHAPE_Length": 717.67139827435642, "SHAPE_Area": 32309.807257418452 }, "geometry": { "type": "MultiPolygon", "coordinates": [ [ [ [ 40522384.391099996864796, 3529578.023099999409169 ], [ 40522364.647299997508526, 3529573.313900000415742 ], [ 40522360.448700003325939, 3529641.95729999942705 ], [ 40522354.07150000333786, 3529746.136300000362098 ], [ 40522372.7513, 3529768.0787 ], [ 40522539.753300003707409, 3529784.6911 ], [ 40522563.4661, 3529677.817300000227988 ], [ 40522567.118299998342991, 3529661.356700000818819 ], [ 40522565.111699998378754, 3529660.467099999077618 ], [ 40522527.061099998652935, 3529643.597500000149012 ], [ 40522491.358900003135204, 3529626.778500000480562 ], [ 40522466.4899, 3529612.265899999067187 ], [ 40522442.842699997127056, 3529600.072300000116229 ], [ 40522416.811499997973442, 3529588.870299999136478 ], [ 40522392.404700003564358, 3529579.934500000905246 ], [ 40522384.391099996864796, 3529578.023099999409169 ] ] ] ] } },
{ "type": "Feature", "properties": { "OBJECTID": 18978, "DKBH": "ZC-CZ-B06-30", "YDDM": "RB", "DKMJ": 70071.8, "YDJRX": "A、B、S、U、G", "RJL": "1.5-4.0", "JZMD": "≤55%", "LDL": "≥15%", "JDCW": "0.7个/100M2", "DTSTZB": " ", "CSSJZB": " ", "REMARK": " ", "PLANNAME": "《江阴市中心城区主城控制性详细规划》（青山未来社区）调整", "PLANDATE": "2024-02-20T00:00:00Z", "PLANUNIT": "江阴市城乡规划设计院", "PASSDATE": "2024-03-20T00:00:00Z", "STARTTIME": "2024-04-10T16:59:23Z", "FGUID": null, "CADNAME": "01RB商住混合用地", "DXKJKF": " ", "YDXZ": "商住混合用地", "FTZMC": "ZC-CZ-B06-18-32.dwg", "JZGD": "/", "JC": null, "SHAPE_Length": 1101.8288256122539, "SHAPE_Area": 70071.800599006267 }, "geometry": { "type": "MultiPolygon", "coordinates": [ [ [ [ 40522650.6593, 3529704.481499999761581 ], [ 40522642.674900002777576, 3529699.386699998751283 ], [ 40522569.476499997079372, 3530029.293499999679625 ], [ 40522577.088699996471405, 3530041.150100000202656 ], [ 40522745.2553, 3530077.160499999765307 ], [ 40522775.323299996554852, 3530080.0199000001885 ], [ 40522830.4599, 3530091.8267 ], [ 40522852.214100003242493, 3530073.489900000859052 ], [ 40522849.7623, 3530013.539499999489635 ], [ 40522852.442100003361702, 3529993.412899999879301 ], [ 40522850.291900001466274, 3529940.840099998749793 ], [ 40522849.589699998497963, 3529923.668499998748302 ], [ 40522821.54110000282526, 3529902.152499999385327 ], [ 40522807.579300001263618, 3529889.104499999899417 ], [ 40522792.533100001513958, 3529871.254099998157471 ], [ 40522781.056699998676777, 3529853.713499999605119 ], [ 40522774.0295, 3529837.268099999055266 ], [ 40522772.556500002741814, 3529832.7607 ], [ 40522766.7025, 3529812.601499999407679 ], [ 40522766.036700002849102, 3529810.031299998983741 ], [ 40522764.475500002503395, 3529804.283300000242889 ], [ 40522764.1299, 3529803.538099998608232 ], [ 40522763.072499997913837, 3529801.848299999255687 ], [ 40522758.506300002336502, 3529795.621499999891967 ], [ 40522757.893700003623962, 3529794.804700000211596 ], [ 40522733.0269, 3529767.519699999596924 ], [ 40522725.042900003492832, 3529761.1431 ], [ 40522691.863300003111362, 3529735.254099999088794 ], [ 40522658.8477, 3529710.102699999231845 ], [ 40522650.6593, 3529704.481499999761581 ] ] ] ] } },
{ "type": "Feature", "properties": { "OBJECTID": 18979, "DKBH": "ZC-CZ-B04-42", "YDDM": "RB", "DKMJ": 57114.4, "YDJRX": "A、B、S、U、G", "RJL": "1.5-4.0", "JZMD": "≤55%", "LDL": "≥15%", "JDCW": "0.7个/100M2", "DTSTZB": " ", "CSSJZB": " ", "REMARK": " ", "PLANNAME": "《江阴市中心城区主城控制性详细规划》（青山未来社区）调整", "PLANDATE": "2024-02-20T00:00:00Z", "PLANUNIT": "江阴市城乡规划设计院", "PASSDATE": "2024-03-20T00:00:00Z", "STARTTIME": "2024-04-10T16:59:23Z", "FGUID": null, "CADNAME": "01RB商住混合用地", "DXKJKF": " ", "YDXZ": "商住混合用地", "FTZMC": "ZC-CZ-B04-01-13.dwg", "JZGD": "/", "JC": null, "SHAPE_Length": 980.97797212156775, "SHAPE_Area": 57114.42541903536 }, "geometry": { "type": "MultiPolygon", "coordinates": [ [ [ [ 40521623.892700001597404, 3530411.4463 ], [ 40521473.19650000333786, 3530368.770700000226498 ], [ 40521463.967500001192093, 3530534.880900000222027 ], [ 40521456.508299998939037, 3530669.134700000286102 ], [ 40521517.913900002837181, 3530686.736100000329316 ], [ 40521555.260300002992153, 3530696.544899999164045 ], [ 40521592.460900001227856, 3530705.6823 ], [ 40521642.634499996900558, 3530716.505099999252707 ], [ 40521662.9599, 3530432.686499998904765 ], [ 40521654.052500002086163, 3530419.987300000153482 ], [ 40521623.892700001597404, 3530411.4463 ] ] ] ] } },
{ "type": "Feature", "properties": { "OBJECTID": 18980, "DKBH": "ZC-CZ-B06-38", "YDDM": "A2", "DKMJ": 30155.9, "YDJRX": "/", "RJL": "≤3.0", "JZMD": "≤45%", "LDL": "≥20%", "JDCW": "0.6个/100平方米", "DTSTZB": null, "CSSJZB": null, "REMARK": null, "PLANNAME": "《江阴市中心城区主城控制性详细规划》（青山未来社区）调整", "PLANDATE": "2024-02-20T00:00:00Z", "PLANUNIT": "江阴市城乡规划设计院", "PASSDATE": "2024-03-20T00:00:00Z", "STARTTIME": "2024-04-10T16:59:23Z", "FGUID": null, "CADNAME": "02A2文化设施用地", "DXKJKF": null, "YDXZ": "文化设施用地", "FTZMC": "ZC-CZ-B06-28-46.dwg", "JZGD": "/", "JC": null, "SHAPE_Length": 685.22187331837904, "SHAPE_Area": 30155.856010506734 }, "geometry": { "type": "MultiPolygon", "coordinates": [ [ [ [ 40522806.3887, 3529429.099499999079853 ], [ 40522669.6065, 3529416.084900000598282 ], [ 40522660.060099996626377, 3529425.129300000146031 ], [ 40522665.7011, 3529563.06489999871701 ], [ 40522665.81770846247673, 3529566.670859091449529 ], [ 40522665.872642509639263, 3529570.278284608852118 ], [ 40522665.865888588130474, 3529573.886122226249427 ], [ 40522665.797449104487896, 3529577.493316888343543 ], [ 40522665.667343132197857, 3529581.098813950549811 ], [ 40522665.475608319044113, 3529584.7015595366247 ], [ 40522665.2223, 3529588.300499999895692 ], [ 40522749.2333, 3529606.940499999560416 ], [ 40522837.063699997961521, 3529617.368099999148399 ], [ 40522834.724299997091293, 3529560.156899999827147 ], [ 40522830.000100001692772, 3529530.31789999967441 ], [ 40522826.738899998366833, 3529450.579099998809397 ], [ 40522806.3887, 3529429.099499999079853 ] ] ] ] } },
{ "type": "Feature", "properties": { "OBJECTID": 18982, "DKBH": "ZC-CZ-B07-06", "YDDM": "A33", "DKMJ": 112944.0, "YDJRX": null, "RJL": "0.7-1.2", "JZMD": "≤35%", "LDL": "≥30%", "JDCW": "0.6个/100生", "DTSTZB": null, "CSSJZB": null, "REMARK": null, "PLANNAME": "《江阴市中心城区主城控制性详细规划》（青山未来社区）调整", "PLANDATE": "2024-02-20T00:00:00Z", "PLANUNIT": "江阴市城乡规划设计院", "PASSDATE": "2024-03-20T00:00:00Z", "STARTTIME": "2024-04-10T16:59:23Z", "FGUID": null, "CADNAME": "02A33中小学用地", "DXKJKF": null, "YDXZ": "中小学用地", "FTZMC": "ZC-CZ-B07-01-16.dwg", "JZGD": "/", "JC": null, "SHAPE_Length": 1333.5444619268396, "SHAPE_Area": 112943.98424649891 }, "geometry": { "type": "MultiPolygon", "coordinates": [ [ [ [ 40522998.9507, 3529447.448699999134988 ], [ 40522899.401100002229214, 3529437.958899999503046 ], [ 40522874.237300001084805, 3529461.79509999928996 ], [ 40522876.54389999806881, 3529518.194099998567253 ], [ 40522874.2725, 3529548.311499998904765 ], [ 40522884.789499998092651, 3529805.466099999379367 ], [ 40522900.175499998033047, 3529823.053499999456108 ], [ 40523159.636699996888638, 3529868.716699999757111 ], [ 40523169.258900001645088, 3529860.639899999834597 ], [ 40523160.342299997806549, 3529474.281100000720471 ], [ 40523145.064099997282028, 3529457.861499999649823 ], [ 40523039.1025, 3529447.760499999858439 ], [ 40522998.9507, 3529447.448699999134988 ] ] ] ] } },
{ "type": "Feature", "properties": { "OBJECTID": 18998, "DKBH": null, "YDDM": "E11", "DKMJ": 23470.2, "YDJRX": null, "RJL": null, "JZMD": null, "LDL": null, "JDCW": null, "DTSTZB": null, "CSSJZB": null, "REMARK": null, "PLANNAME": "《江阴市中心城区主城控制性详细规划》（青山未来社区）调整", "PLANDATE": "2024-02-20T00:00:00Z", "PLANUNIT": "江阴市城乡规划设计院", "PASSDATE": "2024-03-20T00:00:00Z", "STARTTIME": "2024-04-10T16:59:23Z", "FGUID": null, "CADNAME": "10E11自然水域", "DXKJKF": null, "YDXZ": "自然水域", "FTZMC": null, "JZGD": "/", "JC": null, "SHAPE_Length": 1326.2918591687069, "SHAPE_Area": 15959.79616536912 }, "geometry": { "type": "MultiPolygon", "coordinates": [ [ [ [ 40522623.598300002515316, 3529657.354099999647588 ], [ 40522626.111699998378754, 3529657.129099999554455 ], [ 40522628.627300001680851, 3529657.328700000885874 ], [ 40522629.4269, 3529657.5307 ], [ 40522636.2787000015378, 3529626.649099999573082 ], [ 40522629.411300003528595, 3529623.193699999712408 ], [ 40522628.800691187381744, 3529622.85934839816764 ], [ 40522628.214824669063091, 3529622.483324825298041 ], [ 40522627.656538002192974, 3529622.06745159579441 ], [ 40522627.128538124263287, 3529621.613744019996375 ], [ 40522626.633384697139263, 3529621.124401211272925 ], [ 40522626.173475258052349, 3529620.601794480811805 ], [ 40522625.751039497554302, 3529620.048456549178809 ], [ 40522625.368125908076763, 3529619.467069267760962 ], [ 40522625.026588432490826, 3529618.860450028907508 ], [ 40522624.728082649409771, 3529618.231538891326636 ], [ 40522624.474058143794537, 3529617.583383559715003 ], [ 40522624.265741340816021, 3529616.91912543727085 ], [ 40522624.104145042598248, 3529616.241983651649207 ], [ 40522623.990051262080669, 3529615.555239915382117 ], [ 40522623.924013130366802, 3529614.862222432624549 ], [ 40522623.906351082026958, 3529614.166289567481726 ], [ 40522623.937150947749615, 3529613.470814287196845 ], [ 40522624.016261637210846, 3529612.779167157132179 ], [ 40522624.143299996852875, 3529612.094699999783188 ], [ 40522624.746299996972084, 3529609.3767 ], [ 40522625.839124470949173, 3529604.060548785142601 ], [ 40522626.765615463256836, 3529598.712901294231415 ], [ 40522627.524881355464458, 3529593.338959931861609 ], [ 40522628.116172783076763, 3529587.943953036796302 ], [ 40522628.538919448852539, 3529582.533129513263702 ], [ 40522628.792712956666946, 3529577.111753704957664 ], [ 40522628.877300001680851, 3529571.685100000351667 ], [ 40522628.874341987073421, 3529570.669337607454509 ], [ 40522628.865457527339458, 3529569.653609573375434 ], [ 40522628.850643150508404, 3529568.637951015960425 ], [ 40522628.829898826777935, 3529567.622395991813391 ], [ 40522628.803226463496685, 3529566.606979429256171 ], [ 40522628.770624183118343, 3529565.591735936235636 ], [ 40522628.732100002467632, 3529564.576699999626726 ], [ 40522622.331500001251698, 3529408.071100000292063 ], [ 40522602.236699998378754, 3529406.159299999475479 ], [ 40522608.7487, 3529565.393899999093264 ], [ 40522608.870790213346481, 3529570.267775539308786 ], [ 40522608.838537216186523, 3529575.143073499202728 ], [ 40522608.651977531611919, 3529580.014907359611243 ], [ 40522608.311296455562115, 3529584.878394245635718 ], [ 40522607.816829681396484, 3529589.728659808635712 ], [ 40522607.169084280729294, 3529594.560842636972666 ], [ 40522606.368699997663498, 3529599.370099999476224 ], [ 40522606.23870000243187, 3529599.946699999738485 ], [ 40522606.059969082474709, 3529600.626712198369205 ], [ 40522605.833900444209576, 3529601.292484581004828 ], [ 40522605.56160544604063, 3529601.940725922118872 ], [ 40522605.244434349238873, 3529602.56823158217594 ], [ 40522604.883954994380474, 3529603.171899437438697 ], [ 40522604.481946937739849, 3529603.748745083343238 ], [ 40522604.040399543941021, 3529604.295916914474219 ], [ 40522603.56149672716856, 3529604.810709952842444 ], [ 40522603.047603599727154, 3529605.290579080116004 ], [ 40522602.501260749995708, 3529605.733152269851416 ], [ 40522601.925170890986919, 3529606.136241435538977 ], [ 40522601.322179786860943, 3529606.497853993903846 ], [ 40522600.695270530879498, 3529606.816202044021338 ], [ 40522600.047540657222271, 3529607.089712023269385 ], [ 40522599.382194511592388, 3529607.317031740676612 ], [ 40522598.702518455684185, 3529607.497037410270423 ], [ 40522598.01187514513731, 3529607.628839253913611 ], [ 40522597.313676826655865, 3529607.711785435210913 ], [ 40522596.61137580126524, 3529607.745466112624854 ], [ 40522595.908443443477154, 3529607.72971475077793 ], [ 40522595.208356849849224, 3529607.664609193336219 ], [ 40522594.51457404345274, 3529607.550471186172217 ], [ 40522593.830528251826763, 3529607.387865125667304 ], [ 40522593.159595623612404, 3529607.177595014683902 ], [ 40522592.5050999969244, 3529606.920699999202043 ], [ 40522567.507299996912479, 3529596.080100000370294 ], [ 40522543.4746999964118, 3529585.1587 ], [ 40522519.635300002992153, 3529573.821899999864399 ], [ 40522504.409100003540516, 3529564.661299999803305 ], [ 40522488.864699997007847, 3529556.051099999807775 ], [ 40522473.022299997508526, 3529548.002699999604374 ], [ 40522456.902099996805191, 3529540.525899999309331 ], [ 40522440.5247, 3529533.630699998699129 ], [ 40522428.928099997341633, 3529528.938699999358505 ], [ 40522417.112499997019768, 3529524.8301 ], [ 40522405.1069, 3529521.314499999862164 ], [ 40522392.941299997270107, 3529518.400900000706315 ], [ 40522380.645499996840954, 3529516.096499999519438 ], [ 40522368.250500001013279, 3529514.4070999994874 ], [ 40522366.4331, 3529544.118899999652058 ], [ 40522378.037500001490116, 3529545.993500000331551 ], [ 40522389.554899998009205, 3529548.3451 ], [ 40522400.965300001204014, 3529551.1697 ], [ 40522419.102300003170967, 3529557.512299998663366 ], [ 40522436.963100001215935, 3529564.595899999607354 ], [ 40522454.51690000295639, 3529572.408899999689311 ], [ 40522471.734499998390675, 3529580.937899999786168 ], [ 40522488.586099997162819, 3529590.16829999955371 ], [ 40522505.043700002133846, 3529600.084699999075383 ], [ 40522529.976099997758865, 3529611.966700000688434 ], [ 40522555.116300001740456, 3529623.402900000102818 ], [ 40522580.45610000193119, 3529634.389299999456853 ], [ 40522585.403300002217293, 3529636.338099999818951 ], [ 40522587.50450000166893, 3529637.377500000409782 ], [ 40522589.4181, 3529638.731700000353158 ], [ 40522591.0973, 3529640.367299999576062 ], [ 40522592.50110000371933, 3529642.244699999690056 ], [ 40522593.595299996435642, 3529644.317900000140071 ], [ 40522594.353299997746944, 3529646.536299999337643 ], [ 40522594.756300002336502, 3529648.84569999948144 ], [ 40522594.7945, 3529651.189499998930842 ], [ 40522594.467100001871586, 3529653.510899999178946 ], [ 40522587.872500002384186, 3529683.232499999459833 ], [ 40522583.932899996638298, 3529700.988299998920411 ], [ 40522564.808300003409386, 3529787.18349999981001 ], [ 40522584.8525, 3529789.177299998700619 ], [ 40522606.770499996840954, 3529690.391699998639524 ], [ 40522611.543499998748302, 3529668.879699999000877 ], [ 40522612.2953, 3529666.4709 ], [ 40522613.440499998629093, 3529664.2223 ], [ 40522614.946099996566772, 3529662.197499999776483 ], [ 40522616.770099997520447, 3529660.453499999362975 ], [ 40522618.8605, 3529659.040099999401718 ], [ 40522621.158299997448921, 3529657.997100000735372 ], [ 40522623.598300002515316, 3529657.354099999647588 ] ] ] ] } },
{ "type": "Feature", "properties": { "OBJECTID": 18999, "DKBH": null, "YDDM": "E11", "DKMJ": 23470.2, "YDJRX": null, "RJL": null, "JZMD": null, "LDL": null, "JDCW": null, "DTSTZB": null, "CSSJZB": null, "REMARK": null, "PLANNAME": "《江阴市中心城区主城控制性详细规划》（青山未来社区）调整", "PLANDATE": "2024-02-20T00:00:00Z", "PLANUNIT": "江阴市城乡规划设计院", "PASSDATE": "2024-03-20T00:00:00Z", "STARTTIME": "2024-04-10T16:59:23Z", "FGUID": null, "CADNAME": "10E11自然水域", "DXKJKF": null, "YDXZ": "自然水域", "FTZMC": null, "JZGD": "/", "JC": null, "SHAPE_Length": 766.97896692273946, "SHAPE_Area": 5557.1683071258021 }, "geometry": { "type": "MultiPolygon", "coordinates": [ [ [ [ 40522797.322300001978874, 3529376.00150000071153 ], [ 40522817.888300001621246, 3529356.522099999710917 ], [ 40522816.2271, 3529315.900899999309331 ], [ 40522818.4983000010252, 3529285.783099999651313 ], [ 40522815.346900001168251, 3529208.727699999697506 ], [ 40522813.295500002801418, 3529206.6903 ], [ 40522800.232900001108646, 3529206.245299999136478 ], [ 40522803.475100003182888, 3529285.524699999485165 ], [ 40522801.203900001943111, 3529315.642699999734759 ], [ 40522802.622299998998642, 3529350.321299999486655 ], [ 40522791.956699997186661, 3529360.423299998510629 ], [ 40522727.5101, 3529354.291299999225885 ], [ 40522687.358499996364117, 3529353.987099999561906 ], [ 40522599.762100003659725, 3529345.652499999850988 ], [ 40522600.586900003254414, 3529365.8213 ], [ 40522620.681900002062321, 3529367.733300000429153 ], [ 40522620.475699998438358, 3529362.691100000403821 ], [ 40522686.589699998497963, 3529368.981700000353158 ], [ 40522726.741499997675419, 3529369.285899999551475 ], [ 40522797.322300001978874, 3529376.00150000071153 ] ] ] ] } },
{ "type": "Feature", "properties": { "OBJECTID": 19000, "DKBH": null, "YDDM": "E11", "DKMJ": 23470.2, "YDJRX": null, "RJL": null, "JZMD": null, "LDL": null, "JDCW": null, "DTSTZB": null, "CSSJZB": null, "REMARK": null, "PLANNAME": "《江阴市中心城区主城控制性详细规划》（青山未来社区）调整", "PLANDATE": "2024-02-20T00:00:00Z", "PLANUNIT": "江阴市城乡规划设计院", "PASSDATE": "2024-03-20T00:00:00Z", "STARTTIME": "2024-04-10T16:59:23Z", "FGUID": null, "CADNAME": "10E11自然水域", "DXKJKF": null, "YDXZ": "自然水域", "FTZMC": null, "JZGD": "/", "JC": null, "SHAPE_Length": 427.39916623758444, "SHAPE_Area": 2996.965172660819 }, "geometry": { "type": "MultiPolygon", "coordinates": [ [ [ [ 40522807.0277, 3528989.897299999371171 ], [ 40522797.032300002872944, 3528989.575499998871237 ], [ 40522795.4181, 3529054.825899999123067 ], [ 40522795.297892741858959, 3529060.822973247151822 ], [ 40522795.233896248042583, 3529066.820909678470343 ], [ 40522795.226114265620708, 3529072.819182514678687 ], [ 40522795.274551384150982, 3529078.817264794837683 ], [ 40522795.379201881587505, 3529084.814629613887519 ], [ 40522795.540055446326733, 3529090.810750361066312 ], [ 40522795.7571, 3529096.805100000463426 ], [ 40522799.577100001275539, 3529190.213700001128018 ], [ 40522812.639899998903275, 3529190.658699998632073 ], [ 40522814.530100002884865, 3529188.75569999916479 ], [ 40522810.744499996304512, 3529096.192099999636412 ], [ 40522810.532552108168602, 3529090.338258625939488 ], [ 40522810.37547492980957, 3529084.482688009738922 ], [ 40522810.273286812007427, 3529078.625902413856238 ], [ 40522810.225994102656841, 3529072.76841628504917 ], [ 40522810.233596801757812, 3529066.91074413061142 ], [ 40522810.296101912856102, 3529061.053400518372655 ], [ 40522810.413500003516674, 3529055.196899999398738 ], [ 40522811.901299998164177, 3528995.056300000753254 ], [ 40522807.0277, 3528989.897299999371171 ] ] ] ] } },
{ "type": "Feature", "properties": { "OBJECTID": 19001, "DKBH": null, "YDDM": "E11", "DKMJ": 23470.2, "YDJRX": null, "RJL": null, "JZMD": null, "LDL": null, "JDCW": null, "DTSTZB": null, "CSSJZB": null, "REMARK": null, "PLANNAME": "《江阴市中心城区主城控制性详细规划》（青山未来社区）调整", "PLANDATE": "2024-02-20T00:00:00Z", "PLANUNIT": "江阴市城乡规划设计院", "PASSDATE": "2024-03-20T00:00:00Z", "STARTTIME": "2024-04-10T16:59:23Z", "FGUID": null, "CADNAME": "10E11自然水域", "DXKJKF": null, "YDXZ": "自然水域", "FTZMC": null, "JZGD": "/", "JC": null, "SHAPE_Length": 485.59202719426395, "SHAPE_Area": 4454.5294511152442 }, "geometry": { "type": "MultiPolygon", "coordinates": [ [ [ [ 40522579.616700001060963, 3529812.774899999145418 ], [ 40522559.572499997913837, 3529810.78110000025481 ], [ 40522511.57209999859333, 3530027.120299999602139 ], [ 40522531.12950000166893, 3530031.308299999218434 ], [ 40522579.616700001060963, 3529812.774899999145418 ] ] ] ] } },
{ "type": "Feature", "properties": { "OBJECTID": 19004, "DKBH": "ZC-CZ-B06-10", "YDDM": "Rax", "DKMJ": 13212.9, "YDJRX": " ", "RJL": "0.6-1.0", "JZMD": "≤40%", "LDL": "≥35%", "JDCW": "0.6个/100生", "DTSTZB": " ", "CSSJZB": " ", "REMARK": " ", "PLANNAME": "《江阴市中心城区主城控制性详细规划》（青山未来社区）调整", "PLANDATE": "2024-02-20T00:00:00Z", "PLANUNIT": "江阴市城乡规划设计院", "PASSDATE": "2024-03-20T00:00:00Z", "STARTTIME": "2024-04-10T16:59:23Z", "FGUID": null, "CADNAME": "01Rax幼托用地", "DXKJKF": " ", "YDXZ": "幼托用地", "FTZMC": "ZC-CZ-B06-01-17.dwg", "JZGD": "/", "JC": null, "SHAPE_Length": 393.55408501078568, "SHAPE_Area": 9883.2377259403456 }, "geometry": { "type": "MultiPolygon", "coordinates": [ [ [ [ 40522291.6545, 3529784.130099998787045 ], [ 40522199.1841000020504, 3529774.931499999482185 ], [ 40522192.378899998962879, 3529866.41889999806881 ], [ 40522306.305299997329712, 3529871.9581 ], [ 40522310.335299998521805, 3529806.072300000116229 ], [ 40522291.6545, 3529784.130099998787045 ] ] ] ] } },
{ "type": "Feature", "properties": { "OBJECTID": 19036, "DKBH": "ZC-CZ-C06-01", "YDDM": "G1", "DKMJ": 3147.9, "YDJRX": " ", "RJL": " ", "JZMD": " ", "LDL": "≥65%", "JDCW": " ", "DTSTZB": " ", "CSSJZB": " ", "REMARK": " ", "PLANNAME": "《江阴市中心城区主城控制性详细规划》岛南路线形更正", "PLANDATE": "2023-12-11T00:00:00Z", "PLANUNIT": "江阴市城乡规划设计院", "PASSDATE": "2024-01-11T00:00:00Z", "STARTTIME": "2024-01-19T14:32:22Z", "FGUID": null, "CADNAME": "08G1公园绿地", "DXKJKF": " ", "YDXZ": "公园绿地", "FTZMC": "ZC-CZ-C06-01-03.dwg", "JZGD": "/", "JC": null, "SHAPE_Length": 219.26007700370795, "SHAPE_Area": 3147.9558329258443 }, "geometry": { "type": "MultiPolygon", "coordinates": [ [ [ [ 40524116.003700003027916, 3531973.345300000160933 ], [ 40524115.982973203063011, 3531976.064899323042482 ], [ 40524115.937919609248638, 3531978.784204303752631 ], [ 40524115.868539802730083, 3531981.502997517120093 ], [ 40524115.774839393794537, 3531984.22106111003086 ], [ 40524115.656826011836529, 3531986.93817764474079 ], [ 40524115.5145073980093, 3531989.654129860457033 ], [ 40524115.347900003194809, 3531992.368700000923127 ], [ 40524175.039700001478195, 3532010.71390000032261 ], [ 40524175.893700003623962, 3532005.176699999719858 ], [ 40524171.997299998998642, 3531977.957699999213219 ], [ 40524175.3257, 3531956.376899999100715 ], [ 40524166.842100001871586, 3531944.945700000505894 ], [ 40524151.354900002479553, 3531942.750099999830127 ], [ 40524149.248846709728241, 3531942.524608608335257 ], [ 40524147.132312767207623, 3531942.443456470500678 ], [ 40524145.015174858272076, 3531942.507022857200354 ], [ 40524142.90732192248106, 3531942.715010880958289 ], [ 40524140.81859015673399, 3531943.066449403297156 ], [ 40524138.758733741939068, 3531943.559697985183448 ], [ 40524136.737365715205669, 3531944.192453860770911 ], [ 40524134.763923637568951, 3531944.961763023864478 ], [ 40524132.847621910274029, 3531945.864034175407141 ], [ 40524130.997404091060162, 3531946.895055174361914 ], [ 40524129.22191046923399, 3531948.050012826453894 ], [ 40524127.529426567256451, 3531949.3235152955167 ], [ 40524125.927856437861919, 3531950.709617375861853 ], [ 40524124.424674980342388, 3531952.20184826804325 ], [ 40524123.026901237666607, 3531953.79324173880741 ], [ 40524121.741058342158794, 3531955.47636854602024 ], [ 40524120.573148719966412, 3531957.243371128570288 ], [ 40524119.528627388179302, 3531959.086000442039222 ], [ 40524118.612369529902935, 3531960.995654582511634 ], [ 40524117.828653328120708, 3531962.96341848326847 ], [ 40524117.181135170161724, 3531964.980105876456946 ], [ 40524116.672840110957623, 3531967.036302089225501 ], [ 40524116.30613898485899, 3531969.122407972346991 ], [ 40524116.082743346691132, 3531971.228684898465872 ], [ 40524116.003700003027916, 3531973.345300000160933 ] ] ] ] } },
{ "type": "Feature", "properties": { "OBJECTID": 19037, "DKBH": "ZC-CZ-C03-29", "YDDM": "G1", "DKMJ": 4644.2, "YDJRX": " ", "RJL": " ", "JZMD": " ", "LDL": "≥65%", "JDCW": " ", "DTSTZB": " ", "CSSJZB": " ", "REMARK": " ", "PLANNAME": "《江阴市中心城区主城控制性详细规划》岛南路线形更正", "PLANDATE": "2023-12-11T00:00:00Z", "PLANUNIT": "江阴市城乡规划设计院", "PASSDATE": "2024-01-11T00:00:00Z", "STARTTIME": "2024-01-19T14:32:22Z", "FGUID": null, "CADNAME": "08G1公园绿地", "DXKJKF": " ", "YDXZ": "公园绿地", "FTZMC": "ZC-CZ-C03-18-33.dwg", "JZGD": "/", "JC": null, "SHAPE_Length": 415.09430662976962, "SHAPE_Area": 4644.2160502130464 }, "geometry": { "type": "MultiPolygon", "coordinates": [ [ [ [ 40524104.42230000346899, 3532018.303499998524785 ], [ 40524092.7883, 3532014.728099999483675 ], [ 40524050.5533, 3532168.470300000160933 ], [ 40524052.703100003302097, 3532172.17009999928996 ], [ 40524061.811499997973442, 3532179.44349999865517 ], [ 40524071.237499997019768, 3532185.97950000083074 ], [ 40524083.394500002264977, 3532194.044499999377877 ], [ 40524091.731299996376038, 3532199.513900000136346 ], [ 40524093.747500002384186, 3532200.645499998703599 ], [ 40524096.6563, 3532201.399500001221895 ], [ 40524096.98030000180006, 3532200.346099999267608 ], [ 40524098.652821205556393, 3532194.186769961379468 ], [ 40524099.912384025752544, 3532187.929919540416449 ], [ 40524100.753421775996685, 3532181.603204011451453 ], [ 40524101.172216407954693, 3532175.234586715232581 ], [ 40524101.166915886104107, 3532168.852216720115393 ], [ 40524100.737545005977154, 3532162.484303831588477 ], [ 40524099.886001579463482, 3532156.158993660937995 ], [ 40524098.616047523915768, 3532149.904243945144117 ], [ 40524096.933300003409386, 3532143.747699999716133 ], [ 40524094.293234601616859, 3532134.120665073860437 ], [ 40524092.282424926757812, 3532124.342813313007355 ], [ 40524090.909320823848248, 3532114.45522904349491 ], [ 40524090.179687492549419, 3532104.499457835685462 ], [ 40524090.096595756709576, 3532094.517331957351416 ], [ 40524090.660390846431255, 3532084.550794004928321 ], [ 40524091.868703842163086, 3532074.641721546649933 ], [ 40524093.716463819146156, 3532064.83175027417019 ], [ 40524096.1959, 3532055.162099999841303 ], [ 40524097.658288441598415, 3532049.965281489305198 ], [ 40524099.025650024414062, 3532044.742656052112579 ], [ 40524100.297534935176373, 3532039.495961069595069 ], [ 40524101.473518364131451, 3532034.226941823493689 ], [ 40524102.553205490112305, 3532028.937350928783417 ], [ 40524103.536242924630642, 3532023.628948333673179 ], [ 40524104.42230000346899, 3532018.303499998524785 ] ] ] ] } },
{ "type": "Feature", "properties": { "OBJECTID": 19077, "DKBH": "ZC-CZ-B06-22", "YDDM": "G1", "DKMJ": 852.0, "YDJRX": " ", "RJL": " ", "JZMD": " ", "LDL": "≥65%", "JDCW": " ", "DTSTZB": " ", "CSSJZB": " ", "REMARK": " ", "PLANNAME": "《江阴市中心城区主城控制性详细规划》（青山未来社区）调整", "PLANDATE": "2024-02-20T00:00:00Z", "PLANUNIT": "江阴市城乡规划设计院", "PASSDATE": "2024-03-20T00:00:00Z", "STARTTIME": "2024-04-10T16:59:23Z", "FGUID": null, "CADNAME": "08G1公园绿地", "DXKJKF": " ", "YDXZ": "公园绿地", "FTZMC": "ZC-CZ-B06-18-32.dwg", "JZGD": "/", "JC": null, "SHAPE_Length": 350.87460985059499, "SHAPE_Area": 851.96083670648102 }, "geometry": { "type": "MultiPolygon", "coordinates": [ [ [ [ 40522034.244099996984005, 3528995.28110000025481 ], [ 40522029.202299997210503, 3528995.11890000058338 ], [ 40522022.85530000180006, 3529033.293899999465793 ], [ 40522017.260300002992153, 3529057.637500000186265 ], [ 40522006.465499997138977, 3529127.0455 ], [ 40522000.2909, 3529162.986499999184161 ], [ 40522005.3345, 3529163.158299999311566 ], [ 40522011.4001, 3529127.853099999018013 ], [ 40522022.173299998044968, 3529058.582899998873472 ], [ 40522027.762500002980232, 3529034.264899999368936 ], [ 40522034.244099996984005, 3528995.28110000025481 ] ] ] ] } },
{ "type": "Feature", "properties": { "OBJECTID": 19078, "DKBH": "ZC-CZ-B06-23", "YDDM": "G1", "DKMJ": 852.1, "YDJRX": " ", "RJL": " ", "JZMD": " ", "LDL": "≥65%", "JDCW": " ", "DTSTZB": " ", "CSSJZB": " ", "REMARK": " ", "PLANNAME": "《江阴市中心城区主城控制性详细规划》（青山未来社区）调整", "PLANDATE": "2024-02-20T00:00:00Z", "PLANUNIT": "江阴市城乡规划设计院", "PASSDATE": "2024-03-20T00:00:00Z", "STARTTIME": "2024-04-10T16:59:23Z", "FGUID": null, "CADNAME": "08G1公园绿地", "DXKJKF": " ", "YDXZ": "公园绿地", "FTZMC": "ZC-CZ-B06-18-32.dwg", "JZGD": "/", "JC": null, "SHAPE_Length": 350.94632491778134, "SHAPE_Area": 852.1255579088795 }, "geometry": { "type": "MultiPolygon", "coordinates": [ [ [ [ 40522054.4107, 3528995.930499999318272 ], [ 40522049.369099996984005, 3528995.768099999520928 ], [ 40522042.4841, 3529037.17769999941811 ], [ 40522036.912699997425079, 3529061.4189 ], [ 40522026.203699998557568, 3529130.275900000240654 ], [ 40522020.465899996459484, 3529163.673899999354035 ], [ 40522025.509499996900558, 3529163.845700000412762 ], [ 40522031.138099998235703, 3529131.083299999590963 ], [ 40522041.8257, 3529062.3643 ], [ 40522047.3913, 3529038.148699999786913 ], [ 40522054.4107, 3528995.930499999318272 ] ] ] ] } },
{ "type": "Feature", "properties": { "OBJECTID": 19079, "DKBH": "ZC-CZ-B06-15", "YDDM": "G1", "DKMJ": 6737.8, "YDJRX": " ", "RJL": " ", "JZMD": " ", "LDL": "≥65%", "JDCW": " ", "DTSTZB": " ", "CSSJZB": " ", "REMARK": " ", "PLANNAME": "《江阴市中心城区主城控制性详细规划》（青山未来社区）调整", "PLANDATE": "2024-02-20T00:00:00Z", "PLANUNIT": "江阴市城乡规划设计院", "PASSDATE": "2024-03-20T00:00:00Z", "STARTTIME": "2024-04-10T16:59:23Z", "FGUID": null, "CADNAME": "08G1公园绿地", "DXKJKF": " ", "YDXZ": "公园绿地", "FTZMC": "ZC-CZ-B06-01-17.dwg", "JZGD": "/", "JC": null, "SHAPE_Length": 699.07310055150288, "SHAPE_Area": 6737.7872786143025 }, "geometry": { "type": "MultiPolygon", "coordinates": [ [ [ [ 40521922.962899997830391, 3529537.260299999732524 ], [ 40521938.645099997520447, 3529456.320699999108911 ], [ 40521957.901699997484684, 3529396.257299999706447 ], [ 40521964.677299998700619, 3529373.177299999631941 ], [ 40521891.271300002932549, 3529371.381299999076873 ], [ 40521877.3195, 3529385.977900000289083 ], [ 40521887.939499996602535, 3529538.253499998245388 ], [ 40521922.962899997830391, 3529537.260299999732524 ] ], [ [ 40521897.886100001633167, 3529393.40610000025481 ], [ 40521899.62049999833107, 3529391.591499999165535 ], [ 40521948.512900002300739, 3529392.787699999753386 ], [ 40521928.9408999979496, 3529453.834500000346452 ], [ 40521923.933700002729893, 3529479.677899999544024 ], [ 40521903.890500001609325, 3529479.500899999402463 ], [ 40521901.8869, 3529450.772699999157339 ], [ 40521897.886100001633167, 3529393.40610000025481 ] ] ] ] } },
{ "type": "Feature", "properties": { "OBJECTID": 19080, "DKBH": "ZC-CZ-B06-44", "YDDM": "G1", "DKMJ": 853.7, "YDJRX": " ", "RJL": " ", "JZMD": " ", "LDL": "≥65%", "JDCW": " ", "DTSTZB": " ", "CSSJZB": " ", "REMARK": " ", "PLANNAME": "《江阴市中心城区主城控制性详细规划》（青山未来社区）调整", "PLANDATE": "2024-02-20T00:00:00Z", "PLANUNIT": "江阴市城乡规划设计院", "PASSDATE": "2024-03-20T00:00:00Z", "STARTTIME": "2024-04-10T16:59:23Z", "FGUID": null, "CADNAME": "08G1公园绿地", "DXKJKF": " ", "YDXZ": "公园绿地", "FTZMC": "ZC-CZ-B06-28-46.dwg", "JZGD": "/", "JC": null, "SHAPE_Length": 351.49279572998921, "SHAPE_Area": 853.68265977474016 }, "geometry": { "type": "MultiPolygon", "coordinates": [ [ [ [ 40522796.290299996733665, 3529019.56709999917075 ], [ 40522791.292900003492832, 3529019.40610000025481 ], [ 40522790.419699996709824, 3529054.702299999538809 ], [ 40522790.29854629188776, 3529060.74620199110359 ], [ 40522790.234045021235943, 3529066.790973960887641 ], [ 40522790.226196281611919, 3529072.836084961425513 ], [ 40522790.275005333125591, 3529078.881004094611853 ], [ 40522790.38046645373106, 3529084.925200163852423 ], [ 40522790.542568661272526, 3529090.968142508529127 ], [ 40522790.76129999756813, 3529097.009300000499934 ], [ 40522794.566100001335144, 3529190.043099999893457 ], [ 40522799.577100001275539, 3529190.213700001128018 ], [ 40522795.7571, 3529096.805100000463426 ], [ 40522795.540055446326733, 3529090.810750361066312 ], [ 40522795.379201881587505, 3529084.814629613887519 ], [ 40522795.274551384150982, 3529078.817264794837683 ], [ 40522795.226114265620708, 3529072.819182514678687 ], [ 40522795.233896248042583, 3529066.820909678470343 ], [ 40522795.297892741858959, 3529060.822973247151822 ], [ 40522795.4181, 3529054.825899999123067 ], [ 40522796.290299996733665, 3529019.56709999917075 ] ] ] ] } },
{ "type": "Feature", "properties": { "OBJECTID": 19083, "DKBH": "ZC-CZ-A05-70", "YDDM": "G2", "DKMJ": 12421.2, "YDJRX": " ", "RJL": " ", "JZMD": " ", "LDL": "≥80%", "JDCW": " ", "DTSTZB": " ", "CSSJZB": " ", "REMARK": " ", "PLANNAME": "《江阴市中心城区主城控制性详细规划》（青山未来社区）调整", "PLANDATE": "2024-02-20T00:00:00Z", "PLANUNIT": "江阴市城乡规划设计院", "PASSDATE": "2024-03-20T00:00:00Z", "STARTTIME": "2024-04-10T16:59:23Z", "FGUID": null, "CADNAME": "08G2防护绿地", "DXKJKF": " ", "YDXZ": "防护绿地", "FTZMC": "ZC-CZ-A05-46-74.dwg", "JZGD": "/", "JC": null, "SHAPE_Length": 1161.9690288901556, "SHAPE_Area": 12947.506588952247 }, "geometry": { "type": "MultiPolygon", "coordinates": [ [ [ [ 40520791.1149, 3528917.225699999835342 ], [ 40520617.368500001728535, 3528911.630099999252707 ], [ 40520588.491700001060963, 3528938.8265 ], [ 40520588.418499998748302, 3528941.463899999856949 ], [ 40520603.410899996757507, 3528941.946899999864399 ], [ 40520770.5185, 3528947.3287 ], [ 40520763.798100002110004, 3529288.779299998655915 ], [ 40520763.502899996936321, 3529303.776499999221414 ], [ 40520783.497299998998642, 3529304.265699999406934 ], [ 40520790.509900003671646, 3528947.972500000149012 ], [ 40520791.0559, 3528920.225499999709427 ], [ 40520791.1149, 3528917.225699999835342 ] ] ] ] } },
{ "type": "Feature", "properties": { "OBJECTID": 19084, "DKBH": "ZC-CZ-B06-27", "YDDM": "G2", "DKMJ": 32156.8, "YDJRX": " ", "RJL": " ", "JZMD": " ", "LDL": "≥80%", "JDCW": " ", "DTSTZB": " ", "CSSJZB": " ", "REMARK": " ", "PLANNAME": "《江阴市中心城区主城控制性详细规划》（青山未来社区）调整", "PLANDATE": "2024-02-20T00:00:00Z", "PLANUNIT": "江阴市城乡规划设计院", "PASSDATE": "2024-03-20T00:00:00Z", "STARTTIME": "2024-04-10T16:59:23Z", "FGUID": null, "CADNAME": "08G2防护绿地", "DXKJKF": " ", "YDXZ": "防护绿地", "FTZMC": "ZC-CZ-B06-18-32.dwg", "JZGD": "/", "JC": null, "SHAPE_Length": 1393.4343690255291, "SHAPE_Area": 32156.791064086621 }, "geometry": { "type": "MultiPolygon", "coordinates": [ [ [ [ 40521537.012500002980232, 3529014.805099999532104 ], [ 40521739.187700003385544, 3528984.994099999777973 ], [ 40521844.5731, 3528988.584099999628961 ], [ 40521845.082900002598763, 3528972.755699999630451 ], [ 40521830.58389999717474, 3528957.023699999786913 ], [ 40521799.1439, 3528955.47169999871403 ], [ 40521777.3107, 3528952.080899999011308 ], [ 40521749.898699998855591, 3528951.152499998919666 ], [ 40521720.445299997925758, 3528950.156899999361485 ], [ 40521510.938100002706051, 3528943.4095 ], [ 40521489.835900001227856, 3528962.7349 ], [ 40521474.5449, 3529237.197100000455976 ], [ 40521474.140699997544289, 3529244.4501 ], [ 40521471.180100001394749, 3529297.593699999153614 ], [ 40521490.061499997973442, 3529318.051899999845773 ], [ 40521520.076899997889996, 3529318.786099998746067 ], [ 40521524.063500002026558, 3529247.231299999635667 ], [ 40521524.467500001192093, 3529239.978500000201166 ], [ 40521537.012500002980232, 3529014.805099999532104 ] ] ] ] } },
{ "type": "Feature", "properties": { "OBJECTID": 19098, "DKBH": "ZC-CZ-B07-37", "YDDM": "G2", "DKMJ": 60334.0, "YDJRX": " ", "RJL": " ", "JZMD": " ", "LDL": "≥80%", "JDCW": " ", "DTSTZB": " ", "CSSJZB": " ", "REMARK": " ", "PLANNAME": "《江阴市中心城区主城控制性详细规划》（青山未来社区）调整", "PLANDATE": "2024-02-20T00:00:00Z", "PLANUNIT": "江阴市城乡规划设计院", "PASSDATE": "2024-03-20T00:00:00Z", "STARTTIME": "2024-04-10T16:59:23Z", "FGUID": null, "CADNAME": "08G2防护绿地", "DXKJKF": " ", "YDXZ": "防护绿地", "FTZMC": "ZC-CZ-B07-17-40.dwg", "JZGD": "/", "JC": null, "SHAPE_Length": 1808.1353607562583, "SHAPE_Area": 25303.259716467543 }, "geometry": { "type": "MultiPolygon", "coordinates": [ [ [ [ 40523361.909699998795986, 3529007.145300000440329 ], [ 40523359.853100001811981, 3529007.075699998997152 ], [ 40523343.463100001215935, 3529026.073900000192225 ], [ 40523345.3891, 3529036.604099998716265 ], [ 40523360.896499998867512, 3529037.128099999390543 ], [ 40523373.717137977480888, 3529037.739491581916809 ], [ 40523386.515886306762695, 3529038.706217467784882 ], [ 40523399.282903663814068, 3529040.027533888351172 ], [ 40523412.008361808955669, 3529041.702424287330359 ], [ 40523424.682470321655273, 3529043.729600012302399 ], [ 40523437.29548804461956, 3529046.107501745223999 ], [ 40523449.837700001895428, 3529048.834299999754876 ], [ 40523458.20080941170454, 3529050.643526433035731 ], [ 40523466.61409568041563, 3529052.202858268748969 ], [ 40523475.070091240108013, 3529053.510912417899817 ], [ 40523483.561296455562115, 3529054.566527723800391 ], [ 40523492.080175392329693, 3529055.368767678271979 ], [ 40523500.619169168174267, 3529055.916920660063624 ], [ 40523509.170699998736382, 3529056.210499999113381 ], [ 40523514.602331072092056, 3529056.481251115910709 ], [ 40523520.007490150630474, 3529057.081397354137152 ], [ 40523525.366220466792583, 3529058.008722900878638 ], [ 40523530.658735267817974, 3529059.259803771506995 ], [ 40523535.865493766963482, 3529060.830020665656775 ], [ 40523540.967269890010357, 3529062.713575958739966 ], [ 40523545.945230476558208, 3529064.90351504040882 ], [ 40523550.780992418527603, 3529067.391752238385379 ], [ 40523555.456699997186661, 3529070.169099999126047 ], [ 40523555.93711730837822, 3529070.475538209546357 ], [ 40523556.416688911616802, 3529070.783300935756415 ], [ 40523556.895408622920513, 3529071.092385887634009 ], [ 40523557.373271934688091, 3529071.402790665160865 ], [ 40523557.850278846919537, 3529071.714512764941901 ], [ 40523558.326420515775681, 3529072.02755005704239 ], [ 40523558.801700003445148, 3529072.341899999883026 ], [ 40523559.184335306286812, 3529072.596247531939298 ], [ 40523559.566474907100201, 3529072.85133796883747 ], [ 40523559.948118202388287, 3529073.107170462142676 ], [ 40523560.329265587031841, 3529073.363743781577796 ], [ 40523560.709911338984966, 3529073.621057092677802 ], [ 40523561.090056970715523, 3529073.879109599161893 ], [ 40523561.469700001180172, 3529074.13789999904111 ], [ 40523561.483615860342979, 3529074.147414315026253 ], [ 40523561.497529961168766, 3529074.156928598415107 ], [ 40523561.511444084346294, 3529074.166442870628089 ], [ 40523561.525358192622662, 3529074.175957202445716 ], [ 40523561.539272285997868, 3529074.185471474658698 ], [ 40523561.553186401724815, 3529074.194985735695809 ], [ 40523561.567100003361702, 3529074.204499999061227 ], [ 40523561.784476101398468, 3529074.35333047201857 ], [ 40523562.001689903438091, 3529074.502398669254035 ], [ 40523562.218740455806255, 3529074.651704549323767 ], [ 40523562.435625068843365, 3529074.801247715484351 ], [ 40523562.652347557246685, 3529074.951028167735785 ], [ 40523562.868904888629913, 3529075.101045706775039 ], [ 40523563.085299998521805, 3529075.251300000119954 ], [ 40523563.3614222407341, 3529075.443530569784343 ], [ 40523563.637283325195312, 3529075.636132538318634 ], [ 40523563.91288947314024, 3529075.829105495940894 ], [ 40523564.188234321773052, 3529076.022449135314673 ], [ 40523564.463315963745117, 3529076.216162860393524 ], [ 40523564.738138854503632, 3529076.410246620886028 ], [ 40523565.012699998915195, 3529076.604699999559671 ], [ 40523565.287457004189491, 3529076.799839146435261 ], [ 40523565.561962127685547, 3529076.995332539081573 ], [ 40523565.836217872798443, 3529077.191179751884192 ], [ 40523566.110219947993755, 3529077.387380361091346 ], [ 40523566.383964538574219, 3529077.583934128284454 ], [ 40523566.657459750771523, 3529077.780840761959553 ], [ 40523566.930699996650219, 3529077.978099999483675 ], [ 40523567.203775525093079, 3529078.175750223919749 ], [ 40523567.476608268916607, 3529078.373736559879035 ], [ 40523567.749196998775005, 3529078.572058796416968 ], [ 40523568.021541588008404, 3529078.770716547500342 ], [ 40523568.293640129268169, 3529078.969709455501288 ], [ 40523568.56549084186554, 3529079.169037429615855 ], [ 40523568.8371, 3529079.3687 ], [ 40523569.10863633453846, 3529079.5688595646061 ], [ 40523569.379938118159771, 3529079.769337713252753 ], [ 40523569.651002876460552, 3529079.970134377013892 ], [ 40523569.921833030879498, 3529080.171249269973487 ], [ 40523570.192424766719341, 3529080.372681915294379 ], [ 40523570.462781384587288, 3529080.57443236047402 ], [ 40523570.732900001108646, 3529080.776500000152737 ], [ 40523571.003009364008904, 3529080.978996141813695 ], [ 40523571.272893898189068, 3529081.181793987285346 ], [ 40523571.542551033198833, 3529081.384893297683448 ], [ 40523571.811979286372662, 3529081.588293790351599 ], [ 40523572.081180565059185, 3529081.791995226871222 ], [ 40523572.35015444457531, 3529081.995997413061559 ], [ 40523572.618900001049042, 3529082.200299999210984 ], [ 40523572.887609712779522, 3529082.405018453486264 ], [ 40523573.156101226806641, 3529082.610021770000458 ], [ 40523573.424379341304302, 3529082.815309404861182 ], [ 40523573.692436210811138, 3529083.020881294738501 ], [ 40523573.960275650024414, 3529083.226737201213837 ], [ 40523574.227895967662334, 3529083.432876710779965 ], [ 40523574.495300002396107, 3529083.6393 ], [ 40523574.762667737901211, 3529083.846182878129184 ], [ 40523575.029825210571289, 3529084.053333699703217 ], [ 40523575.296777717769146, 3529084.260752319823951 ], [ 40523575.563522331416607, 3529084.468438505660743 ], [ 40523575.830055236816406, 3529084.676391899585724 ], [ 40523576.096383176743984, 3529084.884612496010959 ], [ 40523576.362499997019768, 3529085.093099999241531 ], [ 40523576.628607854247093, 3529085.302003351040184 ], [ 40523576.894519798457623, 3529085.511158287059516 ], [ 40523577.160232536494732, 3529085.720564603339881 ], [ 40523577.425748817622662, 3529085.930222153197974 ], [ 40523577.691064827144146, 3529086.140130579005927 ], [ 40523577.95618163049221, 3529086.350290027447045 ], [ 40523578.221100002527237, 3529086.560700000263751 ], [ 40523578.486007384955883, 3529086.771480471361428 ], [ 40523578.750726692378521, 3529086.982496439944953 ], [ 40523579.015256874263287, 3529087.193747519981116 ], [ 40523579.279600135982037, 3529087.405233621131629 ], [ 40523579.543754570186138, 3529087.616954385768622 ], [ 40523579.807721786201, 3529087.828909904230386 ], [ 40523580.07150000333786, 3529088.0411 ], [ 40523580.335317254066467, 3529088.253671291749924 ], [ 40523580.598957061767578, 3529088.466461956501007 ], [ 40523580.862421028316021, 3529088.679471969138831 ], [ 40523581.125707618892193, 3529088.892700790893286 ], [ 40523581.388814926147461, 3529089.106148421764374 ], [ 40523581.651746392250061, 3529089.319814923685044 ], [ 40523581.914499998092651, 3529089.533699999563396 ], [ 40523582.177228435873985, 3529089.747947785072029 ], [ 40523582.439788810908794, 3529089.962398826610297 ], [ 40523582.702184669673443, 3529090.177053212653846 ], [ 40523582.964412681758404, 3529090.391910671722144 ], [ 40523583.226476661860943, 3529090.606970965396613 ], [ 40523583.488370403647423, 3529090.822234126739204 ], [ 40523583.750100001692772, 3529091.037700000684708 ], [ 40523584.01187938451767, 3529091.253537397366017 ], [ 40523584.273506157100201, 3529091.469562470447272 ], [ 40523584.534975044429302, 3529091.685775279533118 ], [ 40523584.796289436519146, 3529091.902175426017493 ], [ 40523585.057449333369732, 3529092.118763029109687 ], [ 40523585.318451344966888, 3529092.335538010578603 ], [ 40523585.579300001263618, 3529092.552499999757856 ], [ 40523585.840188175439835, 3529092.769783744122833 ], [ 40523586.100933074951172, 3529092.98723977804184 ], [ 40523586.361536018550396, 3529093.20486807776615 ], [ 40523586.621992103755474, 3529093.42266821814701 ], [ 40523586.882303237915039, 3529093.640640318393707 ], [ 40523587.142474323511124, 3529093.858784207608551 ], [ 40523587.402500003576279, 3529094.077099999878556 ], [ 40523587.662581704556942, 3529094.295715799555182 ], [ 40523587.92253302782774, 3529094.514488398563117 ], [ 40523588.182350151240826, 3529094.733417748939246 ], [ 40523588.442035667598248, 3529094.95250356150791 ], [ 40523588.701589576900005, 3529095.1717459554784 ], [ 40523588.961011193692684, 3529095.391144862398505 ], [ 40523589.220299996435642, 3529095.610699999146163 ], [ 40523589.479633159935474, 3529095.830590290017426 ], [ 40523589.738842010498047, 3529096.050622045993805 ], [ 40523589.997936241328716, 3529096.270795225631446 ], [ 40523590.256908409297466, 3529096.49110972834751 ], [ 40523590.515756607055664, 3529096.711565315723419 ], [ 40523590.774490185081959, 3529096.932162088342011 ], [ 40523591.033100001513958, 3529097.152900000102818 ], [ 40523591.291794002056122, 3529097.373921339865774 ], [ 40523591.550382614135742, 3529097.595068991184235 ], [ 40523591.808864586055279, 3529097.816342949401587 ], [ 40523592.067235939204693, 3529098.037743091117591 ], [ 40523592.325496673583984, 3529098.259269297122955 ], [ 40523592.583652675151825, 3529098.480921571608633 ], [ 40523592.841700002551079, 3529098.702699999324977 ], [ 40523593.744082137942314, 3529099.480984592344612 ], [ 40523594.646499998867512, 3529100.2593 ], [ 40523595.547397464513779, 3529101.040797799360007 ], [ 40523596.448299996554852, 3529101.822299999650568 ], [ 40523597.347903355956078, 3529102.606502926908433 ], [ 40523598.247500002384186, 3529103.390700000338256 ], [ 40523599.146085605025291, 3529104.177187400404364 ], [ 40523600.044699996709824, 3529104.963700000196695 ], [ 40523600.942782908678055, 3529105.7522849929519 ], [ 40523601.840899996459484, 3529106.540900000371039 ], [ 40523602.738500714302063, 3529107.331200630869716 ], [ 40523603.636100001633167, 3529108.121499999891967 ], [ 40523604.533819928765297, 3529108.913017571903765 ], [ 40523605.431500002741814, 3529109.704500000458211 ], [ 40523606.374421805143356, 3529110.536619241349399 ], [ 40523607.3173, 3529111.3687 ], [ 40523608.260917976498604, 3529112.201515865977854 ], [ 40523609.204499997198582, 3529113.034300000406802 ], [ 40523610.104217126965523, 3529113.827515101060271 ], [ 40523611.003899998962879, 3529114.620699999388307 ], [ 40523611.904817938804626, 3529115.413815793115646 ], [ 40523612.805699996650219, 3529116.206899999640882 ], [ 40523613.708313137292862, 3529116.999511539936066 ], [ 40523614.6109, 3529117.792100000195205 ], [ 40523615.51540707051754, 3529118.583806190639734 ], [ 40523616.4199, 3529119.375499998684973 ], [ 40523617.326600477099419, 3529120.165800417773426 ], [ 40523618.2333, 3529120.956100000534207 ], [ 40523619.142589285969734, 3529121.744890705216676 ], [ 40523620.0519, 3529122.533699999563396 ], [ 40523620.963995844125748, 3529123.320396412629634 ], [ 40523621.87610000371933, 3529124.107100000139326 ], [ 40523622.137285873293877, 3529124.331597395706922 ], [ 40523622.398582451045513, 3529124.555967151653022 ], [ 40523622.659986488521099, 3529124.78020930243656 ], [ 40523622.921501152217388, 3529125.004323601257056 ], [ 40523623.183124534785748, 3529125.228310167323798 ], [ 40523623.444857284426689, 3529125.452169009018689 ], [ 40523623.706699997186661, 3529125.675900000147521 ], [ 40523623.968848846852779, 3529125.899615007918328 ], [ 40523624.231121055781841, 3529126.123187124263495 ], [ 40523624.493513099849224, 3529126.346616148483008 ], [ 40523624.756027214229107, 3529126.569901942741126 ], [ 40523625.01866339892149, 3529126.793044507037848 ], [ 40523625.281421326100826, 3529127.016043979208916 ], [ 40523625.544299997389317, 3529127.238900000229478 ], [ 40523625.807468421757221, 3529127.461804884951562 ], [ 40523626.070772171020508, 3529127.684551179409027 ], [ 40523626.334211342036724, 3529127.907138823997229 ], [ 40523626.597782127559185, 3529128.129567503463477 ], [ 40523626.861486434936523, 3529128.351837337017059 ], [ 40523627.125326164066792, 3529128.57394816307351 ], [ 40523627.389300003647804, 3529128.795899999327958 ], [ 40523627.653632022440434, 3529129.017824104055762 ], [ 40523627.918109893798828, 3529129.239573776721954 ], [ 40523628.182737343013287, 3529129.461148738395423 ], [ 40523628.447509758174419, 3529129.682548880111426 ], [ 40523628.712425231933594, 3529129.903774201869965 ], [ 40523628.977490283548832, 3529130.1248245742172 ], [ 40523629.242700003087521, 3529130.3457 ], [ 40523629.508226104080677, 3529130.566529080271721 ], [ 40523629.773908615112305, 3529130.787167727947235 ], [ 40523630.039752952754498, 3529131.00761580420658 ], [ 40523630.305753700435162, 3529131.22787320567295 ], [ 40523630.571908950805664, 3529131.447939693927765 ], [ 40523630.838227935135365, 3529131.667815372347832 ], [ 40523631.1047, 3529131.887499999720603 ], [ 40523631.33016449958086, 3529132.073143049143255 ], [ 40523631.555749893188477, 3529132.258638441562653 ], [ 40523631.781459800899029, 3529132.443986415397376 ], [ 40523632.007287971675396, 3529132.629186510574073 ], [ 40523632.233236312866211, 3529132.814238846302032 ], [ 40523632.459307260811329, 3529132.999143405817449 ], [ 40523632.685500003397465, 3529133.183899998664856 ], [ 40523633.194998875260353, 3529133.598399084527045 ], [ 40523633.704499997198582, 3529134.0129 ], [ 40523633.892997555434704, 3529134.165598020888865 ], [ 40523634.081500001251698, 3529134.318300001323223 ], [ 40523644.254011452198029, 3529142.289390804246068 ], [ 40523654.670652389526367, 3529149.938695132732391 ], [ 40523665.321250908076763, 3529157.25874090148136 ], [ 40523676.195398323237896, 3529164.242377638351172 ], [ 40523687.282474517822266, 3529170.882783710956573 ], [ 40523698.571651756763458, 3529177.173472763970494 ], [ 40523710.0519, 3529183.108300000894815 ], [ 40523710.648592084646225, 3529183.403896078001708 ], [ 40523711.245300002396107, 3529183.699499999638647 ], [ 40523711.507418505847454, 3529183.828700879588723 ], [ 40523711.769622795283794, 3529183.95773011399433 ], [ 40523712.031909935176373, 3529184.086587666999549 ], [ 40523712.294280998408794, 3529184.215273499023169 ], [ 40523712.556737892329693, 3529184.343787490855902 ], [ 40523712.819275729358196, 3529184.472129801288247 ], [ 40523713.0819, 3529184.600300001446158 ], [ 40523713.392177067697048, 3529184.751510605216026 ], [ 40523713.702560417354107, 3529184.90249854279682 ], [ 40523714.013053886592388, 3529185.053264259826392 ], [ 40523714.323654167354107, 3529185.203807234298438 ], [ 40523714.634361259639263, 3529185.354127585422248 ], [ 40523714.945176564157009, 3529185.504225239157677 ], [ 40523715.256099998950958, 3529185.6541 ], [ 40523715.567090772092342, 3529185.803744372911751 ], [ 40523715.878181450068951, 3529185.953183590900153 ], [ 40523716.189367286860943, 3529186.102417706977576 ], [ 40523716.500654213130474, 3529186.251446365844458 ], [ 40523716.812038414180279, 3529186.400269686710089 ], [ 40523717.1235196813941, 3529186.548887548036873 ], [ 40523717.435099996626377, 3529186.697299999650568 ], [ 40523717.746575906872749, 3529186.845406349748373 ], [ 40523718.058141700923443, 3529186.993324934970587 ], [ 40523718.369796745479107, 3529187.141055702697486 ], [ 40523718.68153952807188, 3529187.288598775397986 ], [ 40523718.993370048701763, 3529187.435953676234931 ], [ 40523719.305291727185249, 3529187.583120878785849 ], [ 40523719.617299996316433, 3529187.730100000277162 ], [ 40523719.929175302386284, 3529187.8767822496593 ], [ 40523720.241130821406841, 3529188.023294269572943 ], [ 40523720.553165428340435, 3529188.169636129867285 ], [ 40523720.865280143916607, 3529188.315807699691504 ], [ 40523721.177473060786724, 3529188.46180885983631 ], [ 40523721.48974697291851, 3529188.607639621943235 ], [ 40523721.802100002765656, 3529188.753299999516457 ], [ 40523722.114286690950394, 3529188.898700824473053 ], [ 40523722.426546089351177, 3529189.04394882870838 ], [ 40523722.738876335322857, 3529189.189044475089759 ], [ 40523723.051275245845318, 3529189.333987354766577 ], [ 40523723.363746635615826, 3529189.478777586948127 ], [ 40523723.676286965608597, 3529189.623415222857147 ], [ 40523723.988899998366833, 3529189.767899999395013 ], [ 40523725.083189770579338, 3529190.271395293995738 ], [ 40523726.177500002086163, 3529190.774899998679757 ], [ 40523727.272493809461594, 3529191.274897172115743 ], [ 40523728.3675, 3529191.77489999961108 ], [ 40523729.462803602218628, 3529192.271901633124799 ], [ 40523730.5581, 3529192.768899999093264 ], [ 40523731.653716295957565, 3529193.263307352084666 ], [ 40523732.749300003051758, 3529193.757699999492615 ], [ 40523733.84490804374218, 3529194.250003613065928 ], [ 40523734.940499998629093, 3529194.742299998644739 ], [ 40523736.0360127389431, 3529195.232905704528093 ], [ 40523737.131499998271465, 3529195.723499999381602 ], [ 40523738.226627498865128, 3529196.212912288960069 ], [ 40523739.3217, 3529196.7023 ], [ 40523740.470925889909267, 3529197.215311557520181 ], [ 40523741.6201, 3529197.728299999143928 ], [ 40523741.739715874195099, 3529197.781707087066025 ], [ 40523741.859300002455711, 3529197.835099999327213 ], [ 40523743.980708062648773, 3529198.78260360006243 ], [ 40523746.1021, 3529199.730099999345839 ], [ 40523747.193600744009018, 3529200.21900033345446 ], [ 40523748.285099998116493, 3529200.707899999804795 ], [ 40523749.375208668410778, 3529201.197703894227743 ], [ 40523750.465300001204014, 3529201.687499998603016 ], [ 40523751.553921341896057, 3529202.1788096325472 ], [ 40523752.642499998211861, 3529202.67009999928996 ], [ 40523753.729217544198036, 3529203.163207962177694 ], [ 40523754.8158999979496, 3529203.6563 ], [ 40523755.900819063186646, 3529204.151608707383275 ], [ 40523756.985699996352196, 3529204.6469 ], [ 40523758.068306058645248, 3529205.145002787932754 ], [ 40523759.15089999884367, 3529205.643099999520928 ], [ 40523759.45973839610815, 3529205.78584734397009 ], [ 40523759.768505096435547, 3529205.928745687007904 ], [ 40523760.077205650508404, 3529206.071794986259192 ], [ 40523760.385835640132427, 3529206.214995026122779 ], [ 40523760.694391250610352, 3529206.358345925807953 ], [ 40523761.002880714833736, 3529206.501847543288022 ], [ 40523761.311300002038479, 3529206.645499999634922 ], [ 40523761.619450241327286, 3529206.789223978761584 ], [ 40523761.927520751953125, 3529206.933116257190704 ], [ 40523762.235515587031841, 3529207.077176808845252 ], [ 40523762.54343032091856, 3529207.221405505668372 ], [ 40523762.851264953613281, 3529207.365802228450775 ], [ 40523763.159022003412247, 3529207.510367105249316 ], [ 40523763.466700002551079, 3529207.655099999625236 ], [ 40523763.774077892303467, 3529207.799887091387063 ], [ 40523764.081365585327148, 3529207.944859683513641 ], [ 40523764.388568870723248, 3529208.090017437469214 ], [ 40523764.695684425532818, 3529208.235360383521765 ], [ 40523765.002708435058594, 3529208.380888521671295 ], [ 40523765.30964994430542, 3529208.52660170244053 ], [ 40523765.616499997675419, 3529208.672499999403954 ], [ 40523765.923017673194408, 3529208.818493641447276 ], [ 40523766.229440681636333, 3529208.964689433109015 ], [ 40523766.535766594111919, 3529209.111087560188025 ], [ 40523766.841995231807232, 3529209.257687687408179 ], [ 40523767.148128502070904, 3529209.404489814769477 ], [ 40523767.454160861670971, 3529209.551493919920176 ], [ 40523767.7601, 3529209.698699999600649 ], [ 40523768.065732710063457, 3529209.846014345996082 ], [ 40523768.371259681880474, 3529209.993547856342047 ], [ 40523768.676679603755474, 3529210.141300558578223 ], [ 40523768.981994621455669, 3529210.289272069465369 ], [ 40523769.287202827632427, 3529210.437462508212775 ], [ 40523769.592305891215801, 3529210.585871900431812 ], [ 40523769.897299997508526, 3529210.734499999321997 ], [ 40523770.201960191130638, 3529210.88322137016803 ], [ 40523770.506507866084576, 3529211.032178699504584 ], [ 40523770.810937874019146, 3529211.181371807586402 ], [ 40523771.115253441035748, 3529211.330800532829016 ], [ 40523771.419450752437115, 3529211.480464756023139 ], [ 40523771.723532304167747, 3529211.630364757962525 ], [ 40523772.027500003576279, 3529211.780499998945743 ], [ 40523772.331133805215359, 3529211.930800229310989 ], [ 40523772.634643547236919, 3529212.08135300828144 ], [ 40523772.938026420772076, 3529212.232158183585852 ], [ 40523773.241283409297466, 3529212.38321554614231 ], [ 40523773.544414512813091, 3529212.534524976741523 ], [ 40523773.847420655190945, 3529212.686086446046829 ], [ 40523774.1503000035882, 3529212.837899998761714 ], [ 40523774.452819898724556, 3529212.989865430630744 ], [ 40523774.755205154418945, 3529213.142099797725677 ], [ 40523775.057458870112896, 3529213.294602870475501 ], [ 40523775.359573356807232, 3529213.447374581824988 ], [ 40523775.661550521850586, 3529213.60041469335556 ], [ 40523775.963392332196236, 3529213.753723152913153 ], [ 40523776.265100002288818, 3529213.9073 ], [ 40523776.566453911364079, 3529214.061017155181617 ], [ 40523776.867660515010357, 3529214.215019166003913 ], [ 40523777.168720237910748, 3529214.369306206237525 ], [ 40523777.469635002315044, 3529214.523877858649939 ], [ 40523777.770404808223248, 3529214.678734123241156 ], [ 40523778.07102582603693, 3529214.833874940406531 ], [ 40523778.3715, 3529214.989299998618662 ], [ 40523778.67159890383482, 3529215.144940772559494 ], [ 40523778.971542350947857, 3529215.300882517825812 ], [ 40523779.271327964961529, 3529215.457125186454505 ], [ 40523779.57095717638731, 3529215.61366832209751 ], [ 40523779.870429985225201, 3529215.770511924754828 ], [ 40523780.169743053615093, 3529215.927655854728073 ], [ 40523780.468900002539158, 3529216.085099999327213 ], [ 40523780.767718993127346, 3529216.242722053080797 ], [ 40523781.066370002925396, 3529216.400660812389106 ], [ 40523781.364852897822857, 3529216.558916329871863 ], [ 40523781.66316794604063, 3529216.717488049995154 ], [ 40523781.961313240230083, 3529216.876376091968268 ], [ 40523782.25929232686758, 3529217.035580057650805 ], [ 40523782.557099997997284, 3529217.195099999662489 ], [ 40523782.854494147002697, 3529217.354818924795836 ], [ 40523783.151712402701378, 3529217.514869987498969 ], [ 40523783.448749534785748, 3529217.67525291396305 ], [ 40523783.745607368648052, 3529217.835967659484595 ], [ 40523784.042285904288292, 3529217.997013747226447 ], [ 40523784.338781408965588, 3529218.158391341101378 ], [ 40523784.6351, 3529218.320099999662489 ], [ 40523784.931016199290752, 3529218.482030319515616 ], [ 40523785.226741783320904, 3529218.644308030139655 ], [ 40523785.522277824580669, 3529218.806933044921607 ], [ 40523785.817621223628521, 3529218.969904899131507 ], [ 40523786.112773887813091, 3529219.133223473560065 ], [ 40523786.40773319453001, 3529219.296888517681509 ], [ 40523786.7025, 3529219.460899999830872 ], [ 40523786.996852852404118, 3529219.625156847760081 ], [ 40523787.291004173457623, 3529219.789776145946234 ], [ 40523787.584951393306255, 3529219.954757689964026 ], [ 40523787.878694526851177, 3529220.12010097457096 ], [ 40523788.172235481441021, 3529220.285805999767035 ], [ 40523788.46557042747736, 3529220.451872436329722 ], [ 40523788.758699998259544, 3529220.618299998808652 ], [ 40523789.051432624459267, 3529220.784998657181859 ], [ 40523789.343950271606445, 3529220.952074587345123 ], [ 40523789.636255256831646, 3529221.119527220260352 ], [ 40523789.928340904414654, 3529221.287356376182288 ], [ 40523790.220211029052734, 3529221.455561697483063 ], [ 40523790.511864677071571, 3529221.624143006280065 ], [ 40523790.8033, 3529221.793099999893457 ], [ 40523791.094270780682564, 3529221.962270393501967 ], [ 40523791.385015487670898, 3529222.131832182407379 ], [ 40523791.675533287227154, 3529222.301784991752356 ], [ 40523791.965820305049419, 3529222.472128390800208 ], [ 40523792.255874633789062, 3529222.642862260341644 ], [ 40523792.545702055096626, 3529222.813986196648329 ], [ 40523792.835299998521805, 3529222.985500000417233 ], [ 40523793.061686478555202, 3529223.119958578143269 ], [ 40523793.287925712764263, 3529223.254664480220526 ], [ 40523793.514015190303326, 3529223.389617800246924 ], [ 40523793.739959709346294, 3529223.524818062316626 ], [ 40523793.965755455195904, 3529223.660265266429633 ], [ 40523794.191401444375515, 3529223.795959292445332 ], [ 40523794.416900001466274, 3529223.931900000199676 ], [ 40523804.968872122466564, 3529230.689390777144581 ], [ 40523815.148136131465435, 3529237.996266901027411 ], [ 40523824.926111213862896, 3529245.832017302047461 ], [ 40523834.275356285274029, 3529254.174646019469947 ], [ 40523843.169622413814068, 3529263.000734507571906 ], [ 40523851.583942465484142, 3529272.285506962332875 ], [ 40523859.4947, 3529282.002899999264628 ], [ 40523859.529671430587769, 3529282.048328572884202 ], [ 40523859.541328571736813, 3529282.06347142951563 ], [ 40523859.552985712885857, 3529282.078614286612719 ], [ 40523859.564642861485481, 3529282.093757143244147 ], [ 40523859.576300002634525, 3529282.108899999875575 ], [ 40523859.711004391312599, 3529282.284205711446702 ], [ 40523859.84570000320673, 3529282.459499999880791 ], [ 40523860.077733270823956, 3529282.762467591557652 ], [ 40523860.309289924800396, 3529283.06579965306446 ], [ 40523860.540369026362896, 3529283.369495391380042 ], [ 40523860.77096938341856, 3529283.673554062377661 ], [ 40523861.001092903316021, 3529283.977974831592292 ], [ 40523861.230735056102276, 3529284.282757131848484 ], [ 40523861.4599, 3529284.587899999693036 ], [ 40523861.689358219504356, 3529284.894458816852421 ], [ 40523861.91834831237793, 3529285.201365888118744 ], [ 40523862.146875374019146, 3529285.508620500098914 ], [ 40523862.374933235347271, 3529285.816221951972693 ], [ 40523862.602521896362305, 3529286.124169409275055 ], [ 40523862.829645618796349, 3529286.432462380733341 ], [ 40523863.0563, 3529286.741100000217557 ], [ 40523863.282339908182621, 3529287.049857300706208 ], [ 40523863.507930755615234, 3529287.358944118022919 ], [ 40523863.733070366084576, 3529287.668360113631934 ], [ 40523863.957757942378521, 3529287.978104233276099 ], [ 40523864.181989669799805, 3529288.288176000118256 ], [ 40523864.405772067606449, 3529288.598574799485505 ], [ 40523864.629100002348423, 3529288.909300000406802 ], [ 40523864.852126128971577, 3529289.220536743756384 ], [ 40523865.074716567993164, 3529289.532086074352264 ], [ 40523865.296871177852154, 3529289.843947529327124 ], [ 40523865.518587104976177, 3529290.156120180618018 ], [ 40523865.739860534667969, 3529290.468603432178497 ], [ 40523865.960700042545795, 3529290.781397019978613 ], [ 40523866.181100003421307, 3529291.094499999657273 ], [ 40523866.401196211576462, 3529291.40810076193884 ], [ 40523866.620870590209961, 3529291.721997439861298 ], [ 40523866.840126030147076, 3529292.036189555656165 ], [ 40523867.058954231441021, 3529292.350676416885108 ], [ 40523867.277359008789062, 3529292.665457427501678 ], [ 40523867.495341032743454, 3529292.980532207060605 ], [ 40523867.712899997830391, 3529293.295899999327958 ], [ 40523867.93018052726984, 3529293.611749083735049 ], [ 40523868.147052764892578, 3529293.927878081798553 ], [ 40523868.363519661128521, 3529294.24428617907688 ], [ 40523868.579578392207623, 3529294.560972928535193 ], [ 40523868.795225143432617, 3529294.877937853336334 ], [ 40523869.01046846061945, 3529295.195180327631533 ], [ 40523869.2253, 3529295.512700000777841 ], [ 40523869.439849197864532, 3529295.830710495822132 ], [ 40523869.654005043208599, 3529296.148984968196601 ], [ 40523869.86777114123106, 3529296.467522978316993 ], [ 40523870.081142418086529, 3529296.786324023734778 ], [ 40523870.294122688472271, 3529297.10538738919422 ], [ 40523870.506707489490509, 3529297.4247129810974 ], [ 40523870.718900002539158, 3529297.744299999438226 ], [ 40523870.930886216461658, 3529298.064327572006732 ], [ 40523871.142498008906841, 3529298.384603678714484 ], [ 40523871.35373305529356, 3529298.70512831164524 ], [ 40523871.564590446650982, 3529299.025900601875037 ], [ 40523871.775070182979107, 3529299.346920191776007 ], [ 40523871.985173173248768, 3529299.668186877388507 ], [ 40523872.194899998605251, 3529299.989699999801815 ], [ 40523872.404352121055126, 3529300.311657943297178 ], [ 40523872.613443374633789, 3529300.633849680423737 ], [ 40523872.82217787951231, 3529300.956274747382849 ], [ 40523873.030549995601177, 3529301.278932690154761 ], [ 40523873.238557815551758, 3529301.601823151111603 ], [ 40523873.446210794150829, 3529301.924945630598813 ], [ 40523873.653499998152256, 3529302.248299998696893 ], [ 40523873.860588990151882, 3529302.572101096622646 ], [ 40523874.067333213984966, 3529302.896121441852301 ], [ 40523874.273735038936138, 3529303.220360874664038 ], [ 40523874.479793541133404, 3529303.544818758498877 ], [ 40523874.68550681322813, 3529303.869494735728949 ], [ 40523874.890875779092312, 3529304.194388727657497 ], [ 40523875.0959, 3529304.519500000402331 ], [ 40523875.300708964467049, 3529304.845000345725566 ], [ 40523875.505191795527935, 3529305.170705973636359 ], [ 40523875.709348671138287, 3529305.496616363059729 ], [ 40523875.913177482783794, 3529305.822731375228614 ], [ 40523876.116678230464458, 3529306.149050414096564 ], [ 40523876.319853022694588, 3529306.475573499221355 ], [ 40523876.522699996829033, 3529306.802300000563264 ], [ 40523876.725372157990932, 3529307.129441250115633 ], [ 40523876.927736274898052, 3529307.456774055492133 ], [ 40523877.129789344966412, 3529307.784298061858863 ], [ 40523877.331531517207623, 3529308.112012862693518 ], [ 40523877.532964698970318, 3529308.439918338786811 ], [ 40523877.734088741242886, 3529308.768014181405306 ], [ 40523877.9349, 3529309.096300001256168 ], [ 40523878.25220350176096, 3529309.617305752355605 ], [ 40523878.5695, 3529310.13829999929294 ], [ 40523878.951303124427795, 3529310.769605172332376 ], [ 40523879.333099998533726, 3529311.400900000240654 ], [ 40523879.531809732317924, 3529311.731006028130651 ], [ 40523879.730243682861328, 3529312.061277091503143 ], [ 40523879.928405754268169, 3529312.391713022720069 ], [ 40523880.126293174922466, 3529312.72231352282688 ], [ 40523880.323902130126953, 3529313.053078234195709 ], [ 40523880.521239206194878, 3529313.384007098153234 ], [ 40523880.7183, 3529313.715099999215454 ], [ 40523880.915241882205009, 3529314.046586641576141 ], [ 40523881.111927032470703, 3529314.378225743770599 ], [ 40523881.308357231318951, 3529314.710016965400428 ], [ 40523881.504529945552349, 3529315.041960238944739 ], [ 40523881.700441360473633, 3529315.374055325984955 ], [ 40523881.896099731326103, 3529315.706301936414093 ], [ 40523882.0915, 3529316.0387 ], [ 40523882.286730460822582, 3529316.3714524297975 ], [ 40523882.48172377794981, 3529316.704344808589667 ], [ 40523882.676477424800396, 3529317.03737699938938 ], [ 40523882.87099265307188, 3529317.370548843871802 ], [ 40523883.06526755541563, 3529317.703859984409064 ], [ 40523883.259302787482738, 3529318.037310460116714 ], [ 40523883.453100003302097, 3529318.370900000445545 ], [ 40523883.646818734705448, 3529318.704831778071821 ], [ 40523883.84031867235899, 3529319.038891255389899 ], [ 40523884.033596031367779, 3529319.37307834578678 ], [ 40523884.226654045283794, 3529319.707392930518836 ], [ 40523884.419490806758404, 3529320.041834771167487 ], [ 40523884.612104989588261, 3529320.376403867267072 ], [ 40523884.804499998688698, 3529320.711100000422448 ], [ 40523884.996820703148842, 3529321.046124539803714 ], [ 40523885.188940040767193, 3529321.381264864932746 ], [ 40523885.380857460200787, 3529321.716520905029029 ], [ 40523885.572570793330669, 3529322.051892637740821 ], [ 40523885.764083854854107, 3529322.387379705440253 ], [ 40523885.955391183495522, 3529322.722982249688357 ], [ 40523886.146499998867512, 3529323.0587 ], [ 40523886.337508901953697, 3529323.39473083242774 ], [ 40523886.528329849243164, 3529323.730865895748138 ], [ 40523886.718973152339458, 3529324.067105054389685 ], [ 40523886.909431450068951, 3529324.403448104392737 ], [ 40523887.099702835083008, 3529324.739894926548004 ], [ 40523887.28979466855526, 3529325.076445605605841 ], [ 40523887.4797, 3529325.4131 ], [ 40523887.669537506997585, 3529325.750079623889178 ], [ 40523887.859210960566998, 3529326.087151705753058 ], [ 40523888.048717491328716, 3529326.424316524993628 ], [ 40523888.238059990108013, 3529326.761573910247535 ], [ 40523888.427238456904888, 3529327.098923503886908 ], [ 40523888.616251908242702, 3529327.436365715693682 ], [ 40523888.805100001394749, 3529327.7739 ], [ 40523888.99393717199564, 3529328.111713221296668 ], [ 40523889.182630531489849, 3529328.449607908260077 ], [ 40523889.37117575854063, 3529328.78758394671604 ], [ 40523889.559576027095318, 3529329.125641226302832 ], [ 40523889.747829429805279, 3529329.463779627811164 ], [ 40523889.935936607420444, 3529329.801999261602759 ], [ 40523890.12389999628067, 3529330.1403 ], [ 40523890.780403539538383, 3529331.326106395106763 ], [ 40523891.436899997293949, 3529332.51189999980852 ], [ 40523892.090904340147972, 3529333.700107887852937 ], [ 40523892.7449000030756, 3529334.888300000224262 ], [ 40523893.396898984909058, 3529336.078498138580471 ], [ 40523894.0489, 3529337.268699998501688 ], [ 40523894.69929601252079, 3529338.460792700294405 ], [ 40523895.3496999964118, 3529339.652899999637157 ], [ 40523895.999203607439995, 3529340.84640663350001 ], [ 40523896.648699998855591, 3529342.039900000672787 ], [ 40523897.297497600317001, 3529343.23479558667168 ], [ 40523897.9463, 3529344.429699999745935 ], [ 40523898.595093443989754, 3529345.625487916171551 ], [ 40523899.243900001049042, 3529346.821299999020994 ], [ 40523899.308899998664856, 3529346.9411 ], [ 40523993.861699998378754, 3529521.264499999582767 ], [ 40524006.6787, 3529523.060499999206513 ], [ 40524016.949500001966953, 3529508.255699998233467 ], [ 40523915.892899997532368, 3529321.941899999510497 ], [ 40523915.8279, 3529321.822099999524653 ], [ 40523915.179195709526539, 3529320.626192088704556 ], [ 40523914.530500002205372, 3529319.43030000012368 ], [ 40523913.881606824696064, 3529318.235512564424425 ], [ 40523913.232699997723103, 3529317.04069999884814 ], [ 40523913.047157108783722, 3529316.699671447277069 ], [ 40523912.861614286899567, 3529316.358642876148224 ], [ 40523911.933899998664856, 3529314.65349999954924 ], [ 40523911.283404126763344, 3529313.461507562547922 ], [ 40523910.6329, 3529312.269500000402331 ], [ 40523909.980909042060375, 3529311.079216498881578 ], [ 40523909.328900001943111, 3529309.888899998739362 ], [ 40523908.674901515245438, 3529308.700802748091519 ], [ 40523908.020900003612041, 3529307.512699999380857 ], [ 40523907.364505864679813, 3529306.326810587663203 ], [ 40523906.708099998533726, 3529305.140900000464171 ], [ 40523906.520136877894402, 3529304.802599176298827 ], [ 40523906.332031242549419, 3529304.464379488956183 ], [ 40523906.143775932490826, 3529304.126240968238562 ], [ 40523905.955375663936138, 3529303.78818368865177 ], [ 40523905.766830436885357, 3529303.450207650195807 ], [ 40523905.578137442469597, 3529303.112313135992736 ], [ 40523905.389300003647804, 3529302.774500000290573 ], [ 40523905.200423799455166, 3529302.436965379863977 ], [ 40523905.011381149291992, 3529302.0995232462883 ], [ 40523904.822175972163677, 3529301.762173532973975 ], [ 40523904.632804863154888, 3529301.424916266929358 ], [ 40523904.443265914916992, 3529301.087751448154449 ], [ 40523904.253566347062588, 3529300.750679288059473 ], [ 40523904.063699997961521, 3529300.41370000038296 ], [ 40523903.873793207108974, 3529300.07704549562186 ], [ 40523903.683704368770123, 3529299.740494787227362 ], [ 40523903.493431083858013, 3529299.404047846328467 ], [ 40523903.302974693477154, 3529299.067704796325415 ], [ 40523903.112333290278912, 3529298.731465756427497 ], [ 40523902.921507440507412, 3529298.395330722443759 ], [ 40523902.730499997735023, 3529298.059299999382347 ], [ 40523902.539420306682587, 3529297.723582150880247 ], [ 40523902.348140709102154, 3529297.387979566585273 ], [ 40523902.156656257808208, 3529297.05249249888584 ], [ 40523901.964971534907818, 3529296.717120766174048 ], [ 40523901.773082725703716, 3529296.381864726077765 ], [ 40523901.580992877483368, 3529296.046724321786314 ], [ 40523901.3887, 3529295.711699999403208 ], [ 40523901.196304365992546, 3529295.377003705594689 ], [ 40523901.003690712153912, 3529295.042434632312506 ], [ 40523900.810853950679302, 3529294.707992672454566 ], [ 40523900.617795936763287, 3529294.37367808772251 ], [ 40523900.424518577754498, 3529294.039490997325629 ], [ 40523900.231018111109734, 3529293.705431616399437 ], [ 40523900.037299998104572, 3529293.371499999891967 ], [ 40523899.843474246561527, 3529293.03793884254992 ], [ 40523899.649408340454102, 3529292.70451694726944 ], [ 40523899.455106727778912, 3529292.371234416496009 ], [ 40523899.260562889277935, 3529292.038091182243079 ], [ 40523899.065778732299805, 3529291.705087602138519 ], [ 40523898.87075886875391, 3529291.372223744168878 ], [ 40523898.675499998033047, 3529291.039500000420958 ], [ 40523898.48012837767601, 3529290.707102001644671 ], [ 40523898.28449821472168, 3529290.37485533952713 ], [ 40523898.088615410029888, 3529290.042760371696204 ], [ 40523897.892471306025982, 3529289.710817098151892 ], [ 40523897.696069717407227, 3529289.379025757312775 ], [ 40523897.499413579702377, 3529289.047386706806719 ], [ 40523897.302500002086163, 3529288.715899999719113 ], [ 40523897.105438686907291, 3529288.384778426028788 ], [ 40523896.908102035522461, 3529288.053820788860321 ], [ 40523896.710493080317974, 3529287.723027467262 ], [ 40523896.51260756701231, 3529287.392398476134986 ], [ 40523896.314445495605469, 3529287.061933934688568 ], [ 40523896.116009213030338, 3529286.731634424068034 ], [ 40523895.9173, 3529286.401500000618398 ], [ 40523895.718435153365135, 3529286.071768287103623 ], [ 40523895.519275665283203, 3529285.742213428020477 ], [ 40523895.319828025996685, 3529285.412835597526282 ], [ 40523895.120084755122662, 3529285.083635091315955 ], [ 40523894.920045852661133, 3529284.754612147808075 ], [ 40523894.719720706343651, 3529284.425766948144883 ], [ 40523894.519100002944469, 3529284.097099998500198 ], [ 40523894.318287909030914, 3529283.768814167939126 ], [ 40523894.117164604365826, 3529283.440718352328986 ], [ 40523893.91573142260313, 3529283.112812995444983 ], [ 40523893.713989250361919, 3529282.785098075401038 ], [ 40523893.51193618029356, 3529282.457574069034308 ], [ 40523893.309571325778961, 3529282.130241355858743 ], [ 40523893.1069, 3529281.803100000135601 ], [ 40523892.904052741825581, 3529281.476344809867442 ], [ 40523892.700880043208599, 3529281.149793087970465 ], [ 40523892.497377388179302, 3529280.823445319663733 ], [ 40523892.293548576533794, 3529280.497301816474646 ], [ 40523892.089393608272076, 3529280.171362816821784 ], [ 40523891.884908683598042, 3529279.845628843642771 ], [ 40523891.680100001394749, 3529279.520099999848753 ], [ 40523891.475076511502266, 3529279.19501710543409 ], [ 40523891.269704818725586, 3529278.870151698589325 ], [ 40523891.063993446528912, 3529278.545504211913794 ], [ 40523890.857934944331646, 3529278.221074938308448 ], [ 40523890.651531219482422, 3529277.896864235401154 ], [ 40523890.444789722561836, 3529277.57287240633741 ], [ 40523890.2377, 3529277.249100000131875 ], [ 40523890.03038177639246, 3529276.925717090256512 ], [ 40523889.822704307734966, 3529276.602565824519843 ], [ 40523889.614664070308208, 3529276.27964675379917 ], [ 40523889.406263343989849, 3529275.956960320007056 ], [ 40523889.197502128779888, 3529275.63450664235279 ], [ 40523888.988381959497929, 3529275.312286471016705 ], [ 40523888.778899997472763, 3529274.990299999248236 ], [ 40523888.569201983511448, 3529274.668787060771137 ], [ 40523888.359127037227154, 3529274.347520648967475 ], [ 40523888.148675911128521, 3529274.026501059066504 ], [ 40523887.937845222651958, 3529273.705728768836707 ], [ 40523887.726640693843365, 3529273.385204135905951 ], [ 40523887.515058077871799, 3529273.064927755389363 ], [ 40523887.303099997341633, 3529272.744900000281632 ], [ 40523887.090879179537296, 3529272.425341437105089 ], [ 40523886.878263466060162, 3529272.106044470798224 ], [ 40523886.66525649279356, 3529271.787009596358985 ], [ 40523886.451856605708599, 3529271.468237280379981 ], [ 40523886.238061897456646, 3529271.149727761279792 ], [ 40523886.023877836763859, 3529270.831481883767992 ], [ 40523885.809299997985363, 3529270.513500000350177 ], [ 40523885.594467505812645, 3529270.195980332791805 ], [ 40523885.379226684570312, 3529269.87873774766922 ], [ 40523885.163578025996685, 3529269.561772942077368 ], [ 40523884.947521202266216, 3529269.245086192619056 ], [ 40523884.731052398681641, 3529268.928677976131439 ], [ 40523884.514179572463036, 3529268.612549088895321 ], [ 40523884.296899996697903, 3529268.296699999831617 ], [ 40523884.079343363642693, 3529267.981332142837346 ], [ 40523883.861358642578125, 3529267.666257441043854 ], [ 40523883.642955772578716, 3529267.351476430427283 ], [ 40523883.424125663936138, 3529267.03698956919834 ], [ 40523883.204872131347656, 3529266.722797453403473 ], [ 40523882.9851985424757, 3529266.40890081692487 ], [ 40523882.765100002288818, 3529266.095300000160933 ], [ 40523882.544699743390083, 3529265.782197075430304 ], [ 40523882.323860168457031, 3529265.469403564929962 ], [ 40523882.10258673876524, 3529265.156920313369483 ], [ 40523881.880870811641216, 3529264.844747662078589 ], [ 40523881.658716201782227, 3529264.532886207103729 ], [ 40523881.436127737164497, 3529264.221336918417364 ], [ 40523881.213100001215935, 3529263.910099999513477 ], [ 40523880.989800676703453, 3529263.599374936427921 ], [ 40523880.766046524047852, 3529263.28897625207901 ], [ 40523880.54184340685606, 3529262.978904604446143 ], [ 40523880.317184440791607, 3529262.669160365592688 ], [ 40523880.092073440551758, 3529262.359744369983673 ], [ 40523879.866513475775719, 3529262.050657437648624 ], [ 40523879.640500001609325, 3529261.74189999839291 ], [ 40523879.414128385484219, 3529261.433665200136602 ], [ 40523879.187288284301758, 3529261.125774204730988 ], [ 40523878.959983818233013, 3529260.818227767478675 ], [ 40523878.732210151851177, 3529260.511026381980628 ], [ 40523878.503971099853516, 3529260.204170763492584 ], [ 40523878.27526768296957, 3529259.897661729715765 ], [ 40523878.046099998056889, 3529259.591499999631196 ], [ 40523877.816653832793236, 3529259.285925882402807 ], [ 40523877.586725234985352, 3529258.980713307857513 ], [ 40523877.356319420039654, 3529258.67586314631626 ], [ 40523877.125432960689068, 3529258.371375917922705 ], [ 40523876.894065856933594, 3529258.067252457141876 ], [ 40523876.662223443388939, 3529257.7634935551323 ], [ 40523876.429899998009205, 3529257.460099999327213 ], [ 40523876.295201152563095, 3529257.284901502076536 ], [ 40523876.160499997437, 3529257.109699999447912 ], [ 40523876.119589529931545, 3529257.056586408987641 ], [ 40523876.078699998557568, 3529257.003499999642372 ], [ 40523868.179036930203438, 3529247.299018384423107 ], [ 40523859.777141571044922, 3529238.025947034358978 ], [ 40523850.896543495357037, 3529229.210245847236365 ], [ 40523841.562095634639263, 3529220.876594066154212 ], [ 40523831.799930572509766, 3529213.048321664333344 ], [ 40523821.637384250760078, 3529205.747344018425792 ], [ 40523811.102899998426437, 3529198.994099999312311 ], [ 40523811.08847077190876, 3529198.985414289869368 ], [ 40523811.074041403830051, 3529198.976728618144989 ], [ 40523811.059616081416607, 3529198.968042969238013 ], [ 40523811.04518698900938, 3529198.959357261192054 ], [ 40523811.030756033957005, 3529198.950671374797821 ], [ 40523811.01632721722126, 3529198.941985630430281 ], [ 40523811.001900002360344, 3529198.933300000149757 ], [ 40523810.776287287473679, 3529198.797272449824959 ], [ 40523810.550525665283203, 3529198.661492049694061 ], [ 40523810.324617378413677, 3529198.525958776008338 ], [ 40523810.098560325801373, 3529198.390672802459449 ], [ 40523809.872352600097656, 3529198.255634129047394 ], [ 40523809.646000117063522, 3529198.120843178126961 ], [ 40523809.4195, 3529197.9863 ], [ 40523809.1298733279109, 3529197.814757169224322 ], [ 40523808.840019218623638, 3529197.643604337703437 ], [ 40523808.549934379756451, 3529197.47284173918888 ], [ 40523808.259618751704693, 3529197.302469729911536 ], [ 40523807.969074241816998, 3529197.132488548289984 ], [ 40523807.678299002349377, 3529196.962898553349078 ], [ 40523807.3873, 3529196.793700000271201 ], [ 40523807.095892310142517, 3529196.624771813862026 ], [ 40523806.804269783198833, 3529196.456219136249274 ], [ 40523806.512426368892193, 3529196.288042425643653 ], [ 40523806.220369331538677, 3529196.120241879951209 ], [ 40523805.928094856441021, 3529195.952817737590522 ], [ 40523805.635603308677673, 3529195.785770396701992 ], [ 40523805.3429, 3529195.619099998380989 ], [ 40523805.049768947064877, 3529195.452672505285591 ], [ 40523804.756431579589844, 3529195.286606252193451 ], [ 40523804.462894432246685, 3529195.120901345741004 ], [ 40523804.169151298701763, 3529194.95555806113407 ], [ 40523803.875202178955078, 3529194.79057639837265 ], [ 40523803.581051371991634, 3529194.625957035925239 ], [ 40523803.286700002849102, 3529194.461699999403208 ], [ 40523802.991903550922871, 3529194.297659868374467 ], [ 40523802.696916572749615, 3529194.133966028224677 ], [ 40523802.401735298335552, 3529193.970618843566626 ], [ 40523802.106363289058208, 3529193.807618379127234 ], [ 40523801.810800544917583, 3529193.64496487332508 ], [ 40523801.515043504536152, 3529193.482658738270402 ], [ 40523801.219099998474121, 3529193.3207 ], [ 40523800.922782629728317, 3529193.158991207834333 ], [ 40523800.626285545527935, 3529192.997613489162177 ], [ 40523800.329607002437115, 3529192.836567282211035 ], [ 40523800.03274916857481, 3529192.67585253668949 ], [ 40523799.735712043941021, 3529192.515469610225409 ], [ 40523799.438495367765427, 3529192.355418791528791 ], [ 40523799.141099996864796, 3529192.1957 ], [ 40523798.843319214880466, 3529192.036180139984936 ], [ 40523798.545368194580078, 3529191.876976311206818 ], [ 40523798.247253410518169, 3529191.718088387977332 ], [ 40523797.948966972529888, 3529191.559516667854041 ], [ 40523797.650510787963867, 3529191.401261150836945 ], [ 40523797.351888932287693, 3529191.243322135414928 ], [ 40523797.053099997341633, 3529191.085699999704957 ], [ 40523796.753942877054214, 3529190.928284418303519 ], [ 40523796.454627990722656, 3529190.771169126033783 ], [ 40523796.155157081782818, 3529190.614354133140296 ], [ 40523795.855527870357037, 3529190.457839607726783 ], [ 40523795.555740356445312, 3529190.301625549793243 ], [ 40523795.255798727273941, 3529190.145712268073112 ], [ 40523794.955700002610683, 3529189.990100000519305 ], [ 40523794.655224479734898, 3529189.834646227769554 ], [ 40523794.354602813720703, 3529189.679476916790009 ], [ 40523794.053836815059185, 3529189.524592160712928 ], [ 40523793.752920143306255, 3529189.369991898071021 ], [ 40523793.451858520507812, 3529189.215676248073578 ], [ 40523793.150652565062046, 3529189.061645510606468 ], [ 40523792.849299997091293, 3529188.907899999059737 ], [ 40523792.547564126551151, 3529188.754323218017817 ], [ 40523792.245695106685162, 3529188.601014673244208 ], [ 40523791.943687431514263, 3529188.447974681388587 ], [ 40523791.641544334590435, 3529188.295202970039099 ], [ 40523791.339265815913677, 3529188.142699777614325 ], [ 40523791.036848641932011, 3529187.990465495735407 ], [ 40523790.734300002455711, 3529187.8385 ], [ 40523790.431449621915817, 3529187.686715343035758 ], [ 40523790.128471367061138, 3529187.535182415973395 ], [ 40523789.825368873775005, 3529187.383901595603675 ], [ 40523789.522140495479107, 3529187.232872843276709 ], [ 40523789.218786232173443, 3529187.082096158992499 ], [ 40523788.915305823087692, 3529186.9315719390288 ], [ 40523788.611699998378754, 3529186.78129999851808 ], [ 40523788.30773352086544, 3529186.631136164069176 ], [ 40523788.003650657832623, 3529186.481207668315619 ], [ 40523787.699453346431255, 3529186.331514715682715 ], [ 40523787.395137779414654, 3529186.182057380210608 ], [ 40523787.090707771480083, 3529186.032835781108588 ], [ 40523786.786161407828331, 3529185.883849963545799 ], [ 40523786.4815, 3529185.735100000631064 ], [ 40523786.176505371928215, 3529185.586472034920007 ], [ 40523785.871400833129883, 3529185.438062846660614 ], [ 40523785.566194526851177, 3529185.289872526656836 ], [ 40523785.260879509150982, 3529185.141900896560401 ], [ 40523784.95545768737793, 3529184.994148194789886 ], [ 40523784.649932190775871, 3529184.846614480484277 ], [ 40523784.344300001859665, 3529184.699300000909716 ], [ 40523784.038362190127373, 3529184.552093905862421 ], [ 40523783.732326507568359, 3529184.405089795589447 ], [ 40523783.42619513720274, 3529184.258287667762488 ], [ 40523783.119966499507427, 3529184.111687540542334 ], [ 40523782.813638687133789, 3529183.965289413928986 ], [ 40523782.50721900165081, 3529183.81909362738952 ], [ 40523782.2007, 3529183.673099999781698 ], [ 40523781.893848724663258, 3529183.527201793622226 ], [ 40523781.586908340454102, 3529183.381488740444183 ], [ 40523781.279884330928326, 3529183.235960721503943 ], [ 40523780.972768776118755, 3529183.090617775451392 ], [ 40523780.665565490722656, 3529182.94545990228653 ], [ 40523780.358276672661304, 3529182.800487301778048 ], [ 40523780.050899997353554, 3529182.655700000468642 ], [ 40523779.743221893906593, 3529182.510967463254929 ], [ 40523779.435466758906841, 3529182.366402804385871 ], [ 40523779.127630226314068, 3529182.222006320487708 ], [ 40523778.819715492427349, 3529182.077777623664588 ], [ 40523778.511722557246685, 3529181.933716952335089 ], [ 40523778.203650131821632, 3529181.789824455976486 ], [ 40523777.895499996840954, 3529181.646099999547005 ], [ 40523777.587081402540207, 3529181.502447823993862 ], [ 40523777.278593055903912, 3529181.358946263324469 ], [ 40523776.970035545527935, 3529181.215595483314246 ], [ 40523776.661405555903912, 3529181.07239544345066 ], [ 40523776.352706901729107, 3529180.92934602452442 ], [ 40523776.043939083814621, 3529180.78644762467593 ], [ 40523775.735100001096725, 3529180.643699999898672 ], [ 40523774.652400493621826, 3529180.145700225606561 ], [ 40523773.569700002670288, 3529179.647699999157339 ], [ 40523772.484899863600731, 3529179.152299935929477 ], [ 40523771.4001, 3529178.656899998430163 ], [ 40523770.313301488757133, 3529178.163800673093647 ], [ 40523769.226499997079372, 3529177.670699999667704 ], [ 40523768.138005211949348, 3529177.179402355570346 ], [ 40523767.049500003457069, 3529176.688100000377744 ], [ 40523765.95941087603569, 3529176.198304885998368 ], [ 40523764.8693, 3529175.708499999251217 ], [ 40523763.777799785137177, 3529175.219699902459979 ], [ 40523762.686300002038479, 3529174.730899998918176 ], [ 40523761.593595117330551, 3529174.242497815750539 ], [ 40523760.5009, 3529173.754099999088794 ], [ 40523759.407196573913097, 3529173.265898469369859 ], [ 40523758.313500002026558, 3529172.777700000908226 ], [ 40523758.094700001180172, 3529172.680100000929087 ], [ 40523757.000303491950035, 3529172.191501558292657 ], [ 40523755.905900001525879, 3529171.702899999450892 ], [ 40523754.810789734125137, 3529171.213595412205905 ], [ 40523753.7157, 3529170.724299999885261 ], [ 40523752.620211780071259, 3529170.233605274930596 ], [ 40523751.5247, 3529169.742899999022484 ], [ 40523750.429110243916512, 3529169.250604603439569 ], [ 40523749.333499997854233, 3529168.75829999987036 ], [ 40523748.237918496131897, 3529168.263908347114921 ], [ 40523747.142300002276897, 3529167.769500000867993 ], [ 40523746.046912848949432, 3529167.272505829576403 ], [ 40523744.951499998569489, 3529166.775500000454485 ], [ 40523743.856603056192398, 3529166.275501396972686 ], [ 40523742.761699996888638, 3529165.775500000454485 ], [ 40523741.667414024472237, 3529165.272106452845037 ], [ 40523740.5731, 3529164.768699999433011 ], [ 40523740.260486789047718, 3529164.62418651022017 ], [ 40523739.947946541011333, 3529164.479520141612738 ], [ 40523739.635477058589458, 3529164.334701418410987 ], [ 40523739.323076240718365, 3529164.189729809295386 ], [ 40523739.010745994746685, 3529164.044605671893805 ], [ 40523738.698486514389515, 3529163.899329179897904 ], [ 40523738.38629999756813, 3529163.753899999894202 ], [ 40523738.073947317898273, 3529163.608239444904029 ], [ 40523737.761672973632812, 3529163.462408602237701 ], [ 40523737.449480049312115, 3529163.316407322417945 ], [ 40523737.137365333735943, 3529163.170235871803015 ], [ 40523736.825328826904297, 3529163.023894011974335 ], [ 40523736.513375647366047, 3529162.877382072620094 ], [ 40523736.201499998569489, 3529162.730699999257922 ], [ 40523735.889490611851215, 3529162.583720982540399 ], [ 40523735.577568054199219, 3529162.43655401468277 ], [ 40523735.265739433467388, 3529162.289199113380164 ], [ 40523734.953996650874615, 3529162.141656040679663 ], [ 40523734.642339706420898, 3529161.993925154209137 ], [ 40523734.330774791538715, 3529161.846006453502923 ], [ 40523734.019299998879433, 3529161.6979 ], [ 40523733.707719445228577, 3529161.549487920012325 ], [ 40523733.396238319575787, 3529161.400870263110846 ], [ 40523733.084854118525982, 3529161.252047061454505 ], [ 40523732.773567192256451, 3529161.103018402587622 ], [ 40523732.462379448115826, 3529160.95378416730091 ], [ 40523732.151290535926819, 3529160.804344744887203 ], [ 40523731.840300001204014, 3529160.654699999839067 ], [ 40523731.529176652431488, 3529160.504768717568368 ], [ 40523731.2181606143713, 3529160.354614316951483 ], [ 40523730.907253257930279, 3529160.204237102996558 ], [ 40523730.596452705562115, 3529160.053637027274817 ], [ 40523730.28576086461544, 3529159.902813970576972 ], [ 40523729.975175797939301, 3529159.751768338959664 ], [ 40523729.664700001478195, 3529159.600499998778105 ], [ 40523729.35411674529314, 3529159.448849028907716 ], [ 40523729.043655388057232, 3529159.296957790385932 ], [ 40523728.733308784663677, 3529159.144826292525977 ], [ 40523728.423078529536724, 3529158.992454766761512 ], [ 40523728.112968437373638, 3529158.839842974673957 ], [ 40523727.802973099052906, 3529158.68699140008539 ], [ 40523727.493100002408028, 3529158.533899999689311 ], [ 40523726.909785956144333, 3529158.244393028784543 ], [ 40523726.326499998569489, 3529157.954900000244379 ], [ 40523726.272187180817127, 3529157.927793601993471 ], [ 40523726.2179, 3529157.900699999183416 ], [ 40523714.803131654858589, 3529151.984530210029334 ], [ 40523703.577808372676373, 3529145.716347038280219 ], [ 40523692.552783958613873, 3529139.102210521232337 ], [ 40523681.738712303340435, 3529132.148514866363257 ], [ 40523671.146053306758404, 3529124.861982404720038 ], [ 40523660.785042360424995, 3529117.249657868873328 ], [ 40523650.665700003504753, 3529109.318899999838322 ], [ 40523650.652214288711548, 3529109.30798571370542 ], [ 40523650.638728573918343, 3529109.297071428503841 ], [ 40523650.625242859125137, 3529109.286157142836601 ], [ 40523650.611757144331932, 3529109.275242857635021 ], [ 40523650.598271429538727, 3529109.264328571967781 ], [ 40523650.5713, 3529109.242500000167638 ], [ 40523650.065797887742519, 3529108.831998284906149 ], [ 40523649.5603, 3529108.421499999705702 ], [ 40523649.292449407279491, 3529108.203092432580888 ], [ 40523649.024768821895123, 3529107.984477698337287 ], [ 40523648.757255546748638, 3529107.765655874740332 ], [ 40523648.489912025630474, 3529107.546627044212073 ], [ 40523648.22273825854063, 3529107.327391325961798 ], [ 40523647.955733709037304, 3529107.107948995195329 ], [ 40523647.688900001347065, 3529106.888300000224262 ], [ 40523647.42242805659771, 3529106.668586819898337 ], [ 40523647.156110756099224, 3529106.448682486545295 ], [ 40523646.889953605830669, 3529106.228587388526648 ], [ 40523646.623952858150005, 3529106.008301376830786 ], [ 40523646.358110420405865, 3529105.787824809085578 ], [ 40523646.092426225543022, 3529105.567157595884055 ], [ 40523645.826899997889996, 3529105.346299999393523 ], [ 40523645.561690099537373, 3529105.125424343161285 ], [ 40523645.296627037227154, 3529104.904373704921454 ], [ 40523645.031709663569927, 3529104.683148383628577 ], [ 40523644.766939155757427, 3529104.461748122703284 ], [ 40523644.502313606441021, 3529104.240173279773444 ], [ 40523644.237831838428974, 3529104.018423872999847 ], [ 40523643.973499998450279, 3529103.796499999705702 ], [ 40523643.70952794700861, 3529103.574576634913683 ], [ 40523643.445686340332031, 3529103.352494180202484 ], [ 40523643.181982032954693, 3529103.130252956878394 ], [ 40523642.918411247432232, 3529102.907852768432349 ], [ 40523642.654972076416016, 3529102.685293853282928 ], [ 40523642.391670204699039, 3529102.462576169520617 ], [ 40523642.1285, 3529102.239699999336153 ], [ 40523641.865620605647564, 3529102.016815458890051 ], [ 40523641.602861404418945, 3529101.793787658214569 ], [ 40523641.340227119624615, 3529101.570616483222693 ], [ 40523641.077713005244732, 3529101.347302078735083 ], [ 40523640.815319061279297, 3529101.12384444475174 ], [ 40523640.553048126399517, 3529100.90024367487058 ], [ 40523640.2909, 3529100.676499998662621 ], [ 40523640.029029779136181, 3529100.452797535341233 ], [ 40523639.767267227172852, 3529100.228967368602753 ], [ 40523639.505615226924419, 3529100.005009412299842 ], [ 40523639.244071952998638, 3529099.780923604499549 ], [ 40523638.982637405395508, 3529099.556709945201874 ], [ 40523638.721315316855907, 3529099.332368734758347 ], [ 40523638.460100002586842, 3529099.107899999711663 ], [ 40523637.548005312681198, 3529098.321104583796114 ], [ 40523636.635899998247623, 3529097.534299999009818 ], [ 40523635.726711317896843, 3529096.745609818492085 ], [ 40523634.817500002682209, 3529095.956899998709559 ], [ 40523633.91080030053854, 3529095.166500258725137 ], [ 40523633.004100002348423, 3529094.376099999528378 ], [ 40523632.099611066281796, 3529093.584409685339779 ], [ 40523631.195100001990795, 3529092.792699999641627 ], [ 40523630.937214314937592, 3529092.566271424293518 ], [ 40523630.679328605532646, 3529092.339842855930328 ], [ 40523629.389899998903275, 3529091.207699999213219 ], [ 40523628.488901123404503, 3529090.41460099350661 ], [ 40523627.587899997830391, 3529089.621500000357628 ], [ 40523626.688304528594017, 3529088.82820399524644 ], [ 40523625.7887, 3529088.034900000318885 ], [ 40523624.890114054083824, 3529087.241812402382493 ], [ 40523623.991499997675419, 3529086.448699999134988 ], [ 40523623.811700001358986, 3529086.290300000458956 ], [ 40523622.913688316941261, 3529085.497689689509571 ], [ 40523622.015699997544289, 3529084.705100000835955 ], [ 40523621.117991626262665, 3529083.913592623081058 ], [ 40523620.220299996435642, 3529083.122100000269711 ], [ 40523619.322605296969414, 3529082.331904664635658 ], [ 40523618.424900002777576, 3529081.5417 ], [ 40523617.52690052986145, 3529080.75310046505183 ], [ 40523616.628899998962879, 3529079.964500000234693 ], [ 40523615.730190187692642, 3529079.177891411352903 ], [ 40523614.831500001251698, 3529078.391299999784678 ], [ 40523613.931884497404099, 3529077.607086486183107 ], [ 40523613.032300002872944, 3529076.82289999909699 ], [ 40523612.131502062082291, 3529076.041501788888127 ], [ 40523611.230700001120567, 3529075.260099999606609 ], [ 40523610.328314527869225, 3529074.481712531298399 ], [ 40523609.425899997353554, 3529073.703299999702722 ], [ 40523609.167852535843849, 3529073.481521339621395 ], [ 40523608.909698478877544, 3529073.259868800174445 ], [ 40523608.651435844600201, 3529073.038342594634742 ], [ 40523608.393064491450787, 3529072.816942452918738 ], [ 40523608.134584419429302, 3529072.595668613445014 ], [ 40523607.875995770096779, 3529072.374521107878536 ], [ 40523607.617299996316433, 3529072.15349999954924 ], [ 40523607.358688496053219, 3529071.932790603954345 ], [ 40523607.099958412349224, 3529071.712222396861762 ], [ 40523606.841108314692974, 3529071.491795300971717 ], [ 40523606.582136146724224, 3529071.271509527694434 ], [ 40523606.323043815791607, 3529071.051364957820624 ], [ 40523606.063831470906734, 3529070.831361737567931 ], [ 40523605.804499998688698, 3529070.6114999987185 ], [ 40523605.545211724936962, 3529070.39191650506109 ], [ 40523605.285789482295513, 3529070.172489225398749 ], [ 40523605.026235572993755, 3529069.953218340408057 ], [ 40523604.766550056636333, 3529069.7341039176099 ], [ 40523604.506732933223248, 3529069.515145957004279 ], [ 40523604.24678223580122, 3529069.296344629488885 ], [ 40523603.986699998378754, 3529069.0777000002563 ], [ 40523603.726673819124699, 3529068.859384648036212 ], [ 40523603.466505043208599, 3529068.641240775119513 ], [ 40523603.206192009150982, 3529068.423268913757056 ], [ 40523602.945734016597271, 3529068.205468654166907 ], [ 40523602.685132972896099, 3529067.987840353976935 ], [ 40523602.42438767105341, 3529067.770384184550494 ], [ 40523602.163500003516674, 3529067.553099999669939 ], [ 40523601.902652069926262, 3529067.336166721303016 ], [ 40523601.64164923876524, 3529067.119420587550849 ], [ 40523601.380489341914654, 3529066.902861713897437 ], [ 40523601.11917494982481, 3529066.686490058433264 ], [ 40523600.857704155147076, 3529066.470305740367621 ], [ 40523600.596080109477043, 3529066.254309040028602 ], [ 40523600.334299996495247, 3529066.038499999791384 ], [ 40523600.072541512548923, 3529065.823034215252846 ], [ 40523599.810617446899414, 3529065.607771098613739 ], [ 40523599.548526756465435, 3529065.392710804473609 ], [ 40523599.286270134150982, 3529065.17785334540531 ], [ 40523599.023843765258789, 3529064.963198959827423 ], [ 40523598.761256493628025, 3529064.748747873585671 ], [ 40523598.498499996960163, 3529064.5345 ], [ 40523598.235776491463184, 3529064.320586742367595 ], [ 40523597.972871780395508, 3529064.106891930103302 ], [ 40523597.709793083369732, 3529063.893415808212012 ], [ 40523597.446535103023052, 3529063.680158376228064 ], [ 40523597.183099746704102, 3529063.467119753360748 ], [ 40523596.919488497078419, 3529063.254300297703594 ], [ 40523596.655699998140335, 3529063.041700000409037 ], [ 40523596.39192108809948, 3529062.829510129056871 ], [ 40523596.127952575683594, 3529062.617554605007172 ], [ 40523595.863800041377544, 3529062.405833839904517 ], [ 40523595.599456779658794, 3529062.194347857963294 ], [ 40523595.334924697875977, 3529061.983096659183502 ], [ 40523595.070206686854362, 3529061.772080696187913 ], [ 40523594.805299997329712, 3529061.561299999710172 ], [ 40523594.540352322161198, 3529061.350889794062823 ], [ 40523594.275207512080669, 3529061.140730201732367 ], [ 40523594.009862892329693, 3529060.930821656715125 ], [ 40523593.744319908320904, 3529060.721164106857032 ], [ 40523593.478578560054302, 3529060.511757790576667 ], [ 40523593.212637402117252, 3529060.302603117655963 ], [ 40523592.94650000333786, 3529060.0937 ], [ 40523592.680382035672665, 3529059.885240686591715 ], [ 40523592.414054870605469, 3529059.67704838514328 ], [ 40523592.147521965205669, 3529059.469123482238501 ], [ 40523591.880779258906841, 3529059.261465906631202 ], [ 40523591.613824844360352, 3529059.05407589673996 ], [ 40523591.346666596829891, 3529058.846953881438822 ], [ 40523591.079300001263618, 3529058.640100000426173 ], [ 40523590.811899036169052, 3529058.43364815087989 ], [ 40523590.544275283813477, 3529058.227479875087738 ], [ 40523590.276437751948833, 3529058.0215954775922 ], [ 40523590.008378975093365, 3529057.815995096694678 ], [ 40523589.740102767944336, 3529057.610678732395172 ], [ 40523589.471610873937607, 3529057.405646961648017 ], [ 40523589.2029, 3529057.200899997726083 ], [ 40523588.934183038771152, 3529056.996597913093865 ], [ 40523588.66523551940918, 3529056.792596280574799 ], [ 40523588.396064750850201, 3529056.588895082008094 ], [ 40523588.126663200557232, 3529056.385494470130652 ], [ 40523587.857034683227539, 3529056.182394921779633 ], [ 40523587.587181009352207, 3529055.979596641846001 ], [ 40523587.317100003361702, 3529055.777099999599159 ], [ 40523587.046952784061432, 3529055.575060653500259 ], [ 40523586.776565551757812, 3529055.373338878154755 ], [ 40523586.505947105586529, 3529055.171934723388404 ], [ 40523586.235088340938091, 3529054.970848440658301 ], [ 40523585.963993072509766, 3529054.770080268383026 ], [ 40523585.692664682865143, 3529054.56963078957051 ], [ 40523585.421099998056889, 3529054.3695 ], [ 40523585.149520598351955, 3529054.169837519992143 ], [ 40523584.877695083618164, 3529053.970509707927704 ], [ 40523584.605627052485943, 3529053.771516799461097 ], [ 40523584.333311073482037, 3529053.572859048377723 ], [ 40523584.060749053955078, 3529053.37453681230545 ], [ 40523583.787948332726955, 3529053.176550314296037 ], [ 40523583.514899998903275, 3529052.978900000452995 ], [ 40523583.241772130131721, 3529052.781727695837617 ], [ 40523582.968391418457031, 3529052.584907591342926 ], [ 40523582.694761268794537, 3529052.388439893256873 ], [ 40523582.420873634517193, 3529052.192324995528907 ], [ 40523582.146732330322266, 3529051.996563017368317 ], [ 40523581.872341588139534, 3529051.80115463770926 ], [ 40523581.5977, 3529051.606100001372397 ], [ 40523581.32302637398243, 3529051.411560204811394 ], [ 40523581.048088073730469, 3529051.217390358448029 ], [ 40523580.772891990840435, 3529051.023590683471411 ], [ 40523580.497432701289654, 3529050.830161451827735 ], [ 40523580.221714019775391, 3529050.637102901935577 ], [ 40523579.945737555623055, 3529050.444415596313775 ], [ 40523579.6695, 3529050.252099999692291 ], [ 40523579.453105099499226, 3529050.101817304734141 ], [ 40523579.236545562744141, 3529049.951771438121796 ], [ 40523579.019824974238873, 3529049.801962613593787 ], [ 40523578.802940361201763, 3529049.652390717994422 ], [ 40523578.585887908935547, 3529049.503056228160858 ], [ 40523578.36867631226778, 3529049.353959257248789 ], [ 40523578.151299998164177, 3529049.205099999438971 ], [ 40523578.137385711073875, 3529049.195614284835756 ], [ 40523578.123471423983574, 3529049.186128569766879 ], [ 40523578.053900003433228, 3529049.13869999954477 ], [ 40523577.674909070134163, 3529048.880345918703824 ], [ 40523577.295415870845318, 3529048.622727214824408 ], [ 40523576.91542624682188, 3529048.365845202933997 ], [ 40523576.534936897456646, 3529048.109700321685523 ], [ 40523576.15395163744688, 3529047.854293882381171 ], [ 40523575.772471860051155, 3529047.599626876879483 ], [ 40523575.390500001609325, 3529047.34569999948144 ], [ 40523574.845405325293541, 3529046.985163344070315 ], [ 40523574.299314498901367, 3529046.62613433599472 ], [ 40523573.752235405147076, 3529046.268615841399878 ], [ 40523573.204170219600201, 3529045.912610411178321 ], [ 40523572.655120849609375, 3529045.558120787143707 ], [ 40523572.105098471045494, 3529045.205149663612247 ], [ 40523571.5541, 3529044.853699999861419 ], [ 40523565.311124354600906, 3529041.145384074188769 ], [ 40523558.854446411132812, 3529037.82308703660965 ], [ 40523552.20790671557188, 3529034.899075626861304 ], [ 40523545.39604377001524, 3529032.384145736228675 ], [ 40523538.444009773433208, 3529030.287583469878882 ], [ 40523531.377473823726177, 3529028.617129683028907 ], [ 40523524.222524642944336, 3529027.378952205181122 ], [ 40523517.005586177110672, 3529026.577622652985156 ], [ 40523509.753300003707409, 3529026.216099999845028 ], [ 40523502.094899237155914, 3529025.953183291479945 ], [ 40523494.447729103267193, 3529025.462281524669379 ], [ 40523486.818571083247662, 3529024.743830680381507 ], [ 40523479.214195244014263, 3529023.798468112479895 ], [ 40523471.641351692378521, 3529022.627032458316535 ], [ 40523464.10675722360611, 3529021.230563519522548 ], [ 40523456.6171, 3529019.610300000291318 ], [ 40523443.261753350496292, 3529016.706736085470766 ], [ 40523429.831016533076763, 3529014.174688636790961 ], [ 40523416.335222236812115, 3529012.016106009017676 ], [ 40523402.784751884639263, 3529010.232648610603064 ], [ 40523389.190031044185162, 3529008.825688540469855 ], [ 40523375.561517983675003, 3529007.796308515127748 ], [ 40523361.909699998795986, 3529007.145300000440329 ] ] ] ] } },
{ "type": "Feature", "properties": { "OBJECTID": 19100, "DKBH": "ZC-CZ-B06-03", "YDDM": "G2", "DKMJ": 11042.5, "YDJRX": " ", "RJL": " ", "JZMD": " ", "LDL": "≥80%", "JDCW": " ", "DTSTZB": " ", "CSSJZB": " ", "REMARK": " ", "PLANNAME": "《江阴市中心城区主城控制性详细规划》（青山未来社区）调整", "PLANDATE": "2024-02-20T00:00:00Z", "PLANUNIT": "江阴市城乡规划设计院", "PASSDATE": "2024-03-20T00:00:00Z", "STARTTIME": "2024-04-10T16:59:23Z", "FGUID": null, "CADNAME": "08G2防护绿地", "DXKJKF": " ", "YDXZ": "防护绿地", "FTZMC": "ZC-CZ-B06-01-17.dwg", "JZGD": "/", "JC": null, "SHAPE_Length": 485.72573245101034, "SHAPE_Area": 11042.507617618317 }, "geometry": { "type": "MultiPolygon", "coordinates": [ [ [ [ 40521517.4613, 3529365.736299999058247 ], [ 40521477.8591, 3529364.7675 ], [ 40521456.761699996888638, 3529384.247700001113117 ], [ 40521455.267099998891354, 3529411.145700000226498 ], [ 40521455.079099997878075, 3529414.533100000582635 ], [ 40521450.71509999781847, 3529493.077699999324977 ], [ 40521450.501900002360344, 3529496.914900000672787 ], [ 40521447.26969999819994, 3529555.089299999643117 ], [ 40521507.093900002539158, 3529551.825699999462813 ], [ 40521517.4613, 3529365.736299999058247 ] ] ] ] } },
{ "type": "Feature", "properties": { "OBJECTID": 19101, "DKBH": "ZC-CZ-A05-71", "YDDM": "G2", "DKMJ": 38271.0, "YDJRX": " ", "RJL": " ", "JZMD": " ", "LDL": "≥80%", "JDCW": " ", "DTSTZB": " ", "CSSJZB": " ", "REMARK": " ", "PLANNAME": "《江阴市中心城区主城控制性详细规划》（青山未来社区）调整", "PLANDATE": "2024-02-20T00:00:00Z", "PLANUNIT": "江阴市城乡规划设计院", "PASSDATE": "2024-03-20T00:00:00Z", "STARTTIME": "2024-04-10T16:59:23Z", "FGUID": null, "CADNAME": "08G2防护绿地", "DXKJKF": " ", "YDXZ": "防护绿地", "FTZMC": "ZC-CZ-A05-46-74.dwg", "JZGD": "/", "JC": null, "SHAPE_Length": 2556.2199270263895, "SHAPE_Area": 49473.597159514255 }, "geometry": { "type": "MultiPolygon", "coordinates": [ [ [ [ 40521422.580700002610683, 3528965.822299999650568 ], [ 40521403.703500002622604, 3528945.209300000686198 ], [ 40521306.6043, 3528942.081699999049306 ], [ 40521301.07490000128746, 3528941.843700000550598 ], [ 40521295.2077, 3528941.5335 ], [ 40521290.2971, 3528941.243299999274313 ], [ 40521286.960299998521805, 3528941.038499999791384 ], [ 40521284.963299997150898, 3528940.914499999489635 ], [ 40521282.966300003230572, 3528940.79009999986738 ], [ 40521280.969099998474121, 3528940.666299998760223 ], [ 40521278.972099997103214, 3528940.543499998748302 ], [ 40521276.9746999964118, 3528940.4227 ], [ 40521274.9775, 3528940.30449999962002 ], [ 40521272.980099998414516, 3528940.189699999522418 ], [ 40521270.982699997723103, 3528940.079299999866635 ], [ 40521268.985100001096725, 3528939.97389999916777 ], [ 40521266.987300001084805, 3528939.874099999666214 ], [ 40521264.989100001752377, 3528939.780699999071658 ], [ 40521262.990900002419949, 3528939.694699999410659 ], [ 40521260.992299996316433, 3528939.616900000255555 ], [ 40521258.993500001728535, 3528939.547900000121444 ], [ 40521212.670900002121925, 3528938.056099999696016 ], [ 40520932.8433, 3528929.044099999126047 ], [ 40520928.2385, 3528928.837500000372529 ], [ 40520922.253300003707409, 3528928.431699999608099 ], [ 40520916.2747, 3528927.906699999701232 ], [ 40520910.312299996614456, 3528927.283099999185652 ], [ 40520904.366899996995926, 3528926.5801 ], [ 40520898.423500001430511, 3528925.814900000113994 ], [ 40520892.545500002801418, 3528925.014299999456853 ], [ 40520887.665299996733665, 3528924.329499999526888 ], [ 40520884.3011, 3528923.853699998930097 ], [ 40520882.3091000020504, 3528923.572100000455976 ], [ 40520880.317100003361702, 3528923.29109999909997 ], [ 40520878.325099997222424, 3528923.011500000488013 ], [ 40520876.332900002598763, 3528922.734099999535829 ], [ 40520874.3407, 3528922.459499999415129 ], [ 40520872.348300002515316, 3528922.188299999106675 ], [ 40520870.355899997055531, 3528921.9213 ], [ 40520868.363300003111362, 3528921.659099999349564 ], [ 40520866.37049999833107, 3528921.402499999385327 ], [ 40520864.377499997615814, 3528921.152099999133497 ], [ 40520862.3843, 3528920.908699999097735 ], [ 40520860.3909, 3528920.672899999190122 ], [ 40520858.397100001573563, 3528920.445499999448657 ], [ 40520856.403099998831749, 3528920.227300000842661 ], [ 40520854.408699996769428, 3528920.01850000070408 ], [ 40520852.414099998772144, 3528919.82050000037998 ], [ 40520850.419100001454353, 3528919.633299998939037 ], [ 40520848.423500001430511, 3528919.4583 ], [ 40520846.427699998021126, 3528919.295500000473112 ], [ 40520844.431500002741814, 3528919.146100000478327 ], [ 40520842.43469999730587, 3528919.010499999858439 ], [ 40520840.437700003385544, 3528918.889299999456853 ], [ 40520838.4401, 3528918.783699998632073 ], [ 40520836.4419, 3528918.694099999498576 ], [ 40520834.443300001323223, 3528918.621099999640137 ], [ 40520807.049099996685982, 3528917.738900000229478 ], [ 40520807.049099996685982, 3528920.740500000771135 ], [ 40520806.502899996936321, 3528948.487499999813735 ], [ 40520799.4929, 3529304.656899999361485 ], [ 40520826.218500003218651, 3529305.310900000389665 ], [ 40520840.9533, 3528964.607699999120086 ], [ 40521323.601300001144409, 3528980.1513 ], [ 40521322.7883, 3528994.7829 ], [ 40521322.7703, 3528995.132299999706447 ], [ 40521322.465499997138977, 3529006.1039 ], [ 40521322.8569, 3529017.072499999310821 ], [ 40521323.943099997937679, 3529027.994499999564141 ], [ 40521325.719499997794628, 3529038.825500000268221 ], [ 40521328.179300002753735, 3529049.522100000176579 ], [ 40521331.3125, 3529060.041099999565631 ], [ 40521335.106299996376038, 3529070.34029999980703 ], [ 40521339.545500002801418, 3529080.378099999856204 ], [ 40521344.612499997019768, 3529090.114299999084324 ], [ 40521350.286300003528595, 3529099.509700000751764 ], [ 40521356.544699996709824, 3529108.5263 ], [ 40521389.055100001394749, 3529152.330299999099225 ], [ 40521391.670699998736382, 3529156.419299999251962 ], [ 40521393.695299997925758, 3529160.830499999690801 ], [ 40521395.090499997138977, 3529165.4797 ], [ 40521395.828900001943111, 3529170.277099999133497 ], [ 40521395.896300002932549, 3529175.1305 ], [ 40521388.607500001788139, 3529305.963299999479204 ], [ 40521404.4665, 3529290.963099999818951 ], [ 40521422.580700002610683, 3528965.822299999650568 ] ] ] ] } },
{ "type": "Feature", "properties": { "OBJECTID": 19114, "DKBH": null, "YDDM": "E11", "DKMJ": 0.0, "YDJRX": null, "RJL": null, "JZMD": null, "LDL": null, "JDCW": null, "DTSTZB": null, "CSSJZB": null, "REMARK": null, "PLANNAME": "《江阴市中心城区主城控制性详细规划》（青山未来社区）调整", "PLANDATE": "2024-02-20T00:00:00Z", "PLANUNIT": "江阴市城乡规划设计院", "PASSDATE": "2024-03-20T00:00:00Z", "STARTTIME": "2024-04-10T16:59:23Z", "FGUID": null, "CADNAME": "10E11自然水域", "DXKJKF": null, "YDXZ": "自然水域", "FTZMC": null, "JZGD": "/", "JC": null, "SHAPE_Length": 806.14534930646153, "SHAPE_Area": 6193.4761635032282 }, "geometry": { "type": "MultiPolygon", "coordinates": [ [ [ [ 40520807.1457, 3528917.741899999789894 ], [ 40520791.1149, 3528917.225699999835342 ], [ 40520790.509900003671646, 3528947.972500000149012 ], [ 40520783.497299998998642, 3529304.265699999406934 ], [ 40520799.4929, 3529304.6571 ], [ 40520806.502899996936321, 3528948.487499999813735 ], [ 40520807.1457, 3528917.741899999789894 ] ] ] ] } },
{ "type": "Feature", "properties": { "OBJECTID": 19120, "DKBH": null, "YDDM": "E11", "DKMJ": 23470.2, "YDJRX": null, "RJL": null, "JZMD": null, "LDL": null, "JDCW": null, "DTSTZB": null, "CSSJZB": null, "REMARK": null, "PLANNAME": "《江阴市中心城区主城控制性详细规划》（青山未来社区）调整", "PLANDATE": "2024-02-20T00:00:00Z", "PLANUNIT": "江阴市城乡规划设计院", "PASSDATE": "2024-03-20T00:00:00Z", "STARTTIME": "2024-04-10T16:59:23Z", "FGUID": null, "CADNAME": "10E11自然水域", "DXKJKF": null, "YDXZ": "自然水域", "FTZMC": null, "JZGD": "/", "JC": null, "SHAPE_Length": 1649.2633611224019, "SHAPE_Area": 43575.052547295971 }, "geometry": { "type": "MultiPolygon", "coordinates": [ [ [ [ 40521700.470299996435642, 3530079.262299999129027 ], [ 40521706.84910000115633, 3530008.542500000447035 ], [ 40521707.9525, 3530007.25609999941662 ], [ 40521713.142499998211861, 3530006.419500000309199 ], [ 40521719.002099998295307, 3530001.066099999472499 ], [ 40521727.875100001692772, 3529991.02849999954924 ], [ 40521736.078500002622604, 3529990.35950000025332 ], [ 40521743.779700003564358, 3529969.4477 ], [ 40521745.340499997138977, 3529951.658099999651313 ], [ 40521748.167499996721745, 3529931.081499999389052 ], [ 40521742.048100002110004, 3529909.280899999197572 ], [ 40521734.864500001072884, 3529902.84529999922961 ], [ 40521730.385636739432812, 3529898.905071497429162 ], [ 40521726.161922454833984, 3529894.692488968372345 ], [ 40521722.209890358150005, 3529890.224039673339576 ], [ 40521718.54500388354063, 3529885.517212748061866 ], [ 40521715.181608192622662, 3529880.590430020820349 ], [ 40521712.132869713008404, 3529875.462974309455603 ], [ 40521709.410718910396099, 3529870.154913901817054 ], [ 40521707.025810234248638, 3529864.687023877631873 ], [ 40521704.987476341426373, 3529859.080704926978797 ], [ 40521703.30369757860899, 3529853.357899546157569 ], [ 40521701.981061935424805, 3529847.541005909442902 ], [ 40521701.024749211966991, 3529841.652790785301477 ], [ 40521700.438500002026558, 3529835.716299999505281 ], [ 40521700.346214473247528, 3529832.985489489510655 ], [ 40521700.437320709228516, 3529830.254639565944672 ], [ 40521700.711410515010357, 3529827.536052226554602 ], [ 40521701.167245857417583, 3529824.841974019538611 ], [ 40521701.802772514522076, 3529822.184541701804847 ], [ 40521702.615131370723248, 3529819.575726508628577 ], [ 40521703.600660316646099, 3529817.027280807029456 ], [ 40521704.754919044673443, 3529814.550684928428382 ], [ 40521706.072710029780865, 3529812.157095551025122 ], [ 40521707.548095695674419, 3529809.857295512687415 ], [ 40521709.174428932368755, 3529807.661645054351538 ], [ 40521710.94438361376524, 3529805.58003532839939 ], [ 40521712.849988929927349, 3529803.621843575965613 ], [ 40521714.882656089961529, 3529801.795891165267676 ], [ 40521717.033231727778912, 3529800.110403894912452 ], [ 40521719.29202651232481, 3529798.572974442970008 ], [ 40521721.648864738643169, 3529797.190528869163245 ], [ 40521724.093130104243755, 3529795.969294785987586 ], [ 40521726.613807678222656, 3529794.914773643016815 ], [ 40521729.199546992778778, 3529794.031715990975499 ], [ 40521731.838699996471405, 3529793.324099999386817 ], [ 40521743.670900002121925, 3529786.135499998927116 ], [ 40521753.032899998128414, 3529784.965899999719113 ], [ 40521760.932099997997284, 3529777.7547 ], [ 40521761.517300002276897, 3529766.743099999148399 ], [ 40521759.601899996399879, 3529751.894699999596924 ], [ 40521754.759499996900558, 3529727.857099999208003 ], [ 40521754.516500003635883, 3529722.400700000114739 ], [ 40521756.656066484749317, 3529700.915803909301758 ], [ 40521758.710683822631836, 3529679.422618091106415 ], [ 40521760.680326454341412, 3529657.921478271018714 ], [ 40521762.564956657588482, 3529636.412720322143286 ], [ 40521764.364545822143555, 3529614.896680414676666 ], [ 40521766.079070635139942, 3529593.373694896697998 ], [ 40521767.708499997854233, 3529571.844100000336766 ], [ 40521752.800700001418591, 3529572.505099999252707 ], [ 40521753.587691120803356, 3529590.467572450637817 ], [ 40521753.198204040527344, 3529608.443057715892792 ], [ 40521751.633909218013287, 3529626.354583382140845 ], [ 40521748.901500694453716, 3529644.125450610648841 ], [ 40521745.012680053710938, 3529661.679562747478485 ], [ 40521739.984103016555309, 3529678.941751956939697 ], [ 40521733.837300002574921, 3529695.838099999818951 ], [ 40521720.609700001776218, 3529711.503700000233948 ], [ 40521690.921300001442432, 3529712.384899999480695 ], [ 40521663.824299998581409, 3529721.8029 ], [ 40521647.181699998676777, 3529738.628699999768287 ], [ 40521643.927499361336231, 3529743.20657169772312 ], [ 40521641.000207893550396, 3529748.000077545177191 ], [ 40521638.414058677852154, 3529752.985913633834571 ], [ 40521636.181621544063091, 3529758.139840602409095 ], [ 40521634.313753120601177, 3529763.436801909934729 ], [ 40521632.819532386958599, 3529768.851045965682715 ], [ 40521631.70622443407774, 3529774.356250643264502 ], [ 40521630.979240410029888, 3529779.925651788245887 ], [ 40521630.642116539180279, 3529785.53217303706333 ], [ 40521630.696491234004498, 3529791.148557781707495 ], [ 40521631.142099373042583, 3529796.747501134406775 ], [ 40521631.976774208247662, 3529802.301783322822303 ], [ 40521633.19645880907774, 3529807.784401535522193 ], [ 40521634.795225135982037, 3529813.168701171409339 ], [ 40521636.765296928584576, 3529818.42850613547489 ], [ 40521639.097099296748638, 3529823.538245081435889 ], [ 40521641.779294960200787, 3529828.473076462280005 ], [ 40521644.798845283687115, 3529833.209008931647986 ], [ 40521648.141067497432232, 3529837.723018288146704 ], [ 40521651.789714805781841, 3529841.993159174453467 ], [ 40521655.727048866450787, 3529845.998671710025519 ], [ 40521659.933929033577442, 3529849.720082759391516 ], [ 40521664.389899998903275, 3529853.1393 ], [ 40521665.799491576850414, 3529854.214701415039599 ], [ 40521667.133106231689453, 3529855.382992923259735 ], [ 40521668.384639732539654, 3529856.638821959029883 ], [ 40521669.548353187739849, 3529857.976435541640967 ], [ 40521670.618915550410748, 3529859.389705538284034 ], [ 40521671.591423027217388, 3529860.87215757323429 ], [ 40521672.461421959102154, 3529862.417000293266028 ], [ 40521673.224925987422466, 3529864.017156123649329 ], [ 40521673.878437034785748, 3529865.665294765960425 ], [ 40521674.418960563838482, 3529867.353865384589881 ], [ 40521674.844018936157227, 3529869.075132429599762 ], [ 40521675.151670150458813, 3529870.82121026609093 ], [ 40521675.340499997138977, 3529872.584099999628961 ], [ 40521675.320630490779877, 3529873.867638343479484 ], [ 40521675.217399589717388, 3529875.147172867786139 ], [ 40521675.031242363154888, 3529876.417295336257666 ], [ 40521674.762947075068951, 3529877.672637104522437 ], [ 40521674.413646690547466, 3529878.90789222670719 ], [ 40521673.984819404780865, 3529880.117839574348181 ], [ 40521673.478277198970318, 3529881.297364830505103 ], [ 40521672.896160118281841, 3529882.441482305061072 ], [ 40521672.240928642451763, 3529883.545356332790107 ], [ 40521671.515353620052338, 3529884.604320877697319 ], [ 40521670.722499996423721, 3529885.613900000229478 ], [ 40521667.087300002574921, 3529890.1807 ], [ 40521659.608900003135204, 3529893.398099999409169 ], [ 40521652.3385, 3529893.398099999409169 ], [ 40521647.1453, 3529894.8511 ], [ 40521644.758100003004074, 3529902.990299998782575 ], [ 40521639.958700001239777, 3529907.659499999601394 ], [ 40521638.0287000015378, 3529909.28349999897182 ], [ 40521635.56530000269413, 3529910.019300000276417 ], [ 40521632.772100001573563, 3529909.080500000156462 ], [ 40521624.956699997186661, 3529906.089900000486523 ], [ 40521608.317900002002716, 3529905.7017 ], [ 40521578.174500003457069, 3529904.153900000266731 ], [ 40521576.534100003540516, 3529902.161899999715388 ], [ 40521570.6039, 3529902.288099998608232 ], [ 40521569.527500003576279, 3529903.832299999892712 ], [ 40521562.310500003397465, 3529903.83229999942705 ], [ 40521556.405900001525879, 3529901.046099999453872 ], [ 40521549.188900001347065, 3529897.2763 ], [ 40521544.104099996387959, 3529895.965099999681115 ], [ 40521536.231299996376038, 3529894.489900000859052 ], [ 40521524.257700003683567, 3529887.114500000607222 ], [ 40521515.4003000035882, 3529884.0003 ], [ 40521509.9877, 3529884.655899999663234 ], [ 40521503.836499996483326, 3529887.2517 ], [ 40521499.511100001633167, 3529897.086700000334531 ], [ 40521494.7209, 3529906.361699999775738 ], [ 40521496.517099998891354, 3529917.730700000654906 ], [ 40521506.69650000333786, 3529924.612099999096245 ], [ 40521515.964500002563, 3529939.941499999724329 ], [ 40521520.1695, 3529955.129099998623133 ], [ 40521516.576700001955032, 3529968.293499999679625 ], [ 40521517.175499998033047, 3529979.064099999144673 ], [ 40521520.4687, 3529988.039899999741465 ], [ 40521526.756099998950958, 3529994.322700000368059 ], [ 40521534.540299996733665, 3529994.322700000368059 ], [ 40521542.0251, 3529987.1423 ], [ 40521550.408299997448921, 3529976.072299998253584 ], [ 40521571.496299996972084, 3529974.798899998888373 ], [ 40521580.031499996781349, 3529974.253499999176711 ], [ 40521587.050899997353554, 3529979.1233 ], [ 40521590.2183, 3529989.30089999968186 ], [ 40521594.858900003135204, 3530006.483699999283999 ], [ 40521603.485299997031689, 3530023.486900000832975 ], [ 40521614.6479, 3530029.924100000411272 ], [ 40521623.394900001585484, 3530029.924100000411272 ], [ 40521631.973700001835823, 3530027.402899998705834 ], [ 40521643.075499996542931, 3530022.696499998681247 ], [ 40521653.840899996459484, 3530019.166699999477714 ], [ 40521667.605099998414516, 3530016.6245 ], [ 40521668.798612095415592, 3530016.66501689190045 ], [ 40521669.986701965332031, 3530016.78563791513443 ], [ 40521671.164003364741802, 3530016.985817789565772 ], [ 40521672.325193397700787, 3530017.264651536475867 ], [ 40521673.465023033320904, 3530017.620878934394568 ], [ 40521674.57834243029356, 3530018.052889704238623 ], [ 40521675.660114280879498, 3530018.55873143626377 ], [ 40521676.705455772578716, 3530019.136117457877845 ], [ 40521677.709636680781841, 3530019.782438158523291 ], [ 40521678.668119423091412, 3530020.4947719569318 ], [ 40521679.57657241076231, 3530021.269899367820472 ], [ 40521680.430889122188091, 3530022.10431659175083 ], [ 40521681.227209083735943, 3530022.994252204429358 ], [ 40521681.961931221187115, 3530023.935683607589453 ], [ 40521682.631736747920513, 3530024.924355506431311 ], [ 40521683.233594886958599, 3530025.955799221526831 ], [ 40521683.764785766601562, 3530027.025352537631989 ], [ 40521684.22291324287653, 3530028.128180983010679 ], [ 40521684.605899997055531, 3530029.259299999568611 ], [ 40521679.864500001072884, 3530073.0143 ], [ 40521663.037299998104572, 3530110.815099999774247 ], [ 40521682.7223, 3530116.041299999225885 ], [ 40521700.470299996435642, 3530079.262299999129027 ] ] ] ] } },
{ "type": "Feature", "properties": { "OBJECTID": 19121, "DKBH": null, "YDDM": "E11", "DKMJ": 23470.2, "YDJRX": null, "RJL": null, "JZMD": null, "LDL": null, "JDCW": null, "DTSTZB": null, "CSSJZB": null, "REMARK": null, "PLANNAME": "《江阴市中心城区主城控制性详细规划》（青山未来社区）调整", "PLANDATE": "2024-02-20T00:00:00Z", "PLANUNIT": "江阴市城乡规划设计院", "PASSDATE": "2024-03-20T00:00:00Z", "STARTTIME": "2024-04-10T16:59:23Z", "FGUID": null, "CADNAME": "10E11自然水域", "DXKJKF": null, "YDXZ": "自然水域", "FTZMC": null, "JZGD": "/", "JC": null, "SHAPE_Length": 350.82714481745245, "SHAPE_Area": 3178.0879336718021 }, "geometry": { "type": "MultiPolygon", "coordinates": [ [ [ [ 40521814.37049999833107, 3530779.125099999364465 ], [ 40521660.577100001275539, 3530745.950500000268221 ], [ 40521659.121100001037121, 3530766.281699999701232 ], [ 40521805.661300003528595, 3530798.246299998834729 ], [ 40521813.749300003051758, 3530792.046699999365956 ], [ 40521814.37049999833107, 3530779.125099999364465 ] ] ] ] } },
{ "type": "Feature", "properties": { "OBJECTID": 19122, "DKBH": null, "YDDM": "E11", "DKMJ": 23470.2, "YDJRX": null, "RJL": null, "JZMD": null, "LDL": null, "JDCW": null, "DTSTZB": null, "CSSJZB": null, "REMARK": null, "PLANNAME": "《江阴市中心城区主城控制性详细规划》（青山未来社区）调整", "PLANDATE": "2024-02-20T00:00:00Z", "PLANUNIT": "江阴市城乡规划设计院", "PASSDATE": "2024-03-20T00:00:00Z", "STARTTIME": "2024-04-10T16:59:23Z", "FGUID": null, "CADNAME": "10E11自然水域", "DXKJKF": null, "YDXZ": "自然水域", "FTZMC": null, "JZGD": "/", "JC": null, "SHAPE_Length": 1141.6074768977185, "SHAPE_Area": 11039.602122320466 }, "geometry": { "type": "MultiPolygon", "coordinates": [ [ [ [ 40521458.406099997460842, 3530364.582300000358373 ], [ 40521438.685500003397465, 3530358.997699999716133 ], [ 40521429.021300002932549, 3530532.939299999736249 ], [ 40521420.012500002980232, 3530695.085699999239296 ], [ 40521429.043700002133846, 3530707.918499998748302 ], [ 40521468.256899997591972, 3530719.570099999196827 ], [ 40521506.1347, 3530730.168500000145286 ], [ 40521544.1769, 3530740.160299998242408 ], [ 40521582.325099997222424, 3530749.530299999285489 ], [ 40521639.378300003707409, 3530761.97529999865219 ], [ 40521640.830899998545647, 3530741.691100000403821 ], [ 40521610.5273, 3530735.15449999878183 ], [ 40521586.842299997806549, 3530730.045299999881536 ], [ 40521549.102899998426437, 3530720.775699999649078 ], [ 40521511.3699000030756, 3530710.865300000179559 ], [ 40521473.80009999871254, 3530700.352900000289083 ], [ 40521445.096699997782707, 3530691.824300000444055 ], [ 40521440.58110000193119, 3530685.4079 ], [ 40521448.990500003099442, 3530534.048700000159442 ], [ 40521458.406099997460842, 3530364.582300000358373 ] ] ] ] } },
{ "type": "Feature", "properties": { "OBJECTID": 19123, "DKBH": null, "YDDM": "E11", "DKMJ": 23470.2, "YDJRX": null, "RJL": null, "JZMD": null, "LDL": null, "JDCW": null, "DTSTZB": null, "CSSJZB": null, "REMARK": null, "PLANNAME": "《江阴市中心城区主城控制性详细规划》（青山未来社区）调整", "PLANDATE": "2024-02-20T00:00:00Z", "PLANUNIT": "江阴市城乡规划设计院", "PASSDATE": "2024-03-20T00:00:00Z", "STARTTIME": "2024-04-10T16:59:23Z", "FGUID": null, "CADNAME": "10E11自然水域", "DXKJKF": null, "YDXZ": "自然水域", "FTZMC": null, "JZGD": "/", "JC": null, "SHAPE_Length": 846.01274078019014, "SHAPE_Area": 8055.073639464008 }, "geometry": { "type": "MultiPolygon", "coordinates": [ [ [ [ 40521499.801299996674061, 3530133.796699999365956 ], [ 40521636.144299998879433, 3530168.135099999140948 ], [ 40521637.810416221618652, 3530168.447405335027725 ], [ 40521639.492301933467388, 3530168.658915817271918 ], [ 40521641.183864586055279, 3530168.768865346442908 ], [ 40521642.878978721797466, 3530168.776855587493628 ], [ 40521644.571502678096294, 3530168.682857751380652 ], [ 40521646.255308143794537, 3530168.487212180625647 ], [ 40521647.924293510615826, 3530168.190627395641059 ], [ 40521649.572413444519043, 3530167.794178124982864 ], [ 40521651.1937, 3530167.299299999140203 ], [ 40521652.880691349506378, 3530166.735164994373918 ], [ 40521654.524774543941021, 3530166.056069314014167 ], [ 40521656.118129722774029, 3530165.265244364272803 ], [ 40521657.653173439204693, 3530164.366453408729285 ], [ 40521659.122600547969341, 3530163.363973378669471 ], [ 40521660.519418708980083, 3530162.262574553024024 ], [ 40521661.836982719600201, 3530161.067497968208045 ], [ 40521663.069023124873638, 3530159.784430503379554 ], [ 40521664.209674827754498, 3530158.419477700721473 ], [ 40521665.253511421382427, 3530156.979134678374976 ], [ 40521666.195564262568951, 3530155.470255314838141 ], [ 40521667.03135472536087, 3530153.900019759312272 ], [ 40521667.756899997591972, 3530152.275900000706315 ], [ 40521669.509900003671646, 3530147.978099999483675 ], [ 40521650.008299998939037, 3530142.835699999704957 ], [ 40521649.1831, 3530144.637699999380857 ], [ 40521648.871290877461433, 3530145.109137539286166 ], [ 40521648.529502868652344, 3530145.559314668178558 ], [ 40521648.159183494746685, 3530145.986328005325049 ], [ 40521647.761894218623638, 3530146.388371943961829 ], [ 40521647.339317314326763, 3530146.763746857177466 ], [ 40521646.893238060176373, 3530147.110865473281592 ], [ 40521646.425542823970318, 3530147.428260445129126 ], [ 40521645.938211433589458, 3530147.714589714538306 ], [ 40521645.433300010859966, 3530147.968642711173743 ], [ 40521644.912944786250591, 3530148.189345240127295 ], [ 40521644.379348747432232, 3530148.375764250289649 ], [ 40521643.83476447314024, 3530148.527111649047583 ], [ 40521643.281496040523052, 3530148.642747401725501 ], [ 40521642.721881859004498, 3530148.722182631026953 ], [ 40521642.158285140991211, 3530148.765081465244293 ], [ 40521641.593096449971199, 3530148.771262649912387 ], [ 40521641.0287000015378, 3530148.7407 ], [ 40521502.146700002253056, 3530113.762900000903755 ], [ 40521499.821236282587051, 3530113.596562383696437 ], [ 40521497.489831916987896, 3530113.595287024509162 ], [ 40521495.164186470210552, 3530113.75908052874729 ], [ 40521492.855974189937115, 3530114.08712065173313 ], [ 40521490.576780311763287, 3530114.577760815154761 ], [ 40521488.338045112788677, 3530115.228538751136512 ], [ 40521486.151002876460552, 3530116.036188005935401 ], [ 40521484.026630394160748, 3530116.996654867660254 ], [ 40521481.975591652095318, 3530118.105118870269507 ], [ 40521480.008180610835552, 3530119.356016397010535 ], [ 40521478.134271614253521, 3530120.743069171439856 ], [ 40521476.36326789110899, 3530122.259315609466285 ], [ 40521474.70406150072813, 3530123.897145509254187 ], [ 40521473.164979927241802, 3530125.648338317405432 ], [ 40521471.753746025264263, 3530127.50410497142002 ], [ 40521470.477441780269146, 3530129.455131172668189 ], [ 40521469.342475883662701, 3530131.49162447405979 ], [ 40521468.354545585811138, 3530133.603363751899451 ], [ 40521467.518604271113873, 3530135.779749929439276 ], [ 40521466.838852554559708, 3530138.0098597984761 ], [ 40521466.3187, 3530140.282499999273568 ], [ 40521459.127099998295307, 3530215.41230000089854 ], [ 40521447.3909, 3530283.532699999865144 ], [ 40521441.5145, 3530339.012299999594688 ], [ 40521458.208099998533726, 3530343.739699999801815 ], [ 40521462.9705, 3530315.218699998687953 ], [ 40521477.204499997198582, 3530229.977099999319762 ], [ 40521485.125699996948242, 3530158.879499999340624 ], [ 40521485.9746999964118, 3530143.976099999621511 ], [ 40521486.17231846600771, 3530143.098577364347875 ], [ 40521486.432092659175396, 3530142.237405836116523 ], [ 40521486.752696983516216, 3530141.396982192527503 ], [ 40521487.13249396532774, 3530140.581596850883216 ], [ 40521487.569543831050396, 3530139.795412659179419 ], [ 40521488.06161879748106, 3530139.042443394195288 ], [ 40521488.606201164424419, 3530138.326533436309546 ], [ 40521489.200515739619732, 3530137.651337384711951 ], [ 40521489.84152602404356, 3530137.020302652847022 ], [ 40521490.525959007441998, 3530136.436650752555579 ], [ 40521491.250322334468365, 3530135.903361439239234 ], [ 40521492.010915748775005, 3530135.423157333862036 ], [ 40521492.803857795894146, 3530134.998489975463599 ], [ 40521493.625099174678326, 3530134.63152766181156 ], [ 40521494.470447532832623, 3530134.324143647681922 ], [ 40521495.335588447749615, 3530134.077907323371619 ], [ 40521496.216100685298443, 3530133.894075750838965 ], [ 40521497.107494346797466, 3530133.773587584029883 ], [ 40521498.005216591060162, 3530133.717057764064521 ], [ 40521498.904681213200092, 3530133.724775060079992 ], [ 40521499.801299996674061, 3530133.796699999365956 ] ] ] ] } },
{ "type": "Feature", "properties": { "OBJECTID": 19124, "DKBH": null, "YDDM": "E11", "DKMJ": 0.0, "YDJRX": null, "RJL": null, "JZMD": null, "LDL": null, "JDCW": null, "DTSTZB": null, "CSSJZB": null, "REMARK": null, "PLANNAME": "《江阴市中心城区主城控制性详细规划》（青山未来社区）调整", "PLANDATE": "2024-02-20T00:00:00Z", "PLANUNIT": "江阴市城乡规划设计院", "PASSDATE": "2024-03-20T00:00:00Z", "STARTTIME": "2024-04-10T16:59:23Z", "FGUID": null, "CADNAME": "10E11自然水域", "DXKJKF": null, "YDXZ": "自然水域", "FTZMC": null, "JZGD": "/", "JC": null, "SHAPE_Length": 431.62362461540056, "SHAPE_Area": 3010.1422791575978 }, "geometry": { "type": "MultiPolygon", "coordinates": [ [ [ [ 40522054.332900002598763, 3528965.91249999916181 ], [ 40522039.207900002598763, 3528965.425500000361353 ], [ 40522034.283100001513958, 3528995.046299999114126 ], [ 40522027.762500002980232, 3529034.264899999368936 ], [ 40522022.173299998044968, 3529058.582899998873472 ], [ 40522011.4001, 3529127.853099999018013 ], [ 40522005.3345, 3529163.158299999311566 ], [ 40522020.465899996459484, 3529163.673899999354035 ], [ 40522026.203699998557568, 3529130.275900000240654 ], [ 40522036.912699997425079, 3529061.4189 ], [ 40522042.4841, 3529037.17769999941811 ], [ 40522049.403300002217293, 3528995.561499999836087 ], [ 40522054.332900002598763, 3528965.91249999916181 ] ] ] ] } },
{ "type": "Feature", "properties": { "OBJECTID": 19125, "DKBH": null, "YDDM": "E11", "DKMJ": 0.0, "YDJRX": null, "RJL": null, "JZMD": null, "LDL": null, "JDCW": null, "DTSTZB": null, "CSSJZB": null, "REMARK": null, "PLANNAME": "《江阴市中心城区主城控制性详细规划》（青山未来社区）调整", "PLANDATE": "2024-02-20T00:00:00Z", "PLANUNIT": "江阴市城乡规划设计院", "PASSDATE": "2024-03-20T00:00:00Z", "STARTTIME": "2024-04-10T16:59:23Z", "FGUID": null, "CADNAME": "10E11自然水域", "DXKJKF": null, "YDXZ": "自然水域", "FTZMC": null, "JZGD": "/", "JC": null, "SHAPE_Length": 344.3434129275426, "SHAPE_Area": 2354.8695813875652 }, "geometry": { "type": "MultiPolygon", "coordinates": [ [ [ [ 40522017.714100003242493, 3529179.589300000108778 ], [ 40522002.571099996566772, 3529179.0735 ], [ 40521990.298299998044968, 3529248.194299999158829 ], [ 40521984.73309999704361, 3529279.295300000812858 ], [ 40521976.182499997317791, 3529318.618300000205636 ], [ 40521973.3433, 3529333.376899998169392 ], [ 40521988.5467, 3529333.748899999074638 ], [ 40521990.878300003707409, 3529321.629099999554455 ], [ 40521999.449500001966953, 3529282.210899999365211 ], [ 40522005.065499998629093, 3529250.826699999161065 ], [ 40522017.714100003242493, 3529179.589300000108778 ] ] ] ] } },
{ "type": "Feature", "properties": { "OBJECTID": 19126, "DKBH": null, "YDDM": "E11", "DKMJ": 0.0, "YDJRX": null, "RJL": null, "JZMD": null, "LDL": null, "JDCW": null, "DTSTZB": null, "CSSJZB": null, "REMARK": null, "PLANNAME": "《江阴市中心城区主城控制性详细规划》（青山未来社区）调整", "PLANDATE": "2024-02-20T00:00:00Z", "PLANUNIT": "江阴市城乡规划设计院", "PASSDATE": "2024-03-20T00:00:00Z", "STARTTIME": "2024-04-10T16:59:23Z", "FGUID": null, "CADNAME": "10E11自然水域", "DXKJKF": null, "YDXZ": "自然水域", "FTZMC": null, "JZGD": "/", "JC": null, "SHAPE_Length": 369.29329068418986, "SHAPE_Area": 2538.0075104166272 }, "geometry": { "type": "MultiPolygon", "coordinates": [ [ [ [ 40521980.198700003325939, 3529373.556899999734014 ], [ 40521964.677299998700619, 3529373.177299999631941 ], [ 40521957.901699997484684, 3529396.257299999706447 ], [ 40521938.645099997520447, 3529456.320699999108911 ], [ 40521922.962899997830391, 3529537.260299999732524 ], [ 40521938.324500001966953, 3529536.833699999842793 ], [ 40521953.201499998569489, 3529460.050299999769777 ], [ 40521972.242299996316433, 3529400.660299998708069 ], [ 40521980.198700003325939, 3529373.556899999734014 ] ] ] ] } },
{ "type": "Feature", "properties": { "OBJECTID": 19127, "DKBH": null, "YDDM": "E11", "DKMJ": 23470.2, "YDJRX": null, "RJL": null, "JZMD": null, "LDL": null, "JDCW": null, "DTSTZB": null, "CSSJZB": null, "REMARK": null, "PLANNAME": "《江阴市中心城区主城控制性详细规划》（青山未来社区）调整", "PLANDATE": "2024-02-20T00:00:00Z", "PLANUNIT": "江阴市城乡规划设计院", "PASSDATE": "2024-03-20T00:00:00Z", "STARTTIME": "2024-04-10T16:59:23Z", "FGUID": null, "CADNAME": "10E11自然水域", "DXKJKF": null, "YDXZ": "自然水域", "FTZMC": null, "JZGD": "/", "JC": null, "SHAPE_Length": 937.53997382243824, "SHAPE_Area": 13061.714914241022 }, "geometry": { "type": "MultiPolygon", "coordinates": [ [ [ [ 40521890.0519, 3529568.542099999729544 ], [ 40522014.37610000371933, 3529564.804299999494106 ], [ 40522030.5533, 3529565.0885 ], [ 40522031.726899996399879, 3529565.087899999227375 ], [ 40522062.910099998116493, 3529564.779099999461323 ], [ 40522079.078900001943111, 3529564.185699999798089 ], [ 40522095.234300002455711, 3529563.300099999643862 ], [ 40522201.673100002110004, 3529553.772899999748915 ], [ 40522297.55009999871254, 3529542.911500001326203 ], [ 40522303.328500002622604, 3529542.374900000169873 ], [ 40522312.01349999755621, 3529541.791299999225885 ], [ 40522320.712300002574921, 3529541.473299998790026 ], [ 40522326.523900002241135, 3529541.408699999563396 ], [ 40522328.240099996328354, 3529513.349899999797344 ], [ 40522314.197499997913837, 3529513.500099998898804 ], [ 40522293.407899998128414, 3529514.240299999713898 ], [ 40522272.649499997496605, 3529515.598299999255687 ], [ 40522251.940700002014637, 3529517.572499999310821 ], [ 40522231.299500003457069, 3529520.161500000394881 ], [ 40522210.744499996304512, 3529523.3627 ], [ 40522189.787699997425079, 3529526.366899999789894 ], [ 40522168.752499997615814, 3529528.7621 ], [ 40522147.6567, 3529530.546500000171363 ], [ 40522126.5181, 3529531.718299999833107 ], [ 40522105.3543, 3529532.276899998541921 ], [ 40521939.384900003671646, 3529536.804299999494106 ], [ 40521922.9643, 3529537.260299999732524 ], [ 40521887.939499996602535, 3529538.253499998245388 ], [ 40521890.0519, 3529568.542099999729544 ] ] ] ] } },
{ "type": "Feature", "properties": { "OBJECTID": 19128, "DKBH": null, "YDDM": "E11", "DKMJ": 23470.2, "YDJRX": null, "RJL": null, "JZMD": null, "LDL": null, "JDCW": null, "DTSTZB": null, "CSSJZB": null, "REMARK": null, "PLANNAME": "《江阴市中心城区主城控制性详细规划》（青山未来社区）调整", "PLANDATE": "2024-02-20T00:00:00Z", "PLANUNIT": "江阴市城乡规划设计院", "PASSDATE": "2024-03-20T00:00:00Z", "STARTTIME": "2024-04-10T16:59:23Z", "FGUID": null, "CADNAME": "10E11自然水域", "DXKJKF": null, "YDXZ": "自然水域", "FTZMC": null, "JZGD": "/", "JC": null, "SHAPE_Length": 899.25836087851576, "SHAPE_Area": 13130.824823769666 }, "geometry": { "type": "MultiPolygon", "coordinates": [ [ [ [ 40521866.0357, 3529569.145499998703599 ], [ 40521863.926299996674061, 3529538.900500000454485 ], [ 40521856.061300002038479, 3529539.116499999072403 ], [ 40521825.986900001764297, 3529539.94209999917075 ], [ 40521622.5163, 3529545.528900000266731 ], [ 40521447.26969999819994, 3529555.089299999643117 ], [ 40521445.5453, 3529586.128499999642372 ], [ 40521606.036300003528595, 3529579.012499999720603 ], [ 40521627.9023, 3529578.043100000359118 ], [ 40521632.361699998378754, 3529577.845300000160933 ], [ 40521772.480499997735023, 3529571.632500000763685 ], [ 40521866.0357, 3529569.145499998703599 ] ] ] ] } }
]
}
